:020000040800F2
:100000000000022011390008E52C0008ED2C000842
:10001000F52C0008FD2C0008052D0008000000004C
:100020000000000000000000000000000D2D00088E
:100030001B2D000800000000292D0008372D0008A6
:100040006139000861390008613900086139000828
:100050006139000861390008613900086139000818
:100060006139000861390008613900086139000808
:1000700061390008613900086139000861390008F8
:10008000452D000861390008613900086139000810
:1000900061390008613900086139000861390008D8
:1000A00061390008613900086139000861390008C8
:1000B00061390008613900086139000861390008B8
:1000C00061390008613900086139000861390008A8
:1000D0006139000861390008592D000861390008AC
:1000E0006139000861390008613900086139000888
:1000F0006139000861390008613900086139000878
:100100006139000861390008613900086139000867
:100110006139000861390008613900086139000857
:100120006139000861390008613900086139000847
:100130006139000861390008613900086139000837
:100140006139000861390008613900086139000827
:100150006139000861390008613900086139000817
:100160006139000861390008613900086139000807
:100170006139000861390008613900080000000099
:08018000613900086139000833
:10019000034613F8012B002AFBD1181A01387047C7
:1001A00001F0FF01102A2BDB10F0070F08D010F828
:1001B000013B013A8B422DD010F0070F42B3F6D12C
:1001C000F0B441EA012141EA014122F007047FF045
:1001D00000070023F0E80256083C85EA010586EA9C
:1001E000010685FA47F5A3FA87F586FA47F6A5FAD8
:1001F00087F68EB9EED1F0BC01F0FF0102F00702E4
:1002000032B110F8013B013A83EA010313B1F8D18E
:100210000020704701387047002D06BF354603386F
:10022000073815F0010F07D1013015F4807F02BFA8
:10023000013015F4C03F0130F0BC0138704700BFF9
:1002400081F0004102E000BF83F0004330B54FEA87
:1002500041044FEA430594EA050F08BF90EA020FF4
:100260001FBF54EA000C55EA020C7FEA645C7FEA87
:10027000655C00F0E2804FEA5454D4EB5555B8BFAA
:100280006D420CDD2C4480EA020281EA030382EA1B
:10029000000083EA010180EA020281EA0303362DAD
:1002A00088BF30BD11F0004F4FEA01314FF4801C80
:1002B0004CEA113102D0404261EB410113F0004F92
:1002C0004FEA03334CEA133302D0524263EB430349
:1002D00094EA050F00F0A780A4F10104D5F1200EE7
:1002E0000DDB02FA0EFC22FA05F2801841F1000142
:1002F00003FA0EF2801843FA05F359410EE0A5F116
:1003000020050EF1200E012A03FA0EFC28BF4CF046
:10031000020C43FA05F3C01851EBE37101F00045FC
:1003200007D54FF0000EDCF1000C7EEB00006EEB09
:100330000101B1F5801F1BD3B1F5001F0CD3490893
:100340005FEA30004FEA3C0C04F101044FEA4452EA
:1003500012F5800F80F09A80BCF1004F08BF5FEA71
:10036000500C50F1000041EB045141EA050130BD51
:100370005FEA4C0C404141EB0101013C28BFB1F563
:10038000801FE9D291F0000F04BF01460020B1FAAE
:1003900081F308BF2033A3F10B03B3F120020CDA81
:1003A0000C3208DD02F1140CC2F10C0201FA0CF05F
:1003B00021FA02F10CE002F11402D8BFC2F1200CC4
:1003C00001FA02F120FA0CFCDCBF41EA0C0190407A
:1003D000E41AA2BF01EB0451294330BD6FEA0404C3
:1003E0001F3C1CDA0C340EDC04F11404C4F12002AE
:1003F00020FA04F001FA02F340EA030021FA04F3C0
:1004000045EA030130BDC4F10C04C4F1200220FA16
:1004100002F001FA04F340EA0300294630BD21FA54
:1004200004F0294630BD94F0000F83F4801306BF1A
:1004300081F480110134013D4EE77FEA645C18BF0E
:100440007FEA655C29D094EA050F08BF90EA020FA5
:1004500005D054EA000C04BF1946104630BD91EA9D
:10046000030F1EBF0021002030BD5FEA545C05D1A0
:100470004000494128BF41F0004130BD14F58004DF
:100480003CBF01F5801130BD01F0004545F0FE4153
:1004900041F470014FF0000030BD7FEA645C1ABF88
:1004A000194610467FEA655C1CBF0B46024650EABF
:1004B000013406BF52EA033591EA030F41F40021EB
:1004C00030BD00BF90F0000F04BF0021704730B571
:1004D0004FF4806404F132044FF000054FF0000146
:1004E00050E700BF90F0000F04BF0021704730B507
:1004F0004FF4806404F1320410F0004548BF4042DC
:100500004FF000013EE700BF42004FEAE2014FEA30
:1005100031014FEA02701FBF12F07F4393F07F4F0B
:1005200081F06051704732F07F4208BF704793F00E
:100530007F4F04BF41F40021704730B54FF4607421
:1005400001F0004521F000411CE700BF50EA010224
:1005500008BF704730B54FF000050AE050EA0102CD
:1005600008BF704730B511F0004502D5404261EB3D
:1005700041014FF4806404F132045FEA915C3FF47E
:10058000D8AE4FF003025FEADC0C18BF03325FEA1B
:10059000DC0C18BF033202EBDC02C2F1200300FACC
:1005A00003FC20FA02F001FA03FE40EA0E0021FAF1
:1005B00002F11444BDE600BF70B54FF0FF0C4CF4DF
:1005C000E06C1CEA11541DBF1CEA135594EA0C0F91
:1005D00095EA0C0F00F0DEF82C4481EA030621EACC
:1005E0004C5123EA4C5350EA013518BF52EA033507
:1005F00041F4801143F4801338D0A0FB02CE4FF0B9
:100600000005E1FB02E506F00042E0FB03E54FF0E8
:100610000006E1FB03569CF0000F18BF4EF0010EE0
:10062000A4F1FF04B6F5007F64F5407404D25FEADC
:100630004E0E6D4146EB060642EAC62141EA55518F
:100640004FEAC52040EA5E504FEACE2EB4F1FD0CD1
:1006500088BFBCF5E06F1ED8BEF1004F08BF5FEA4F
:10066000500E50F1000041EB045170BD06F0004601
:1006700046EA010140EA020081EA0301B4EB5C04AE
:10068000C2BFD4EB0C0541EA045170BD41F48011A6
:100690004FF0000E013C00F3AB8014F1360FDEBFCB
:1006A000002001F0004170BDC4F10004203C35DAA7
:1006B0000C341BDC04F11404C4F1200500FA05F32A
:1006C00020FA04F001FA05F240EA020001F00042CB
:1006D00021F0004110EBD37021FA04F642EB060141
:1006E0005EEA430E08BF20EAD37070BDC4F10C046B
:1006F000C4F1200500FA04F320FA05F001FA04F22F
:1007000040EA020001F0004110EBD37041F100011A
:100710005EEA430E08BF20EAD37070BDC4F1200525
:1007200000FA05F24EEA020E20FA04F301FA05F28D
:1007300043EA020321FA04F001F0004121FA04F235
:1007400020EA020000EBD3705EEA430E08BF20EA05
:10075000D37070BD94F0000F0FD101F0004640003F
:1007600041EB010111F4801F08BF013CF7D041EAC1
:10077000060195F0000F18BF704703F000465200C5
:1007800043EB030313F4801F08BF013DF7D043EA96
:100790000603704794EA0C0F0CEA135518BF95EA4C
:1007A0000C0F0CD050EA410618BF52EA4306D1D1D3
:1007B00081EA030101F000414FF0000070BD50EAF2
:1007C000410606BF1046194652EA430619D094EA7C
:1007D0000C0F02D150EA013613D195EA0C0F05D166
:1007E00052EA03361CBF104619460AD181EA0301BA
:1007F00001F0004141F0FE4141F470014FF0000072
:1008000070BD41F0FE4141F4780170BD70B54FF00C
:10081000FF0C4CF4E06C1CEA11541DBF1CEA13558C
:1008200094EA0C0F95EA0C0F00F0A7F8A4EB05046E
:1008300081EA030E52EA03354FEA013100F0888065
:100840004FEA03334FF0805545EA131343EA12632E
:100850004FEA022245EA111545EA10654FEA0026E3
:100860000EF000419D4208BF964244F1FD0404F59C
:10087000407402D25B084FEA3202B61A65EB0305F8
:100880005B084FEA32024FF480104FF4002CB6EBB5
:10089000020E75EB030E22BFB61A754640EA0C0035
:1008A0005B084FEA3202B6EB020E75EB030E22BF75
:1008B000B61A754640EA5C005B084FEA3202B6EBB6
:1008C000020E75EB030E22BFB61A754640EA9C0075
:1008D0005B084FEA3202B6EB020E75EB030E22BF45
:1008E000B61A754640EADC0055EA060E18D04FEA03
:1008F000051545EA16754FEA06164FEAC30343EAA3
:1009000052734FEAC2025FEA1C1CC0D111F4801F6F
:100910000BD141EA00014FF000004FF0004CB6E768
:1009200011F4801F04BF01430020B4F1FD0C88BF07
:10093000BCF5E06F3FF6AFAEB5EB030C04BFB6EB12
:10094000020C5FEA500C50F1000041EB045170BD05
:100950000EF0004E4EEA113114EB5C04C2BFD4EB32
:100960000C0541EA045170BD41F480114FF0000EB6
:10097000013C90E645EA060E8DE60CEA135594EA32
:100980000C0F08BF95EA0C0F3FF43BAF94EA0C0F35
:100990000AD150EA01347FF434AF95EA0C0F7FF4AA
:1009A00025AF104619462CE795EA0C0F06D152EAFE
:1009B00003353FF4FDAE1046194622E750EA4106E2
:1009C00018BF52EA43067FF4C5AE50EA41047FF4F3
:1009D0000DAF52EA43057FF4EBAE12E74FF0FF3C58
:1009E00006E000BF4FF0010C02E000BF4FF0010C29
:1009F0004DF804CD4FEA410C7FEA6C5C4FEA430CA2
:100A000018BF7FEA6C5C1BD001B050EA410C0CBFF0
:100A100052EA430C91EA030F02BF90EA020F002052
:100A2000704710F1000F91EA030F58BF994208BFB9
:100A300090422CBFD8176FEAE37040F00100704776
:100A40004FEA410C7FEA6C5C02D150EA013C07D1CD
:100A50004FEA430C7FEA6C5CD6D152EA033CD3D018
:100A60005DF8040B704700BF8446104662468C4612
:100A70001946634600E000BF01B5FFF7B7FF002845
:100A800048BF10F1000F01BD4DF808EDFFF7F4FF6E
:100A90000CBF012000205DF808FB00BF4DF808EDF9
:100AA000FFF7EAFF34BF012000205DF808FB00BF1C
:100AB0004DF808EDFFF7E0FF94BF012000205DF83E
:100AC00008FB00BF4DF808EDFFF7CEFF94BF0120F3
:100AD00000205DF808FB00BF4DF808EDFFF7C4FFEC
:100AE00034BF012000205DF808FB00BF4FEA410C35
:100AF0007FEA6C5C02D150EA013C0AD14FEA430C18
:100B00007FEA6C5C02D152EA033C02D14FF0000054
:100B100070474FF0010070474A0011D212F50012E1
:100B200011D20DD56FF47873B3EB62520ED44FEA45
:100B3000C12343F0004343EA505323FA02F07047C5
:100B40004FF00000704750EA013002D14FF0FF3003
:100B500070474FF0000070474FEA4102B2F1E043A6
:100B600024BFB3F5001CDCF1FE5C0DD901F0004C94
:100B70004FEAC0024CEA5070B2F1004F40EB8300E4
:100B800008BF20F00100704711F0804F21D113F110
:100B90003872BCBF01F00040704741F480114FEA49
:100BA0005252C2F11802C2F1200C10FA0CF320FAD2
:100BB00002F018BF40F001004FEAC1234FEAD323EF
:100BC00003FA0CFC40EA0C0023FA02F34FEA430359
:100BD000CCE77FEA625307D150EA01331EBF4FF0E2
:100BE000FE4040F44000704701F0004040F0FE40FD
:100BF00040F40000704700BF53B94AB9002908BF4C
:100C000000281CBF4FF0FF314FF0FF3000F00CB850
:100C1000ADF1080C6DE904CE09F05CFEDDF804E0EE
:100C2000DDE9022304B07047704700BF0348044B5E
:100C3000834202D0034B03B118477047D80100200C
:100C4000D8010020000000000548064B1B1AD90FF0
:100C500001EBA301491002D0034B03B118477047C1
:100C6000D8010020D80100200000000010B5064C7B
:100C7000237843B9FFF7DAFF044B13B10448AFF30D
:100C800000800123237010BDD80100200000000067
:100C9000CCAB000808B5054B1BB105490548AFF3BF
:100CA0000080BDE80840FFF7CFBF00BF0000000094
:100CB000DC010020CCAB000880B582B000AF4FF45F
:100CC00080720F490F4805F0F3FB0346FB71FB7977
:100CD000002B0DD10B4BDB6B1B681A68094BDB6BD0
:100CE0001B6822F008021A60074B01221A7002E00A
:100CF000054B00221A70FB7918460837BD4680BDA7
:100D0000440300209C020020B415002080B584B06C
:100D100000AF78607B68002B01D1012359E02F4B95
:100D20001B78002B10D12E4801F064FC0346002BE9
:100D300004D02C4B00221A7001234AE0274B0122D9
:100D40001A70284B00221A700023FB733AE0FB7BD9
:100D5000184602F049FB034683F00103DBB2002B87
:100D60002AD1204B1B78002B09D0FB7B1E4A32F87E
:100D70001320F97B7B6833F811309A421ED0FA7B3E
:100D80007B6833F81230F97B0022154801F0ACFC87
:100D90000346002B07D0114B00221A70114B002282
:100DA0001A70012315E0F97BFB7B7A6832F8111089
:100DB0000D4A22F8131002E000BF00E000BFFB7BE9
:100DC0000133FB73FB7B032BC1D9064B01221A7045
:100DD000002318461037BD4680BD00BFB015002067
:100DE000F4010020B8150020BC15002080B485B0A7
:100DF00000AF87ED010AD7ED017ABBEE0E7AF4EE73
:100E0000C77AF1EE10FA02D51C4B7B600AE0D7EDF1
:100E1000017AB3EE0E7AF4EEC77AF1EE10FA01DD44
:100E2000174B7B60D7ED017AB2EE047A67EE877AD2
:100E3000C7ED037AD7ED037AF5EEC07AF1EE10FA3A
:100E40000BDBD7ED037AB6EE007A77EE877AFDEE0C
:100E5000E77A17EE903A1BB20AE0D7ED037AB6EEC6
:100E6000007A77EEC77AFDEEE77A17EE903A1BB27A
:100E700018461437BD465DF8047B70470000F0C18A
:100E80000000F04190B589B002AFF860B960134638
:100E9000FB80B7F90630002B03DAFB885B429BB27C
:100EA00000E0FB88FB82B7F90630002B01DA10481E
:100EB00000E01048FB8A104AA2FB0323DB089BB228
:100EC0001C46FA8A0C4BA3FB0213D9080B469B0065
:100ED0000B445B00D31A9BB2019300940346074A6C
:100EE000B968F86807F09CFB00BF1C37BD4690BD91
:100EF000E8AB0008ECAB0008CDCCCCCCF0AB0008E4
:100F0000F0B5A7B012AFF8610B46FB76FB69002B7A
:100F100000F0AE80594B1B78DBB2002B40F0A8806C
:100F2000574BD3ED007AB0EE670AFFF75FFF034639
:100F30001A4607F1400309211846FFF7A3FF514B5A
:100F40001B78002B09D0504BB3F9002007F1340374
:100F500009211846FFF796FF06E007F134034B4AD4
:100F60000921184607F05CFB454BD3ED017A07F1E8
:100F70002C03B0EE670A0821184600F0BDFA404B7A
:100F8000D3ED027A07F12403B0EE670A0821184670
:100F900000F0B2FA02F04CFD0146FB7E002B01D1BD
:100FA000012300E000233A4A12781046354A1278AD
:100FB0001446384AB2F90E201546364AB2F90A20CC
:100FC0001646344AB2F90C207A61324AB2F90E2040
:100FD0003A61314A1278FA602E4A1288BA602D4A74
:100FE00052887A602B4A928811927A681092BA6875
:100FF0000F92FA680E923A690D927A690C920B96EA
:1010000007F124020A9207F12C02099207F140022B
:101010000892079507F13402069207F1340205920F
:1010200007F140020492039402900193FB6900933C
:101030000B461A4A4FF40071194807F0F1FAF864A8
:10104000FB6C002B16DDFB6CB3F5007F12D20B4B53
:1010500001221A70FB6C9BB21A461149114805F027
:10106000F1F90346002B06D0044B00221A7002E06F
:1010700000BF00E000BF5437BD46F0BDE9150020B9
:1010800070150020BA150020C8150020F8AB000824
:10109000B715002090150020A415002000AC000812
:1010A000EC1500209C02002080B584B000AFF860F1
:1010B0000B467A60FB72094B1B687A68D31A632B64
:1010C00008D9064A7B681360FB7A1946F868FFF76F
:1010D00017FF00E000BF1037BD4680BDD0150020CF
:1010E000B0B584B000AF78600D4A0E4B14461D4673
:1010F0000FCD0FC42B6823800A4BB3F90E307A68EA
:101100001946094802F09CF80346FB81B7F90E30F6
:101110001946034801F066FF00BF1037BD46B0BD59
:10112000901500207C150020A415002080B5C6B0C5
:1011300000AF002387F81731002387F8163102F03B
:1011400077FCC7F8100133E03A4607F10C0311466B
:10115000184602F0B5FB034683F00103DBB2002B17
:101160000BD0384B1B680133364A1360364B0022D4
:101170001A70012387F816311AE0344B1B680133CB
:10118000324A1360304B01221A70314B07221A7019
:1011900002F04EFCC7F810012E4907F58C73A3F539
:1011A0008C720B4607CA83E80700012387F81731C2
:1011B00007F10C034FF480721946274802F038FA01
:1011C0000346002BC0D197F81731002B28D002F02E
:1011D0002FFCC7F8100121491E4801F031FFD7F854
:1011E0001001FFF77DFF1E48FFF790FD034687F8CB
:1011F0000F311C4A97F80F3113701B4AD7F8103182
:1012000013601A4B01221A70194B00221A7097F8BA
:101210000F31D7F8102119461648FFF745FF0BE0AC
:1012200097F81631002B07D002F002FC03461A464D
:1012300001211148FFF738FF00BF07F58C77BD4645
:1012400080BD00BFD8150020B5150020D4150020A2
:10125000B715002070150020440400207C150020E4
:101260009015002000000020CC150020B1150020B2
:10127000B215002098AD0008A0AD000880B582B07E
:1012800000AF144B9B88FB80134B1B787B7102F0E3
:10129000CFFB03461846FFF723FF0E4B9B88FA88C7
:1012A0009A4204D10C4B1B787A799A420DD00948A6
:1012B000FFF72CFD03463B71084A3B7913703B79DD
:1012C00019460748FFF71CFE00E000BF0837BD467F
:1012D00080BD00BF90150020A41500200000002054
:1012E000B0AD0008B0B582B000AF1D4B1B78002B2D
:1012F00031D01C4B1B78002B2DD102F099FB0246FC
:10130000194B1B681946104602F085F8034683F016
:101310000103DBB2002B1ED1144801F029FE144852
:1013200001F082FF134A114B14461D460FCD0FC426
:101330002B6823800F48FFF7E9FC0346FB710E4A38
:10134000FB791370074B01221A70FB7919460B4881
:10135000FFF7D6FD00E000BF0837BD46B0BD00BFB7
:10136000B1150020B2150020CC1500207C150020FE
:10137000A41500209015002000000020BCAD00083E
:1013800080B500AF0A4B1B78DBB2002B0ED0084BA8
:1013900000221A70074805F0E4F8FFF78DFC0346B9
:1013A000002B04D0024B01221A7000E000BF80BD68
:1013B000E81500209C02002080B485B000AF786062
:1013C0002E4B1B78002B12D12D4B1B687A68D31A39
:1013D000132B4AD92A4A7B6813602A4B9B68294AF7
:1013E00043F080439360254B01221A7040E0254B67
:1013F0001B6803F00203002B39D0224BDB6C9AB23E
:10140000214B1A801D4B00221A701F4B1B881A4655
:1014100040F6E44302FB03F303F2FF721B4BA3FB12
:101420000213D21A52081344DB0ABB60BB689AB29B
:10143000174B1A80164B1B88A3F25E63FB60FB6898
:1014400013F5967F02DA134BFB6006E0FB68B3F5F9
:10145000967F02DD4FF49673FB60FB681AB20E4B69
:101460001A800E4B01221A7002E000BF00E000BF9C
:101470001437BD465DF8047B704700BFB9150020E6
:10148000E415002000200140C415002001011000D7
:10149000C6150020D4FEFFFFC8150020BA15002095
:1014A00080B584B000AF78600D4B1B78002B02D163
:1014B0000C4BFB6008E00C4B1B78002B02D00B4B55
:1014C000FB6001E00A4BFB600A4B1B787A68194607
:1014D000F868FFF7E9FD00BF1037BD4680BD00BFCB
:1014E000B1150020C8AD0008B2150020BCAD000841
:1014F00098AD00080000002080B588B002AFF86009
:10150000B96087ED010AD7ED017AF5EEC07AF1EE08
:1015100010FA03D54FF000037B600BE0D7ED017AA2
:10152000B7EE007AF4EEC77AF1EE10FA02DD4FF072
:101530007E537B60D7ED017A9FED137A67EE877A51
:10154000B6EE007A77EE877AFCEEE77A17EE903AFD
:101550007B617B690D4AA2FB032399097A690B4BD6
:10156000A3FB02039B094FF47A7000FB03F3D31A29
:1015700000930B46064AB968F86807F051F800BFB7
:101580001837BD4680BD00BF00007A44D34D6210BD
:10159000D0AD000890B593B002AF824BD3ED007A86
:1015A000B0EE670AFFF722FC03461A4607F11C0358
:1015B00009211846FFF766FC7B4B1B78002B09D0EE
:1015C0007A4BB3F9002007F1100309211846FFF701
:1015D00059FC06E007F11003754A0921184607F087
:1015E0001FF807F1100307F12800724A162107F0CF
:1015F00017F807F128031A460021002000F026FF03
:1016000007F11C0307F128006B4A162107F008F8C0
:1016100007F128031A460021012000F017FF614B53
:10162000D3ED017A07F10803B0EE670A08211846E6
:10163000FFF762FF614BB3F90A301A4607F108035E
:1016400007F1280000925E4A162106F0E9FF07F133
:1016500028031A460021022000F0F8FE514BD3ED7A
:10166000027A3B46B0EE670A08211846FFF744FFAE
:10167000524BB3F90C301A463B4607F12800009252
:10168000504A162106F0CCFF07F128031A46002124
:10169000032000F0DBFE494BB3F90E301A46474BEE
:1016A0009B8807F1280000931346474A162106F04D
:1016B000B7FF07F128031A460021042000F0C6FEF8
:1016C000394B1B78002B1CD0404B1B88404AA2FB97
:1016D00003239B099BB21C463C4B1B883C4AA2FB44
:1016E000031292094FF47A7101FB02F29B1A9BB22A
:1016F00007F1280000932346364A162106F090FF92
:1017000006E007F12803344A1621184606F088FF40
:1017100007F128031A460021052000F097FE2F4804
:1017200003F014FE0346202B01D12D4C00E02D4C7C
:101730002D4803F00BFE0346202B01D1284B00E07F
:10174000284B07F1280000932346284A162106F06B
:1017500067FF07F128031A460021062000F076FEF5
:10176000234B1B78002B01D01D4A00E01D4A214B62
:101770001B78002B01D01A4B00E01A4B07F1280010
:10178000009313461C4A162106F04AFF07F128036E
:101790001A460021072000F059FE00BF4437BD461D
:1017A00090BD00BF70150020BA150020C81500209C
:1017B000DCAD0008E4AD0008F0AD00089015002095
:1017C000FCAD00080CAE00081CAE0008C6150020D9
:1017D000D34D62102CAE00083CAE0008F40100208E
:1017E00048AE00084CAE00084802002050AE000889
:1017F000B4150020B01500205CAE000880B582B0A2
:1018000000AF78601D4B1B78002B16D11C4B1B685A
:101810007A68D31AB3F57A7F28D3194A7B681360A4
:10182000184800F0A5FD0346002B21D1134B0122DF
:101830001A707B68C83B144A1360134B1B687A68A4
:10184000D31AC72B16D9104A7B68136000F0F2FD3B
:10185000FFF7A0FE00F04CFE0346002B0BD0074B19
:1018600000221A70064A7B68136004E000BF02E0A1
:1018700000BF00E000BF0837BD4680BDB6150020A0
:10188000E015002048020020DC150020B0B500AFB4
:1018900002F068F800F09AF800F00CFA00F0EAF9AB
:1018A00000F0FEF800F060F900F08CF900F0B8F9F3
:1018B000384801F0C4FD384B4FF000021A60364B37
:1018C0004FF000025A60344B4FF000029A603348E8
:1018D00001F04EFB324801F091FC324A2F4B144686
:1018E0001D460FCD0FC42B682380FFF7E5F9034693
:1018F000002B01D000F06CFA02F09AF803462A4A55
:1019000013602A4800F034FD0346002B01D1012268
:1019100000E00022264B1A7002F08AF80346C83B0A
:10192000244A136002F084F80346643B224A1360A1
:1019300002F07EF80346143B204A1360204B01223C
:101940001A701848FFF7E2F903461A461D4B1A7041
:101950001C4B1B7819461C48FFF7D2FAFFF7E6FB31
:10196000FFF78CFCFFF7BEFCFFF70AFD02F060F802
:1019700003461846FFF720FD02F05AF803461846C2
:10198000FFF78EFD02F054F803461846FFF736FFC6
:1019900000BFE3E744040020701500207C15002000
:1019A000A415002090150020E0150020480200201A
:1019B000B6150020DC150020D0150020E41500200D
:1019C000B3150020000000206CAE000880B594B074
:1019D00000AF07F1200330220021184606F09AFEDE
:1019E00007F10C0300221A605A609A60DA601A61EB
:1019F0000023BB60284B1B6C274A43F080531364C1
:101A0000254B1B6C03F08053BB60BB6800237B60DD
:101A1000224B1B68214A43F4804313601F4B1B6811
:101A200003F480437B607B6801233B624FF4803387
:101A30007B620223BB634FF48003FB6304233B649C
:101A4000A8237B640223BB640423FB6407F1200307
:101A5000184604F00FF80346002B01D000F0B8F947
:101A60000F23FB6002233B6100237B614FF4A053F3
:101A7000BB614FF48053FB6107F10C03052118464D
:101A800004F070FA0346002B01D000F0A1F900BF6A
:101A90005037BD4680BD00BF003802400070004096
:101AA00080B588B000AF07F10C0300221A605A60BD
:101AB0009A60DA601A610023BB60274B1B6B264AD1
:101AC00043F001031363244B1B6B03F00103BB6062
:101AD000BB680223FB6003233B6100237B6107F1AA
:101AE0000C0319461D4802F0F3FC00237B601A4BDF
:101AF0005B6C194A43F480735364174B5B6C03F4BB
:101B000080737B607B68164B5B6823F44033144A18
:101B100043F480335360134B00225A60114B4FF44F
:101B200080629A600F4B0022DA600E4B30221A61FD
:101B30000C4B0022DA620B4B00221A63094B012284
:101B40005A63084B9B68074A43F00103936000BF48
:101B50002037BD4680BD00BF003802400000024073
:101B6000002301400020014080B500AF124B134A12
:101B70001A60114B124A5A600F4B00229A600E4BAA
:101B80000022DA600C4B4FF480421A610A4B0022AB
:101B90005A61094B00229A61074B0022DA61064B19
:101BA00000221A62044802F02FFE0346002B01D0E7
:101BB00000F00EF900BF80BDF40100200054004089
:101BC000801A060080B500AF124B134A1A60114B01
:101BD000124A5A600F4B00229A600E4B0022DA60C4
:101BE0000C4B4FF480421A610A4B00225A61094B98
:101BF00000229A61074B0022DA61064B00221A622A
:101C0000044802F001FE0346002B01D000F0E0F88A
:101C100000BF80BD4802002000580040801A060026
:101C200080B500AF114B124A1A60104B4FF4E132ED
:101C30005A600E4B00229A600C4B0022DA600B4B6C
:101C400000221A61094B0C225A61084B00229A614A
:101C5000064B0022DA61054804F0A4FB0346002B82
:101C600001D000F0B5F800BF80BD00BF9C0200208D
:101C70000044004080B582B000AF00237B600C4B75
:101C80001B6B0B4A43F400131363094B1B6B03F4E8
:101C900000137B607B6800220021102001F0D3FF3D
:101CA000102001F0ECFF00BF0837BD4680BD00BF2B
:101CB0000038024080B485B000AF0023FB60174BB2
:101CC0001B6B164A43F080031363144B1B6B03F02A
:101CD0008003FB60FB680023BB60104B1B6B0F4A4B
:101CE00043F0010313630D4B1B6B03F00103BB6057
:101CF000BB6800237B60094B1B6B084A43F002035F
:101D00001363064B1B6B03F002037B607B6800BF11
:101D10001437BD465DF8047B704700BF00380240B1
:101D200080B483B000AF78607B681B68054A93423B
:101D300002D1054B00221A7000BF0C37BD465DF87A
:101D4000047B704700440040E915002080B582B054
:101D500000AF78600B467B807B681B680A4A934221
:101D60000DD17B881A460949094801F079FBFEF735
:101D7000A3FF0346002B02D0064B01221A7000BFBE
:101D80000837BD4680BD00BF00440040440300202A
:101D900044040020E815002080B483B000AF7860D0
:101DA0007B681B68074A934205D1074B00221A70D3
:101DB000064B01221A7000BF0C37BD465DF8047B4C
:101DC000704700BF00440040B4150020E815002013
:101DD00080B400AF72B600BF00BFFDE780B586B02B
:101DE00002AF0346FB7100233B73FB797B73084B07
:101DF0001868084B198807F10C023223009302235C
:101E000002F046FE034618461037BD4680BD00BFAF
:101E1000EC170020F017002090B58BB002AF78606F
:101E20000B467B800023FB8340233B7228E07A88AB
:101E3000FB8BD31ABB83BB8B102B01D91023BB8325
:101E4000FB8B7A68D118BA8B07F108030133184667
:101E500006F003FD0F4B18680F4B1988BB8B01333D
:101E60009BB207F108023224009402F011FE0346EF
:101E7000002B01D0012308E0FA8BBB8B1344FB83BA
:101E8000FA8B7B889A42D2D3002318462437BD466A
:101E900090BD00BFEC170020F017002080B582B085
:101EA00000AF03463960FB7105220021386806F057
:101EB00031FCFB792F2B10D9FB79392B0DD8FB790D
:101EC000A3F1300213469B001344CC4A134405226D
:101ED0001946386806F0C1FC47E2FB79203B382BF5
:101EE00000F2428201A252F823F000BF69230008E9
:101EF0006923000869230008692300086923000892
:101F00006923000869230008692300086923000881
:101F10006923000869230008DD1F00086923000801
:101F2000D11F0008052000082920000869230008A7
:101F30006923000869230008692300086923000851
:101F40006923000869230008692300086923000841
:101F50006923000817200008692300086923000886
:101F60006923000869230008692300086923000821
:101F70005120000879200008A1200008C92000088D
:101F8000F1200008192100084121000869210008FA
:101F90009121000869230008AB210008D321000823
:101FA00069230008012200082922000851220008A4
:101FB0006923000879220008A1220008C92200082C
:101FC000F1220008192300086923000841230008B2
:101FD00005220821386806F09DFBC6E13B6808220F
:101FE0001A703B68013308221A703B6802333E22A4
:101FF0001A703B68033308221A703B6804330822C6
:102000001A70B2E13B68013360221A703B680233F8
:1020100060221A70A9E13B68013336221A703B68CE
:10202000023336221A70A0E13B6820221A703B6806
:10203000013310221A703B68023308221A703B6881
:10204000033304221A703B68043302221A708CE1B5
:102050003B687E221A703B68013311221A703B687C
:10206000023311221A703B68033311221A703B6845
:1020700004337E221A7078E13B687F221A703B6835
:10208000013349221A703B68023349221A703B68B7
:10209000033349221A703B68043336221A7064E114
:1020A0003B683E221A703B68013341221A703B683C
:1020B000023341221A703B68033341221A703B6895
:1020C000043322221A7050E13B687F221A703B6869
:1020D000013341221A703B68023341221A703B6877
:1020E000033322221A703B6804331C221A703CE12D
:1020F0003B687F221A703B68013349221A703B68A3
:10210000023349221A703B68033349221A703B6834
:10211000043341221A7028E13B687F221A703B6821
:10212000013309221A703B68023309221A703B6896
:10213000033309221A703B68043301221A7014E138
:102140003B683E221A703B68013341221A703B689B
:10215000023349221A703B68033349221A703B68E4
:1021600004337A221A7000E13B687F221A703B68C0
:10217000013308221A703B68023308221A703B6848
:10218000033308221A703B6804337F221A70ECE094
:102190003B68013341221A703B6802337F221A7078
:1021A0003B68033341221A70DFE03B687F221A70DC
:1021B0003B68013308221A703B68023314221A70FC
:1021C0003B68033322221A703B68043341221A70A1
:1021D000CBE03B687F221A703B68013340221A70C3
:1021E0003B68023340221A703B68033340221A7066
:1021F0003B68043340221A70B7E000BF98AE000875
:102200003B687F221A703B68013302221A703B68D8
:10221000023304221A703B68033308221A703B68A9
:1022200004337F221A70A0E03B683E221A703B689C
:10223000013341221A703B68023341221A703B6815
:10224000033341221A703B6804333E221A708CE03B
:102250003B687F221A703B68013309221A703B6881
:10226000023309221A703B68033309221A703B6853
:10227000043306221A7078E03B687F221A703B68AC
:10228000013309221A703B68023319221A703B6825
:10229000033329221A703B68043346221A7064E023
:1022A0003B6846221A703B68013349221A703B682A
:1022B000023349221A703B68033349221A703B6883
:1022C000043331221A7050E03B6801221A703B68D7
:1022D000013301221A703B6802337F221A703B6877
:1022E000033301221A703B68043301221A703CE068
:1022F0003B683F221A703B68013340221A703B68EA
:10230000023340221A703B68033340221A703B6844
:1023100004333F221A7028E03B681F221A703B6882
:10232000013320221A703B68023340221A703B6846
:10233000033320221A703B6804331F221A7014E002
:102340003B6863221A703B68013314221A703B68A1
:10235000023308221A703B68033314221A703B6858
:10236000043363221A7000E000BF0837BD4680BD09
:1023700080B584B000AF78602A4B1B68BB607B6877
:10238000002B01D1012349E0274A7B681360274BCA
:1023900000221A800023FB601AE0234B1868FB68B8
:1023A0005B0010333B4433F8081C1423022202F074
:1023B0009FFE0346002B08D1FB685B0010333B44B3
:1023C00033F8082C194B1A8005E0FB680133FB60D9
:1023D000FB68012BE1D9154B1B88002B01D1012390
:1023E0001CE0322001F030FB0023FB600EE0104ABD
:1023F000FB6813441B781846FFF7F0FC0346002BDC
:1024000001D001230AE0FB680133FB60FB681B2B52
:10241000EDD900F00FF800F06BF8034618461037BE
:10242000BD4680BD74AE0008EC170020F0170020F8
:10243000CCAE000880B500AF4FF4806200210248A6
:1024400006F068F900BF80BDF417002080B586B0A3
:1024500000AF03463A60FB710B46BB71FB79072B5B
:1024600040D83B68002B3DD0BB799BB21A46520046
:1024700013445B00FB822CE0FB799BB2DB019AB238
:10248000FB8A1344FB813B681B7807F10802114665
:102490001846FFF703FD00233B610CE0FA893B6916
:1024A000134407F108013A690A4411780F4AD154DC
:1024B0003B6901333B613B69042BEFD9FB89053351
:1024C0000A4A0021D1543B6801333B60FB8A063342
:1024D000FB823B681B78002B05D0FB8A0633802BE0
:1024E000CAD900E000BF1837BD4680BDF4170020F0
:1024F00080B582B000AF1D4B1B68002B03D01C4B76
:102500001B88002B01D101232BE00023FB7124E069
:10251000FB79503BDBB21846FFF760FC0346002B0B
:1025200016D10020FFF75AFC0346002B10D11020D3
:10253000FFF754FC0346002B0AD1FB79DB010D4A5F
:10254000134480211846FFF767FC0346002B01D097
:10255000012306E0FB790133FB71FB79072BD7D907
:10256000002318460837BD4680BD00BFEC17002089
:10257000F0170020F417002080B586B002AF786015
:102580000B46FB701346BB70FB783B73BB787B73C9
:1025900007F10C021423009302238021786802F0D3
:1025A00077FA034618461037BD4680BD80B588B01F
:1025B00002AFF8600B467A60FB7207F10B0214233E
:1025C000009301238021F86802F062FA0346FB754C
:1025D000FB7D002B01D0FB7D08E014230093012339
:1025E0007A688021F86802F051FB034618461837D4
:1025F000BD4680BD80B584B000AF78607B68002B9D
:1026000001D1012369E0002200217868FFF7B4FFBF
:102610000346FB73FB7B002B01D0FB7B5DE00422B8
:1026200001217868FFF7A8FF0346FB73FB7B002BB3
:1026300001D0FB7B51E0052001F006FA07F10C0305
:102640001A4600217868FFF7B1FF0346FB73FB7B56
:10265000002B01D0FB7B40E03B7B03F06F03DBB240
:1026600043F01003BB7332211E4800F076F8034696
:102670007B73BB7B1A4600217868FFF77DFF03461A
:10268000FB73FB7B002B01D0FB7B26E07B7B1A4698
:10269000FE217868FFF770FF0346FB73FB7B002B7E
:1026A00001D0FB7B19E03B7B1A4600217868FFF7DD
:1026B00063FF0346FB73FB7B002B01D0FB7B0CE02D
:1026C000052001F0C1F93B7B63F05F03DBB21A46E2
:1026D00000217868FFF750FF034618461037BD46C3
:1026E00080BD00BF00C0A20180B588B002AFF86015
:1026F000084611461A460346FB720B463B811346B9
:10270000FB80FB68002B02D0FB7A0F2B01D9012341
:102710001FE0FB7A9B00DBB20633DBB23B743B89E4
:10272000DBB27B743B891B0A9BB2DBB2BB74FB88B8
:10273000DBB2FB74FB881B0A9BB2DBB23B7507F173
:1027400010021423009305238021F86802F0A0F9F9
:10275000034618461837BD4680BD80B485B000AF2B
:10276000786039607B68002B02D03B68002B01D178
:10277000002319E03B681B03FB60FB685A087B6879
:102780001A44FB68B2FBF3F3BB60BB68012B01D8B2
:10279000002309E0BB68B3F5807F01D9FF2303E084
:1027A000BB68DBB2013BDBB218461437BD465DF8AF
:1027B000047B70472DE9B04F94B000AF78630B46AF
:1027C00087F8333013463B867B6B002B01D1002307
:1027D0008EE03B8E0022BB62FA627B6B00223B6282
:1027E0007A62D7E90A010B463A6A02FB03F27B6A76
:1027F000C7E90A01B96A01FB03F31344BA6A396AEB
:10280000A2FB0121F961BA61FA691344FB61D7E9BE
:102810000623C7E91023C7E9102397F833300133A3
:1028200000229A46934652465B464FF000004FF016
:102830000001590141EAD261500102460B46B2EB58
:102840000A0463EB0B054FF000024FF000036B022C
:1028500043EAD453620214461D4614EB0A0845EBC2
:102860000B094FF000024FF000034FEA891343EACF
:1028700098634FEA8812B2EB0801B96063EB090371
:10288000FB60D7E902120B4613EB0A033B601346C9
:1028900043EB0B037B60D7E90034C7E90E34D7E97B
:1028A0000E014FF000024FF00003420842EAC172ED
:1028B0004B08D7E9100114183C614B417B61D7E903
:1028C0000E23D7E90401FEF797F902460B46C7E944
:1028D0001223D7E91223B2F5805F73F1000305D309
:1028E00040F6FF724FF00003C7E91223B7F84830F3
:1028F00018465037BD46BDE8B08F000080B584B0A3
:1029000000AF0346FB8032210748FFF726FF03464E
:10291000FB73FA88FB7B19460348FFF74BFF03461E
:1029200018461037BD4680BD00C0A20180B485B0F6
:1029300000AF87ED030AC7ED020A87ED011A97ED94
:10294000037AD7ED027AB4EEE77AF1EE10FA01D508
:10295000BB680BE097ED037AD7ED017AB4EEE77A26
:10296000F1EE10FA01DD7B6800E0FB6807EE903ABB
:10297000B0EE670A1437BD465DF8047B704700006F
:1029800080B584B000AF87ED010A9FED161ADFED28
:10299000160A97ED010AFFF7C9FF87ED030AD7ED85
:1029A000037A9FED127A27EE877ADFED0E6AC7EE83
:1029B000267A9FED0F7A77EE877AC7ED027AD7ED08
:1029C000027AB6EE007A77EE877AFCEEE77A17EEB7
:1029D000903A9BB21846FFF791FF0346184610370E
:1029E000BD4680BD00003443000000000000FA44F2
:1029F0000000FA4380B584B000AF87ED010A9FED77
:102A0000221ADFED220A97ED010AFFF78FFF87ED0B
:102A1000020AD7ED027AF5EEC07AF1EE10FA10DB79
:102A2000D7ED027A9FED1A7A27EE877ADFED166AE4
:102A3000C7EE267A9FED177A77EE877AC7ED037A8D
:102A40000FE0D7ED027A9FED127A27EE877ADFED5D
:102A50000E6AC7EE267A9FED0F7A77EE877AC7ED7A
:102A6000037AD7ED037AB6EE007A77EE877AFCEE3A
:102A7000E77A17EE903A9BB21846FFF73FFF0346FE
:102A800018461037BD4680BD0000C8420000C8C2CD
:102A900000007A440080BB4480B483B000AF0023C0
:102AA0007B60104B5B6C0F4A43F4804353640D4BC7
:102AB0005B6C03F480437B607B6800233B60094BC5
:102AC0001B6C084A43F080531364064B1B6C03F0E5
:102AD00080533B603B6800BF0C37BD465DF8047B0C
:102AE000704700BF0038024080B58CB000AF7860FE
:102AF00007F11C0300221A605A609A60DA601A61BA
:102B00007B681B68324A93422CD10023BB61314B56
:102B10001B6B304A43F0020313632E4B1B6B03F015
:102B20000203BB61BB69C023FB6112233B6200232C
:102B30007B620323BB620423FB6207F11C0319467B
:102B4000254801F0C5FC00237B61224B1B6C214A08
:102B500043F4001313641F4B1B6C03F400137B61DD
:102B60007B6931E07B681B681C4A93422CD10023AF
:102B70003B61184B1B6B174A43F002031363154B61
:102B80001B6B03F002033B613B694FF44063FB6145
:102B900012233B6200237B620323BB620423FB629C
:102BA00007F11C0319460C4801F092FC0023FB605E
:102BB000084B1B6C074A43F480031364054B1B6CE2
:102BC00003F48003FB60FB6800BF3037BD4680BD67
:102BD0000054004000380240000402400058004009
:102BE00080B58AB000AF786007F1140300221A6044
:102BF0005A609A60DA601A617B681B68344A9342B3
:102C000061D100233B61334B1B6C324A43F40033E8
:102C10001364304B1B6C03F400333B613B690023AE
:102C2000FB602C4B1B6B2B4A43F001031363294BB6
:102C30001B6B03F00103FB60FB680C237B61022329
:102C4000BB610023FB6103233B6207237B6207F127
:102C500014031946204801F03BFC204B204A1A601F
:102C60001E4B4FF000625A601C4B00229A601B4BB7
:102C70000022DA60194B4FF480621A61174B002270
:102C80005A61164B00229A61144B0022DA61134BF1
:102C900000221A62114B00225A62104801F00AF811
:102CA0000346002B01D0FFF793F87B680B4ADA63E9
:102CB0000A4A7B68936300220021262000F0C3FFAC
:102CC000262000F0DCFF00BF2837BD4680BD00BFD6
:102CD000004400400038024000000240E4020020AE
:102CE0008860024080B400AF00BFFDE780B400AF51
:102CF00000BFFDE780B400AF00BFFDE780B400AFC8
:102D000000BFFDE780B400AF00BFFDE780B400AFB7
:102D100000BFBD465DF8047B704780B400AF00BFC4
:102D2000BD465DF8047B704780B400AF00BFBD4670
:102D30005DF8047B704780B500AF00F065FE00BF12
:102D400080BD000080B500AF024801F04BF900BF24
:102D500080BD00BFE402002080B500AF024803F050
:102D6000A3FC00BF80BD00BF9C02002080B400AF68
:102D700001231846BD465DF8047B704780B582B0DC
:102D800000AF7860396005F03BFD034616221A60FB
:102D90004FF0FF3318460837BD4680BD80B582B07E
:102DA00000AF78604FF0FF317868FFF7E7FF00BFB2
:102DB000FDE780B586B000AFF860B9607A600023A7
:102DC0007B610AE0AFF300800146BB685A1CBA6021
:102DD000CAB21A707B6901337B617A697B689A4257
:102DE000F0DB7B6818461837BD4680BD80B586B0DD
:102DF00000AFF860B9607A6000237B6109E0BB68CE
:102E00005A1CBA601B781846AFF300807B69013307
:102E10007B617A697B689A42F1DB7B6818461837D8
:102E2000BD4680BD80B483B000AF78604FF0FF3303
:102E300018460C37BD465DF8047B704780B483B0FC
:102E400000AF786039603B684FF400525A6000234D
:102E500018460C37BD465DF8047B704780B483B0DC
:102E600000AF7860012318460C37BD465DF8047B3F
:102E7000704780B485B000AFF860B9607A60002315
:102E800018461437BD465DF8047B704780B586B0A0
:102E900000AF7860144A154BD31A7B617B693B61A4
:102EA000134B1B68002B02D1114B124A1A60104BB6
:102EB0001A687B6813443A699A4207D205F0A0FC6D
:102EC00003460C221A604FF0FF3309E0084B1B68E1
:102ED000FB60074B1A687B681344054A1360FB6864
:102EE00018461837BD4680BD0000022000040000CF
:102EF000F41B0020481D002080B400AF064BD3F81F
:102F00008830054A43F47003C2F8883000BFBD46DC
:102F10005DF8047B704700BF00ED00E080B485B031
:102F200000AF87ED030AC7ED020A87ED011A97ED9E
:102F3000037AD7ED027AB4EEE77AF1EE10FA01D512
:102F4000BB680BE097ED037AD7ED017AB4EEE77A30
:102F5000F1EE10FA01DD7B6800E0FB6807EE903AC5
:102F6000B0EE670A1437BD465DF8047B7047000079
:102F700080B582B000AF78607B68002B2AD09FEDCF
:102F8000170AFFF7FDFC03461A467B681A809FED7F
:102F9000140AFFF72FFD03461A467B689A807B6868
:102FA0000022DA809FED0E0AFFF724FD03461A4641
:102FB0007B685A807B685A221A817B6800225A817A
:102FC0007B6800229A817B680022DA817B6800227C
:102FD0001A8200E000BF0837BD4680BD0000B44241
:102FE0000000000080B582B000AF78600B467B80A7
:102FF0007B68002B20D0B7F90230642B02DD6423FC
:103000007B8007E0B7F9023013F1640F02DA4FF664
:103010009C737B807B687A88DA81B7F9023007EE8F
:10302000903AF8EEE77AB0EE670AFFF7E3FC034662
:103030001A467B689A8000E000BF0837BD4680BD15
:1030400080B588B000AF786039607B68002B00F0F5
:10305000CA803B68002B00F0C6807B68D3ED007A05
:10306000B3EE0E1AFBEE0E0AB0EE670AFFF756FF3C
:1030700087ED070AD7ED077A9FED5D7A77EE877ABD
:10308000C7ED067A7B68D3ED017AB7EE001ADFED63
:10309000590AB0EE670AFFF741FFF0EE407A9FED64
:1030A000567A67EE877AC7ED057A7B68D3ED027AA8
:1030B000B7EE001ADFED4F0AB0EE670AFFF72EFFFA
:1030C000F0EE407A9FED4C7A67EE877AC7ED047A8E
:1030D000D7ED047AF5EEC07AF1EE10FA04DDD7ED03
:1030E000047AF1EE677A01E0D7ED057AB3EE047A5F
:1030F00027EE877ADFED406AC7EE267AC7ED037ABE
:1031000097ED060AFFF73CFC03461A463B681A8017
:103110003B680022DA809FED370AFFF76BFC03461D
:103120001A463B685A80D7ED077AF5EEC07AF1EE81
:1031300010FA0BDBD7ED077AB6EE007A77EE877AD6
:10314000FDEEE77A17EE903A1BB20AE0D7ED077A68
:10315000B6EE007A77EEC77AFDEEE77A17EE903A90
:103160001BB23A681381D7ED057AB6EE007A77EE96
:10317000877AFDEEE77A17EE903A1AB23B685A81E9
:10318000D7ED047AB6EE007A77EE877AFDEEE77A2D
:1031900017EE903A1AB23B689A81D7ED037AF5EEB2
:1031A000C07AF1EE10FA0BDBD7ED037AB6EE007AB7
:1031B00077EE877AFDEEE77A17EE903A1BB20AE0D7
:1031C000D7ED037AB6EE007A77EEC77AFDEEE77AAE
:1031D00017EE903A1BB219463868FFF703FF3B68B9
:1031E00000221A8200E000BF2037BD4680BD00BF2C
:1031F0000000B442000000000000C84280B483B068
:1032000000AF78607B68002B08D07B6800221A70C2
:103210007B6800225A607B6800221A8100BF0C374D
:10322000BD465DF8047B704780B582B000AF786022
:103230007868FFF7E3FF00BF0837BD4680BD000098
:1032400080B584B000AFF8600B467A607B81FB6884
:10325000002B01D10023C2E0B7F90A30642B02DD54
:1032600064237B8107E0B7F90A3013F1640F02DAB7
:103270004FF69C737B81FB681B78042B00F2A880BF
:1032800001A252F823F000BF9D320008D732000897
:10329000113300085F330008A5330008B7F90A307E
:1032A000002B06DDFB6801221A70FB687A891A81FF
:1032B00092E0B7F90A30002B09DAFB6802221A7093
:1032C000FB687A685A60FB687A891A8184E0FB6837
:1032D00000221A8180E0B7F90A30002B09DAFB6876
:1032E00002221A70FB687A685A60FB687A891A8130
:1032F00072E0B7F90A30002B06D1FB6800221A7081
:10330000FB6800221A8167E0FB687A891A8163E012
:10331000B7F90A30002B0DDBB7F90A30002BCCBF10
:1033200001230023DBB21A46FB681A70FB687A8916
:103330001A8151E0FB685B687A68D31AB3F5967F0F
:1033400009D3FB6803221A70FB687A685A60FB682D
:1033500000221A8140E0FB687A891A813CE0B7F9C3
:103360000A30002B0DDBB7F90A30002BCCBF01234C
:103370000023DBB21A46FB681A70FB687A891A814F
:103380002AE0FB685B687A68D31AC72B06D9FB680A
:1033900004221A70FB687A891A811DE0FB680022FA
:1033A0001A8119E0B7F90A30002B03DAFB687A8931
:1033B0001A8111E0B7F90A30002BCCBF012300239A
:1033C000DBB21A46FB681A70FB687A891A8103E03F
:1033D000F868FFF729FF00BFFB68B3F9083018460B
:1033E0001037BD4680BD00BF80B483B000AF034638
:1033F000FB71FB79032B04D8FB79032B01D001234C
:1034000000E0002303F00103DBB218460C37BD4691
:103410005DF8047B704780B483B000AF786039609A
:103420007A683B68D31AB3F5967F8CBF01230023DB
:10343000DBB218460C37BD465DF8047B704780B59B
:1034400082B000AF78607B68002B05D041F22C126F
:103450000021786805F05EF900BF0837BD4680BDE1
:1034600080B586B000AFF860B9601346FB80FB689A
:10347000002B00F0D980BB68002B00F0D580002322
:10348000FB82CBE0FB8ABA6813441B787B757B7D9B
:103490000D2B00F0BD807B7D0A2B40F08280FB6805
:1034A00003F5805393F82431002B0CD0FB6803F50F
:1034B0008053002283F82421FB6803F58053002207
:1034C000A3F82021A7E0FB6803F58053B3F820316F
:1034D000002B5FD0FB6803F5805393F82231DBB2F9
:1034E0000133DBB203F00F033B75FB6803F5805338
:1034F00093F82331DBB23A7D9A420BD1FB6803F596
:103500008053D3F828310133FA6802F58052C2F8AB
:1035100028313FE0FB6803F5805393F82231DBB29A
:1035200001331B02FA68D018F968FB6803F5805371
:10353000B3F820311A4605F090F9FB6803F5805383
:1035400093F82231DBB21846FB6803F58053B3F8D9
:1035500020311946FA68030213440B4403F58073C3
:1035600000221A70FB6803F5805393F82231DBB216
:103570001A46FB6803F58053B3F82011FB6802F587
:10358000086223F81210FB6803F580531A463B7D4E
:1035900082F82231FB6803F580530022A3F8202132
:1035A00039E0FB6803F5805393F82431002B31D1C7
:1035B000FB6803F58053B3F82031FE2B17D9FB6865
:1035C00003F58053012283F82421FB6803F580531F
:1035D0000022A3F82021FB6803F58053D3F828319B
:1035E0000133FA6802F58052C2F8283113E0FB6813
:1035F00003F58053B3F820315A1C91B2FA6802F5F2
:103600008052A2F820111946FB687A7D5A5402E0D4
:1036100000BF00E000BFFB8A0133FB82FA8AFB880F
:103620009A42FFF42FAF00E000BF1837BD4680BDBF
:1036300080B586B000AFF860B9607A60FB68002B97
:1036400010D0BB68002B0DD0FB6803F5805393F8B6
:103650002331DAB2FB6803F5805393F82231DBB2F1
:103660009A4201D1002333E0FB6803F5805393F8BD
:103670002331DBB21A46FB6802F5086233F81230D8
:10368000FB82FB8A7A689A4201D8002320E0FB681B
:1036900003F5805393F82331DBB201331B02FA6840
:1036A000D118FB8A01331A46B86805F0D6F8FB68D2
:1036B00003F5805393F82331DBB20133DBB203F01F
:1036C0000F03DAB2FB6803F5805383F8232101234B
:1036D00018461837BD4680BD80B588B000AFF86089
:1036E000B9607A60FB68FB61B868FCF751FDB861AE
:1036F00050E0FA69BB691344FB6102E0FB690133E6
:10370000FB61FB691B780133294A13441B7803F0E2
:103710000803002BF2D1FB691B783A2B00D039E06B
:10372000FB690133FB6102E0FB690133FB61FB696B
:103730001B7801331E4A13441B7803F00803002B47
:10374000F2D105F05DF8034600221A6007F110037C
:103750001946F86904F03CFE87ED050A3B69FA69F1
:103760009A4210D005F04CF803461B68222B0AD071
:10377000D7ED057AF0EEE77A9FED0E7AF4EE477A10
:10378000F1EE10FA01D900230DE07B687A691A6026
:10379000012308E0B968F86904F0D6FFF861FB6915
:1037A000002BA6D1002318462037BD4680BD00BFA0
:1037B000C0B00008FFFF7F7F90B589B000AFF86010
:1037C000B9607A6007F1100300221A605A609A60AB
:1037D0000023FB77FB68002B05D0BB68002B02D0D1
:1037E0007B68002B01D1002360E03249F86804F0C7
:1037F000ABFF0346002B12D007F110031A462D49E8
:10380000F868FFF769FF034683F00103DBB2002B82
:1038100001D000234AE0FB7F43F00103FB772649F8
:10382000F86804F091FF0346002B13D007F1100352
:1038300004331A462049F868FFF74EFF034683F029
:103840000103DBB2002B01D000232FE0FB7F43F00C
:103850000203FB771949F86804F076FF0346002B52
:1038600013D007F1100308331A461449F868FFF71C
:1038700033FF034683F00103DBB2002B01D00023AA
:1038800014E0FB7F43F00403FB77FB7F002B01D1A7
:1038900000230BE0BB681C4607F1100393E8070008
:1038A00084E807007B68FA7F1A70012318462437E2
:1038B000BD4690BD78AE000884AE000890AE00080A
:1038C00090B587B000AF786039603B68002B10D0AE
:1038D00007F10B0207F10C0319467868FFF76CFF3C
:1038E000034683F00103DBB2002B02D1FB7A072BE6
:1038F00001D0002308E03B681C4607F10C0393E865
:10390000070084E80700012318461C37BD4690BD18
:10391000DFF834D0FFF7F0FA0C480D490D4A0023C8
:1039200002E0D458C4500433C4188C42F9D30A4A74
:103930000A4C002301E013600432A242FBD304F0DE
:1039400065FFFDF7A3FF7047000002200000002084
:10395000D8010020D0B20008D8010020481D002066
:10396000FEE7000080B500AF0E4B1B680D4A43F424
:10397000007313600B4B1B680A4A43F480631360A7
:10398000084B1B68074A43F480731360032000F060
:103990004FF90F2000F008F8FFF77EF800231846D3
:1039A00080BD00BF003C024080B582B000AF7860AF
:1039B000124B1A68124B1B7819464FF47A73B3FBFB
:1039C000F1F3B2FBF3F3184600F067F90346002B5E
:1039D00001D001230EE07B680F2B0AD80022796802
:1039E0004FF0FF3000F02FF9064A7B681360002388
:1039F00000E0012318460837BD4680BD04000020C2
:103A00000C0000200800002080B400AF064B1B789B
:103A10001A46064B1B681344044A136000BFBD4698
:103A20005DF8047B704700BF0C000020F81B0020ED
:103A300080B400AF034B1B681846BD465DF8047B9D
:103A4000704700BFF81B002080B584B000AF7860DD
:103A5000FFF7EEFFB8607B68FB60FB68B3F1FF3FE8
:103A600005D00A4B1B781A46FB681344FB6000BF65
:103A7000FFF7DEFF0246BB68D31AFA689A42F7D80E
:103A800000BF00BF1037BD4680BD00BF0C00002046
:103A900080B485B000AF78607B6803F00703FB60FB
:103AA0000C4BDB68BB60BA684FF6FF031340BB608A
:103AB000FB681A02BB68134343F0BF6343F400334F
:103AC000BB60044ABB68D36000BF1437BD465DF8D5
:103AD000047B704700ED00E080B400AF044BDB686E
:103AE0001B0A03F007031846BD465DF8047B7047C8
:103AF00000ED00E080B483B000AF0346FB7197F99E
:103B00000730002B0BDBFB7903F01F02074997F905
:103B100007305B09012000FA02F241F8232000BFC0
:103B20000C37BD465DF8047B704700BF00E100E044
:103B300080B483B000AF03463960FB7197F907305A
:103B4000002B0ADB3B68DAB20C4997F90730120107
:103B5000D2B20B4483F800230AE03B68DAB208498A
:103B6000FB7903F00F03043B1201D2B20B441A7627
:103B700000BF0C37BD465DF8047B704700E100E0F4
:103B800000ED00E080B489B000AFF860B9607A6001
:103B9000FB6803F00703FB61FB69C3F10703042B18
:103BA00028BF0423BB61FB690433062B02D9FB69E0
:103BB000033B00E000237B614FF0FF32BB6902FA58
:103BC00003F3DA43BB681A407B699A404FF0FF3138
:103BD0007B6901FA03F3D9437B680B401343184612
:103BE0002437BD465DF8047B7047000080B582B085
:103BF00000AF78607B68013BB3F1807F01D3012384
:103C00000FE00A4A7B68013B53600F214FF0FF3001
:103C1000FFF78EFF054B00229A60044B07221A60C3
:103C2000002318460837BD4680BD00BF10E000E005
:103C300080B582B000AF78607868FFF729FF00BFD9
:103C40000837BD4680BD80B586B000AF0346B96079
:103C50007A60FB7300237B61FFF73EFF78617A682F
:103C6000B9687869FFF78EFF024697F90F30114661
:103C70001846FFF75DFF00BF1837BD4680BD80B511
:103C800082B000AF0346FB7197F907301846FFF783
:103C900031FF00BF0837BD4680BD80B582B000AFA0
:103CA00078607868FFF7A2FF034618460837BD46DC
:103CB00080BD000080B586B000AF786000237B61D6
:103CC000FFF7B6FE38617B68002B01D1012399E034
:103CD0007B68022283F835207B68002283F8342039
:103CE0007B681B681A687B681B6822F001021A60F7
:103CF0000FE0FFF79DFE02463B69D31A052B08D95A
:103D00007B6820225A657B68032283F835200323D1
:103D100078E07B681B681B6803F00103002BE8D187
:103D20007B681B681B687B617A69384B13407B6139
:103D30007B685A687B689B681A437B68DB681A4318
:103D40007B681B691A437B685B691A437B689B69C4
:103D50001A437B68DB691A437B681B6A13437A69E1
:103D600013437B617B685B6A042B07D17B68DA6A4B
:103D70007B681B6B13437A6913437B617B681B6809
:103D80007A691A607B681B685B697B617B6923F0D9
:103D900007037B617B685B6A7A6913437B617B689D
:103DA0005B6A042B17D17B689B6A7A6913437B613A
:103DB0007B68DB6A002B0ED0786800F00DFB0346B1
:103DC000002B08D07B6840225A657B68012283F86B
:103DD0003520012316E07B681B687A695A61786890
:103DE00000F0C4FA0346FB607B68DB6D3F229A401B
:103DF000FB689A607B6800225A657B68012283F821
:103E00003520002318461837BD4680BD3F8010F08E
:103E100080B586B000AFF860B9607A603B6000237F
:103E2000FB75FB689B6D3B61FB6893F83430012B9D
:103E300001D1022340E0FB68012283F83420FB68B3
:103E400093F83530DBB2012B2FD1FB68022283F8C7
:103E50003520FB6800225A653B687A68B968F868C3
:103E600000F056FAFB68DB6D3F229A403B699A608E
:103E7000FB681B681A68FB681B6842F016021A6030
:103E8000FB681B6C002B07D0FB681B681A68FB687B
:103E90001B6842F008021A60FB681B681A68FB681E
:103EA0001B6842F001021A6005E0FB68002283F8FB
:103EB00034200223FB75FB7D18461837BD4680BDB4
:103EC00080B584B000AF78607B689B6DFB60FFF7C6
:103ED000AFFDB8607B6893F83530DBB2022B08D0B9
:103EE0007B6880225A657B68002283F83420012396
:103EF00052E07B681B681A687B681B6822F0160218
:103F00001A607B681B685A697B681B6822F0800214
:103F10005A617B681B6C002B03D17B689B6C002B68
:103F200007D07B681B681A687B681B6822F0080250
:103F30001A607B681B681A687B681B6822F00102A4
:103F40001A6013E0FFF774FD0246BB68D31A052B15
:103F50000CD97B6820225A657B68032283F83520C0
:103F60007B68002283F83420032315E07B681B68FC
:103F70001B6803F00103002BE4D17B68DB6D3F225B
:103F80009A40FB689A607B68012283F835207B6841
:103F9000002283F83420002318461037BD4680BD28
:103FA00080B483B000AF78607B6893F83530DBB2C3
:103FB000022B04D07B6880225A6501230CE07B68C9
:103FC000052283F835207B681B681A687B681B68AC
:103FD00022F001021A60002318460C37BD465DF836
:103FE000047B704780B586B000AF78600023BB606B
:103FF0008E4B1B688E4AA2FB03239B0A7B617B6866
:104000009B6D3B613B691B68FB607B68DB6D082235
:104010009A40FB681340002B1AD07B681B681B6812
:1040200003F00403002B13D07B681B681A687B68BD
:104030001B6822F004021A607B68DB6D08229A403C
:104040003B699A607B685B6D43F001027B685A654F
:104050007B68DB6D01229A40FB681340002B12D075
:104060007B681B685B6903F08003002B0BD07B68C7
:10407000DB6D01229A403B699A607B685B6D43F07F
:1040800002027B685A657B68DB6D04229A40FB68FC
:104090001340002B12D07B681B681B6803F00203DF
:1040A000002B0BD07B68DB6D04229A403B699A6041
:1040B0007B685B6D43F004027B685A657B68DB6D4F
:1040C00010229A40FB681340002B43D07B681B688A
:1040D0001B6803F00803002B3CD07B68DB6D1022CB
:1040E0009A403B699A607B681B681B6803F48023D5
:1040F000002B18D07B681B681B6803F40023002B7F
:1041000008D17B681B6C002B24D07B681B6C786803
:1041100098471FE07B689B6C002B1BD07B689B6CD7
:104120007868984716E07B681B681B6803F4807307
:10413000002B07D17B681B681A687B681B6822F01C
:1041400008021A607B681B6C002B03D07B681B6C19
:10415000786898477B68DB6D20229A40FB681340A3
:10416000002B00F08F807B681B681B6803F0100336
:10417000002B00F087807B68DB6D20229A403B6932
:104180009A607B6893F83530DBB2052B36D17B68BB
:104190001B681A687B681B6822F016021A607B682D
:1041A0001B685A697B681B6822F080025A617B6831
:1041B0001B6C002B03D17B689B6C002B07D07B68AA
:1041C0001B681A687B681B6822F008021A607B680B
:1041D000DB6D3F229A403B699A607B68012283F83D
:1041E00035207B68002283F834207B681B6D002B10
:1041F0007ED07B681B6D7868984779E07B681B6888
:104200001B6803F48023002B1DD07B681B681B6890
:1042100003F40023002B0DD17B685B6C002B31D0A5
:104220007B685B6C786898472CE000BF0400002036
:10423000B5814E1B7B68DB6B002B23D07B68DB6B6F
:10424000786898471EE07B681B681B6803F48073DE
:10425000002B0FD17B681B681A687B681B6822F0F3
:1042600010021A607B68012283F835207B680022E7
:1042700083F834207B68DB6B002B03D07B68DB6B1F
:10428000786898477B685B6D002B32D07B685B6DEC
:1042900003F00103002B22D07B68052283F8352030
:1042A0007B681B681A687B681B6822F001021A6031
:1042B000BB680133BB607A699A4207D37B681B688D
:1042C0001B6803F00103002BF2D100E000BF7B6804
:1042D000012283F835207B68002283F834207B6834
:1042E000DB6C002B05D07B68DB6C7868984700E0BE
:1042F00000BF1837BD4680BD80B483B000AF786082
:104300007B685B6D18460C37BD465DF8047B7047D3
:1043100080B485B000AFF860B9607A603B60FB683C
:104320001B681A68FB681B6822F480221A60FB680D
:104330001B683A685A60FB689B68402B08D1FB6891
:104340001B687A689A60FB681B68BA68DA6007E0E5
:10435000FB681B68BA689A60FB681B687A68DA6059
:1043600000BF1437BD465DF8047B704780B485B04C
:1043700000AF78607B681B68DBB2103B144AA2FB7D
:1043800003231B09FB60134AFB6813441B781A467E
:104390007B68DA65FB68032B09D97B681B6823F40B
:1043A0007F7323F003031A1D7B689A6507E07B681F
:1043B0001B6823F47F7323F003037A6893657B689B
:1043C0009B6D18461437BD465DF8047B704700BFEF
:1043D000ABAAAAAA00AF000880B485B000AF78608D
:1043E0000023FB737B689B6ABB607B689B69002B27
:1043F0001FD1BB68032B56D801A252F823F000BF8F
:10440000114400082344000811440008A744000890
:104410007B68DB6A03F08073002B46D00123FB73BB
:1044200043E07B68DB6AB3F1C07F40D10123FB73BB
:104430003DE07B689B69B3F5005F21D1BB68032B2E
:1044400037D801A252F823F0594400085F4400080D
:1044500059440008714400080123FB7330E07B6875
:10446000DB6A03F08073002B25D00123FB7322E06D
:104470007B68DB6AB3F1C07F1FD10123FB731CE0B3
:10448000BB68022B03D9BB68032B03D018E00123C0
:10449000FB7315E07B68DB6A03F08073002B0ED0A2
:1044A0000123FB730BE000BF0AE000BF08E000BF80
:1044B00006E000BF04E000BF02E000BF00E000BF74
:1044C000FB7B18461437BD465DF8047B704700BF80
:1044D00080B489B000AF7860396000237B6100232D
:1044E0003B610023BB610023FB616BE10122FB699F
:1044F00002FA03F37B613B681B687A6913403B61F6
:104500003A697B699A4240F05A813B685B6803F0E4
:104510000303012B05D03B685B6803F00303022B08
:1045200030D17B689B68BB61FB695B00032202FAA8
:1045300003F3DB43BA691340BB613B68DA68FB698C
:104540005B0002FA03F3BA691343BB617B68BA6983
:104550009A607B685B68BB610122FB6902FA03F326
:10456000DB43BA691340BB613B685B681B0903F01E
:104570000102FB6902FA03F3BA691343BB617B686A
:10458000BA695A603B685B6803F00303032B17D0DA
:104590007B68DB68BB61FB695B00032202FA03F303
:1045A000DB43BA691340BB613B689A68FB695B00F7
:1045B00002FA03F3BA691343BB617B68BA69DA6034
:1045C0003B685B6803F00303022B23D1FB69DA0825
:1045D0007B68083253F82230BB61FB6903F00703A4
:1045E0009B000F2202FA03F3DB43BA691340BB615D
:1045F0003B681A69FB6903F007039B0002FA03F3A7
:10460000BA691343BB61FB69DA087B680832B96990
:1046100043F822107B681B68BB61FB695B000322C7
:1046200002FA03F3DB43BA691340BB613B685B6882
:1046300003F00302FB695B0002FA03F3BA69134358
:10464000BB617B68BA691A603B685B6803F44033FE
:10465000002B00F0B4800023FB60604B5B6C5F4A72
:1046600043F4804353645D4B5B6C03F48043FB6015
:10467000FB685B4AFB699B08023352F82330BB613D
:10468000FB6903F003039B000F2202FA03F3DB43F1
:10469000BA691340BB617B68524A93422BD07B6856
:1046A000514A934225D07B68504A93421FD07B6881
:1046B0004F4A934219D07B684E4A934213D07B688D
:1046C0004D4A93420DD07B684C4A934207D07B6899
:1046D0004B4A934201D107230EE008230CE0062346
:1046E0000AE0052308E0042306E0032304E0022394
:1046F00002E0012300E00023FA6902F003029200C5
:104700009340BA691343BB613549FB699B08023387
:10471000BA6941F823203B4B9B68BB613B69DB4393
:10472000BA691340BB613B685B6803F48013002BDC
:1047300003D0BA693B691343BB61324ABB699360DA
:10474000304BDB68BB613B69DB43BA691340BB613B
:104750003B685B6803F40013002B03D0BA693B6924
:104760001343BB61274ABB69D360264B5B68BB61BF
:104770003B69DB43BA691340BB613B685B6803F488
:104780000033002B03D0BA693B691343BB611D4A58
:10479000BB6953601B4B1B68BB613B69DB43BA6958
:1047A0001340BB613B685B6803F48033002B03D08C
:1047B000BA693B691343BB61124ABB691360FB6969
:1047C0000133FB61FB690F2B7FF690AE00BF00BF8A
:1047D0002437BD465DF8047B704700BF00380240B7
:1047E000003801400000024000040240000802407E
:1047F000000C024000100240001402400018024069
:10480000001C0240003C014080B584B000AF7860DD
:104810007B68002B01D101232BE17B6893F83D30AD
:10482000DBB2002B06D17B68002283F83C2078683D
:10483000FEF75AF97B68242283F83D207B681B68C9
:104840001A687B681B6822F001021A607B681B688B
:104850001A687B681B6842F400421A607B681B6818
:104860001A687B681B6822F400421A6001F072FD2E
:10487000F8607B685B68814A934207D8FB68804A8E
:10488000934294BF01230023DBB206E0FB687D4A1C
:10489000934294BF01230023DBB2002B01D00123FC
:1048A000E7E0FB68784AA2FB03239B0CBB607B68B4
:1048B0001B685B6823F03F017B681B68BA680A438A
:1048C0005A607B681B681B6A23F03F017B685B684A
:1048D0006A4A934202D8BB68013309E0BB684FF4CF
:1048E000967202FB03F3694AA2FB03239B0901337F
:1048F0007A6812680B4313627B681B68DB6923F4D8
:104900004F4222F0FF027B685B685C498B4219D8FA
:10491000FB68591E7B685B685B00B1FBF3F3591CB5
:1049200040F6FC730B40002B0AD0FB68591E7B68D5
:104930005B685B00B1FBF3F30133C3F30B0351E09E
:1049400004234FE07B689B68002B11D1FB68581E45
:104950007B6859680B465B000B44B0FBF3F30133F3
:10496000C3F30B03002B0CBF01230023DBB212E0C7
:10497000FB68581E7B6859680B469B000B449900E6
:104980000B44B0FBF3F30133C3F30B03002B0CBF59
:1049900001230023DBB2002B01D0012322E07B683E
:1049A0009B68002B0ED1FB68581E7B6859680B462C
:1049B0005B000B44B0FBF3F30133C3F30B0343F48D
:1049C00000430FE0FB68581E7B6859680B469B004C
:1049D0000B4499000B44B0FBF3F30133C3F30B0317
:1049E00043F44043796809681343CB617B681B68D3
:1049F0001B6823F0C0017B68DA697B681B6A1A4375
:104A00007B681B680A431A607B681B689B6823F4F9
:104A1000034323F0FF037A6811697A68D26811436F
:104A20007A6812680B4393607B681B68DB6823F02D
:104A3000FF017B685A697B689B691A437B681B6826
:104A40000A43DA607B681B681A687B681B6842F05F
:104A500001021A607B6800221A647B68202283F8B6
:104A60003D207B6800221A637B68002283F83E2089
:104A7000002318461037BD4680BD00BFA086010048
:104A80007F841E00FF083D0083DE1B43D34D621070
:104A900080B588B002AFF8607A601A460B467B8119
:104AA00013463B81FEF7C4FF7861FB6893F83D3005
:104AB000DBB2202B40F0E0807B69009319230122B8
:104AC0007049F86800F0A0FD0346002B01D00223D6
:104AD000D3E0FB6893F83C30012B01D10223CCE0FA
:104AE000FB68012283F83C20FB681B681B6803F00D
:104AF0000103012B07D0FB681B681A68FB681B6861
:104B000042F001021A60FB681B681A68FB681B68A8
:104B100022F400621A60FB68212283F83D20FB68C2
:104B2000102283F83E20FB6800221A64FB687A6832
:104B30005A62FB683A895A85FB685B8D9AB2FB68BA
:104B40001A85FB68504ADA6279897B693A6AF868A3
:104B500000F00AFC0346002B01D001238DE0002366
:104B60003B61FB681B685B693B61FB681B689B6979
:104B70003B613B6966E07A69396AF86800F05EFE7D
:104B80000346002B0DD0FB681B6C042B07D1FB6880
:104B90001B681A68FB681B6842F400721A600123E4
:104BA0006BE0FB685B6A1A78FB681B681A61FB683C
:104BB0005B6A5A1CFB685A62FB685B8D9BB2013BC7
:104BC0009AB2FB685A85FB681B8D013B9AB2FB6861
:104BD0001A85FB681B685B6903F00403042B1BD177
:104BE000FB681B8D002B17D0FB685B6A1A78FB688B
:104BF0001B681A61FB685B6A5A1CFB685A62FB6897
:104C00005B8D9BB2013B9AB2FB685A85FB681B8D9A
:104C1000013B9AB2FB681A857A69396AF86800F034
:104C200055FE0346002B0DD0FB681B6C042B07D1EF
:104C3000FB681B681A68FB681B6842F400721A6004
:104C400001231AE0FB681B8D002B94D1FB681B68C5
:104C50001A68FB681B6842F400721A60FB68202225
:104C600083F83D20FB68002283F83E20FB68002289
:104C700083F83C20002300E0022318461837BD4685
:104C800080BD00BF020010000000FFFF80B58CB0A7
:104C900002AFF8607A601A460B467B8113463B816F
:104CA000FEF7C6FE7862FB6893F83D30DBB2202B3E
:104CB00040F017827B6A0093192301227C49F8682F
:104CC00000F0A2FC0346002B01D002230AE2FB689D
:104CD00093F83C30012B01D1022303E2FB6801224F
:104CE00083F83C20FB681B681B6803F00103012B61
:104CF00007D0FB681B681A68FB681B6842F001025A
:104D00001A60FB681B681A68FB681B6822F4006263
:104D10001A60FB68222283F83D20FB68102283F88A
:104D20003E20FB6800221A64FB687A685A62FB68BE
:104D30003A895A85FB685B8D9AB2FB681A85FB68D5
:104D40005C4ADA6279897B6A3A6BF86800F08EFB1C
:104D50000346002B01D00123C4E1FB681B8D002B0F
:104D600013D100233B62FB681B685B693B62FB68F5
:104D70001B689B693B623B6AFB681B681A68FB689F
:104D80001B6842F400721A6098E1FB681B8D012BCE
:104D90001BD1FB681B681A68FB681B6822F48062E1
:104DA0001A600023FB61FB681B685B69FB61FB68A1
:104DB0001B689B69FB61FB69FB681B681A68FB68E1
:104DC0001B6842F400721A6078E1FB681B8D022BAD
:104DD0001BD1FB681B681A68FB681B6822F48062A1
:104DE0001A60FB681B681A68FB681B6842F4006263
:104DF0001A600023BB61FB681B685B69BB61FB68D1
:104E00001B689B69BB61BB6958E1FB681B681A683A
:104E1000FB681B6842F480621A6000237B61FB68B8
:104E20001B685B697B61FB681B689B697B617B69B5
:104E300044E1FB681B8D032B00F2F180FB681B8DA6
:104E4000012B23D17A6A396BF86800F087FD03469D
:104E5000002B01D0012345E1FB681B681A69FB6840
:104E60005B6AD2B21A70FB685B6A5A1CFB685A62B2
:104E7000FB681B8D013B9AB2FB681A85FB685B8D52
:104E80009BB2013B9AB2FB685A8517E1FB681B8D08
:104E9000022B4ED17B6A00933B6B00220649F868D7
:104EA00000F0B2FB0346002B08D001231AE100BF3B
:104EB000020010000000FFFF04000100FB681B68F7
:104EC0001A68FB681B6842F400721A60FB681B6872
:104ED0001A69FB685B6AD2B21A70FB685B6A5A1C7B
:104EE000FB685A62FB681B8D013B9AB2FB681A850E
:104EF000FB685B8D9BB2013B9AB2FB685A85FB68ED
:104F00001B681A69FB685B6AD2B21A70FB685B6A3D
:104F10005A1CFB685A62FB681B8D013B9AB2FB6806
:104F20001A85FB685B8D9BB2013B9AB2FB685A8580
:104F3000C4E07B6A00933B6B00226C49F86800F088
:104F400063FB0346002B01D00123CBE0FB681B6809
:104F50001A68FB681B6822F480621A60FB681B6891
:104F60001A69FB685B6AD2B21A70FB685B6A5A1CEA
:104F7000FB685A62FB681B8D013B9AB2FB681A857D
:104F8000FB685B8D9BB2013B9AB2FB685A857B6ADA
:104F900000933B6B00225549F86800F035FB03464F
:104FA000002B01D001239DE0FB681B681A68FB6899
:104FB0001B6842F400721A60FB681B681A69FB6880
:104FC0005B6AD2B21A70FB685B6A5A1CFB685A6251
:104FD000FB681B8D013B9AB2FB681A85FB685B8DF1
:104FE0009BB2013B9AB2FB685A85FB681B681A6941
:104FF000FB685B6AD2B21A70FB685B6A5A1CFB687A
:105000005A62FB681B8D013B9AB2FB681A85FB68EC
:105010005B8D9BB2013B9AB2FB685A854EE07A6A7F
:10502000396BF86800F09AFC0346002B01D001238D
:1050300058E0FB681B681A69FB685B6AD2B21A7099
:10504000FB685B6A5A1CFB685A62FB681B8D013B5C
:105050009AB2FB681A85FB685B8D9BB2013B9AB2E2
:10506000FB685A85FB681B685B6903F00403042B2B
:1050700024D1FB681B8D032B07D1FB681B681A68C2
:10508000FB681B6822F480621A60FB681B681A695F
:10509000FB685B6AD2B21A70FB685B6A5A1CFB68D9
:1050A0005A62FB681B8D013B9AB2FB681A85FB684C
:1050B0005B8D9BB2013B9AB2FB685A85FB681B8DE6
:1050C000002B7FF4B6AEFB68202283F83D20FB68FE
:1050D000002283F83E20FB68002283F83C20002356
:1050E00000E0022318462837BD4680BD04000100B9
:1050F00080B58AB002AFF8607A603B600B467B8176
:10510000FEF796FCF8610023BB61FB6893F83D3025
:10511000DBB2202B40F01181FB690093192301229F
:105120008849F86800F070FA0346002B01D002238A
:1051300004E1FB6893F83C30012B01D10223FDE030
:10514000FB68012283F83C20FB681B681B6803F0A6
:105150000103012B07D0FB681B681A68FB681B68FA
:1051600042F001021A60FB681B681A68FB681B6842
:1051700022F400621A60FB68242283F83D20FB6859
:1051800000221A64FB68704ADA62FB681B681A68BE
:10519000FB681B6842F480721A60FB6900933B68ED
:1051A00000224FF00111F86800F02EFA0346002BA0
:1051B0000DD0FB681B681B6803F48073B3F5807F18
:1051C00003D1FB684FF400721A640323B6E07B89B5
:1051D000DBB21A46FB681B6802F0FE021A61FEF79A
:1051E00027FCF861FB681B685B6903F00203022B74
:1051F0000CBF01230023DBB2FB75FB681B685B69F6
:1052000003F48063B3F5806F0CBF01230023DBB28E
:10521000BB7525E0FEF70CFC0246FB69D31A3A6821
:105220009A4202D33B68002B03D1FB68A02283F88B
:105230003D20FB681B685B6903F00203022B0CBF77
:1052400001230023DBB2FB75FB681B685B6903F479
:105250008063B3F5806F0CBF01230023DBB2BB7505
:10526000FB6893F83D30DBB2A02B05D0FB7D002B13
:1052700002D1BB7D002BCDD0FB68202283F83D20DE
:10528000FB681B685B6903F00203022B29D1FB68F2
:105290001B681A68FB681B6842F400721A600023DE
:1052A0003B61FB681B685B693B61FB681B689B6932
:1052B0003B613B69FB690093192301222149F8688E
:1052C00000F0A2F90346002B01D0012336E0FB6871
:1052D000202283F83D20FB68002283F83C20002335
:1052E0002CE0FB681B681A68FB681B6842F40072BC
:1052F0001A60FB681B686FF480625A61FB69009357
:10530000192301220F49F86800F07EF90346002BAB
:1053100001D0012312E0BB690133BB61BA697B682C
:105320009A42FFF432AFFB68202283F83D20FB68ED
:10533000002283F83C20012300E002231846203796
:10534000BD4680BD020010000000FFFF80B483B0A6
:1053500000AF78607B6893F83D30DBB218460C37BD
:10536000BD465DF8047B704780B588B002AFF86039
:105370007A603B600B467B81FB68DB6A7B617B6903
:10538000082B06D07B69012B03D07B6913F5803F86
:1053900008D1FB681B681A68FB681B6842F48072BE
:1053A0001A600BE0FB681B6B122B07D1FB681B68B4
:1053B0001A68FB681B6842F480721A603B680093AD
:1053C0007B6800224FF00111F86800F01DF90346D8
:1053D000002B0DD0FB681B681B6803F48073B3F5CA
:1053E000807F03D1FB684FF400721A64032335E019
:1053F000FB681B69B3F5804F08D17B89DBB21A4685
:10540000FB681B6802F0FE021A611BE07B89DB115E
:10541000DBB203F00603DBB263F00F03DAB2FB6822
:105420001B681A613B687A680E49F86800F066F9F3
:105430000346002B01D0012310E07B89DAB2FB6820
:105440001B681A613B687A680749F86800F056F9EA
:105450000346002B01D0012300E000231846183733
:10546000BD4680BD080001000200010080B588B083
:1054700002AFF8607A603B600B467B81FB68DB6AB9
:105480007B61FB681B681A68FB681B6842F48062DA
:105490001A607B69082B06D07B69012B03D07B69DE
:1054A00013F5803F08D1FB681B681A68FB681B680E
:1054B00042F480721A600BE0FB681B6B112B07D162
:1054C000FB681B681A68FB681B6842F480721A60EC
:1054D0003B6800937B6800224FF00111F86800F0F0
:1054E00093F80346002B0DD0FB681B681B6803F480
:1054F0008073B3F5807F03D1FB684FF400721A64A8
:10550000032379E0FB681B69B3F5804F08D17B89E1
:10551000DBB243F00103DAB2FB681B681A615FE09B
:105520007B89DB11DBB203F00603DBB263F00F0310
:10553000DAB2FB681B681A613B687A683049F86820
:1055400000F0DCF80346002B01D0012354E07B89F6
:10555000DAB2FB681B681A613B687A682949F86807
:1055600000F0CCF80346002B01D0012344E00023D7
:105570003B61FB681B685B693B61FB681B689B695F
:105580003B613B69FB681B681A68FB681B6842F457
:1055900080721A603B6800937B6800224FF0011113
:1055A000F86800F031F80346002B0DD0FB681B684B
:1055B0001B6803F48073B3F5807F03D1FB684FF45D
:1055C00000721A64032317E07B89DB11DBB203F05E
:1055D0000603DBB263F00E03DAB2FB681B681A61E4
:1055E0003B687A680749F86800F088F80346002BA2
:1055F00001D0012300E0002318461837BD4680BDC6
:10560000080001000200010080B584B000AFF8601E
:10561000B9603B601346FB7148E03B68B3F1FF3F64
:1056200044D0FEF705FA0246BB69D31A3A689A429B
:1056300002D33B68002B39D1BB681B0CDBB2012BBA
:105640000DD1FB681B685B69DA43BB6813409BB2F2
:10565000002B0CBF01230023DBB21A460CE0FB68D1
:105660001B689B69DA43BB6813409BB2002B0CBFDD
:1056700001230023DBB21A46FB799A4216D1FB685C
:1056800000221A63FB68202283F83D20FB68002279
:1056900083F83E20FB681B6C43F02002FB681A6411
:1056A000FB68002283F83C20012323E0BB681B0C2D
:1056B000DBB2012B0DD1FB681B685B69DA43BB6869
:1056C00013409BB2002B0CBF01230023DBB21A4610
:1056D0000CE0FB681B689B69DA43BB6813409BB214
:1056E000002B0CBF01230023DBB21A46FB799A4240
:1056F00093D0002318461037BD4680BD80B584B0D6
:1057000000AFF860B9607A603B6071E0FB681B68CD
:105710005B6903F48063B3F5806F23D1FB681B687A
:105720001A68FB681B6842F400721A60FB681B6809
:105730006FF480625A61FB6800221A63FB682022C2
:1057400083F83D20FB68002283F83E20FB681B6C39
:1057500043F00402FB681A64FB68002283F83C20D3
:10576000012367E07B68B3F1FF3F41D0FEF760F9AA
:1057700002463B68D31A7A689A4202D37B68002BB0
:1057800036D1BB681B0CDBB2012B0CD1FB681B684C
:105790005B69DA43BB6813409BB2002B14BF012343
:1057A0000023DBB20BE0FB681B689B69DA43BB6834
:1057B00013409BB2002B14BF01230023DBB2002B4C
:1057C00016D0FB6800221A63FB68202283F83D2074
:1057D000FB68002283F83E20FB681B6C43F020022C
:1057E000FB681A64FB68002283F83C20012321E057
:1057F000BB681B0CDBB2012B0CD1FB681B685B691F
:10580000DA43BB6813409BB2002B14BF0123002373
:10581000DBB20BE0FB681B689B69DA43BB68134093
:105820009BB2002B14BF01230023DBB2002B7FF4BB
:105830006DAF002318461037BD4680BD80B584B0DB
:1058400000AFF860B9607A6034E0F86800F0E3F81F
:105850000346002B01D0012334E0BB68B3F1FF3FC6
:1058600028D0FEF7E5F802467B68D31ABA689A4258
:1058700002D3BB68002B1DD1FB681B685B6903F07A
:105880008003802B16D0FB6800221A63FB6820225D
:1058900083F83D20FB68002283F83E20FB681B6CE8
:1058A00043F02002FB681A64FB68002283F83C2066
:1058B000012307E0FB681B685B6903F08003802B12
:1058C000C3D1002318461037BD4680BD80B584B0D3
:1058D00000AFF860B9607A6034E0F86800F09BF8D7
:1058E0000346002B01D0012334E0BB68B3F1FF3F36
:1058F00028D0FEF79DF802467B68D31ABA689A4210
:1059000002D3BB68002B1DD1FB681B685B6903F0E9
:105910000403042B16D0FB6800221A63FB682022C4
:1059200083F83D20FB68002283F83E20FB681B6C57
:1059300043F02002FB681A64FB68002283F83C20D5
:10594000012307E0FB681B685B6903F00403042B79
:10595000C3D1002318461037BD4680BD80B584B042
:1059600000AFF860B9607A6049E0FB681B685B696A
:1059700003F01003102B19D1FB681B686FF01002A5
:105980005A61FB6800221A63FB68202283F83D20DD
:10599000FB68002283F83E20FB681A6CFB681A64DF
:1059A000FB68002283F83C20012330E0FEF740F83A
:1059B00002467B68D31ABA689A4202D3BB68002BAE
:1059C0001DD1FB681B685B6903F04003402B16D0B8
:1059D000FB6800221A63FB68202283F83D20FB68E5
:1059E000002283F83E20FB681B6C43F02002FB681A
:1059F0001A64FB68002283F83C20012307E0FB685F
:105A00001B685B6903F04003402BAED100231846AE
:105A10001037BD4680BD80B483B000AF78607B682E
:105A20001B685B6903F48063B3F5806F1BD17B68EF
:105A30001B686FF480625A617B6800221A637B687E
:105A4000202283F83D207B68002283F83E207B687B
:105A50001B6C43F004027B681A647B68002283F8A5
:105A60003C20012300E0002318460C37BD465DF8BA
:105A7000047B704780B586B000AF78607B68002BF0
:105A800001D1012367E27B681B6803F00103002B4F
:105A900075D0884B9B6803F00C03042B0CD0854B0E
:105AA0009B6803F00C03082B12D1824B5B6803F454
:105AB0008003B3F5800F0BD17E4B1B6803F40033DA
:105AC000002B5BD07B685B68002B57D1012342E23F
:105AD0007B685B68B3F5803F06D1764B1B68754ADF
:105AE00043F4803313601DE07B685B68B3F5A02F3F
:105AF0000CD1704B1B686F4A43F4802313606D4BCD
:105B00001B686C4A43F4803313600BE0694B1B68DD
:105B1000684A23F480331360664B1B68654A23F49C
:105B2000802313607B685B68002B13D0FDF780FF38
:105B3000386108E0FDF77CFF02463B69D31A642B0D
:105B400001D9032307E25B4B1B6803F40033002BEE
:105B5000F0D014E0FDF76CFF386108E0FDF768FF56
:105B600002463B69D31A642B01D90323F3E1514B5D
:105B70001B6803F40033002BF0D100E000BF7B680A
:105B80001B6803F00203002B63D04A4B9B6803F0B1
:105B90000C03002B0BD0474B9B6803F00C03082B26
:105BA0001CD1444B5B6803F48003002B16D1414B9E
:105BB0001B6803F00203002B05D07B68DB68012B18
:105BC00001D00123C7E13B4B1B6823F0F8027B683F
:105BD0001B69DB00374913430B603AE07B68DB68E5
:105BE000002B20D0344B01221A60FDF721FF3861D1
:105BF00008E0FDF71DFF02463B69D31A022B01D9CD
:105C00000323A8E12B4B1B6803F00203002BF0D009
:105C1000284B1B6823F0F8027B681B69DB002549D1
:105C200013430B6015E0244B00221A60FDF700FFC0
:105C3000386108E0FDF7FCFE02463B69D31A022BEF
:105C400001D9032387E11B4B1B6803F00203002BE0
:105C5000F0D17B681B6803F00803002B36D07B680B
:105C60005B69002B16D0154B01221A60FDF7E0FE90
:105C7000386108E0FDF7DCFE02463B69D31A022BCF
:105C800001D9032367E10B4B5B6F03F00203002B89
:105C9000F0D01BE0094B00221A60FDF7C9FE386105
:105CA0000EE0FDF7C5FE02463B69D31A022B07D969
:105CB000032350E10038024000004742800E474273
:105CC000884B5B6F03F00203002BEAD17B681B68F3
:105CD00003F00403002B00F097800023FB75814B39
:105CE0001B6C03F08053002B0FD10023BB607D4B56
:105CF0001B6C7C4A43F0805313647A4B1B6C03F09B
:105D00008053BB60BB680123FB75774B1B6803F4B2
:105D10008073002B18D1744B1B68734A43F4807353
:105D20001360FDF785FE386108E0FDF781FE02464D
:105D30003B69D31A022B01D903230CE16A4B1B6880
:105D400003F48073002BF0D07B689B68012B06D195
:105D5000644B1B6F634A43F0010313671CE07B68CD
:105D60009B68052B0CD15F4B1B6F5E4A43F004030D
:105D700013675C4B1B6F5B4A43F0010313670BE037
:105D8000584B1B6F574A23F001031367554B1B6F8A
:105D9000544A23F0040313677B689B68002B15D0DB
:105DA000FDF746FE38610AE0FDF742FE02463B6918
:105DB000D31A41F28832934201D90323CBE0494BF5
:105DC0001B6F03F00203002BEED014E0FDF730FE52
:105DD00038610AE0FDF72CFE02463B69D31A41F216
:105DE0008832934201D90323B5E03E4B1B6F03F089
:105DF0000203002BEED1FB7D012B05D1394B1B6C2F
:105E0000384A23F0805313647B689B69002B00F0B1
:105E1000A180344B9B6803F00C03082B5CD07B689B
:105E20009B69022B41D1314B00221A60FDF700FE25
:105E3000386108E0FDF7FCFD02463B69D31A022BEE
:105E400001D9032387E0274B1B6803F00073002B65
:105E5000F0D17B68DA697B681B6A1A437B685B6AEE
:105E60009B011A437B689B6A5B08013B1B041A4336
:105E70007B68DB6A1B061B4913434B601B4B0122EB
:105E80001A60FDF7D5FD386108E0FDF7D1FD024647
:105E90003B69D31A022B01D903235CE0114B1B6829
:105EA00003F00073002BF0D054E0104B00221A6076
:105EB000FDF7BEFD386108E0FDF7BAFD02463B691B
:105EC000D31A022B01D9032345E0064B1B6803F0CC
:105ED0000073002BF0D13DE07B689B69012B07D15B
:105EE000012338E000380240007000406000474263
:105EF0001B4B5B68FB607B689B69012B28D0FB68B0
:105F000003F480027B68DB699A4221D1FB6803F0CD
:105F10003F027B681B6A9A421AD1FA6847F6C0733F
:105F200013407A68526A9201934211D1FB6803F4DC
:105F300040327B689B6A5B08013B1B049A4207D195
:105F4000FB6803F070627B68DB6A1B069A4201D033
:105F5000012300E0002318461837BD4680BD00BF6E
:105F60000038024080B584B000AF786039607B684B
:105F7000002B01D10123CCE0684B1B6803F0070321
:105F80003A689A420CD9654B3A68D2B21A70634BA0
:105F90001B6803F007033A689A4201D00123B8E076
:105FA0007B681B6803F00203002B20D07B681B6812
:105FB00003F00403002B05D0594B9B68584A43F467
:105FC000E05393607B681B6803F00803002B05D047
:105FD000534B9B68524A43F460439360504B9B6819
:105FE00023F0F0027B689B684D4913438B607B680C
:105FF0001B6803F00103002B44D07B685B68012B16
:1060000007D1474B1B6803F40033002B19D1012340
:106010007FE07B685B68022B03D07B685B68032BA7
:1060200007D13F4B1B6803F00073002B09D10123FC
:106030006FE03B4B1B6803F00203002B01D10123EF
:1060400067E0374B9B6823F003027B685B68344949
:1060500013438B60FDF7ECFCF8600AE0FDF7E8FC09
:106060000246FB68D31A41F28832934201D90323D6
:106070004FE02B4B9B6803F00C027B685B689B0036
:106080009A42EBD1254B1B6803F007033A689A420A
:106090000CD2224B3A68D2B21A70204B1B6803F024
:1060A00007033A689A4201D0012332E07B681B68FB
:1060B00003F00403002B08D0194B9B6823F4E05233
:1060C0007B68DB68164913438B607B681B6803F0B1
:1060D0000803002B09D0124B9B6823F460427B68B5
:1060E0001B69DB000E4913438B6000F021F8024668
:1060F0000B4B9B681B0903F00F030A49CB5C22FA88
:1061000003F3094A1360094B1B681846FDF74CFC62
:10611000002318461037BD4680BD00BF003C02403A
:1061200000380240E8AE000804000020080000200B
:106130002DE9B04F94B000AF00237B640023FB64D3
:1061400000233B640023BB64794B9B6803F00C0382
:10615000082B0DD0082B00F2E180002B02D0042B7D
:1061600003D0DBE0734BBB64DBE0734BBB64D8E074
:106170006F4B5B6803F03F037B646D4B5B6803F41C
:106180008003002B63D06A4B5B689B090022BB63D2
:10619000FA63BB6BC3F308033B6300237B63D7E95C
:1061A0000C4522462B464FF000004FF000015901EC
:1061B00041EAD261500102460B462146511A39612B
:1061C000294663EB01037B614FF000024FF00003AF
:1061D000D7E904AB59468B01514643EA91635146D6
:1061E0008A015146B2EB0108594663EB01094FF0B1
:1061F00000024FF000034FEAC90343EA58734FEA25
:10620000C80290469946234618EB0303BB602B4611
:1062100049EB0303FB604FF000024FF00003D7E9A6
:10622000024529464B02214643EAD15321464A0200
:10623000104619467B6C0022BB62FA62D7E90A233A
:10624000FAF7DAFC02460B461346FB6458E0384B7B
:106250005B689B09002218461146C0F308033B62A5
:1062600000237B62D7E9088942464B464FF0000085
:106270004FF00001590141EAD261500102460B463C
:106280004146B2EB010A494663EB010B4FF00002B5
:106290004FF000034FEA8B1343EA9A634FEA8A12E6
:1062A000B2EB0A0463EB0B054FF000024FF0000362
:1062B000EB0043EA5473E20014461D464346E318DC
:1062C0003B604B4645EB03037B604FF000024FF011
:1062D0000003D7E9004529468B02214643EA915342
:1062E00021468A02104619467B6C0022BB61FA6186
:1062F000D7E90623FAF780FC02460B461346FB64F7
:106300000B4B5B681B0C03F0030301335B003B6426
:10631000FA6C3B6CB2FBF3F3BB6402E0054BBB646D
:1063200000BFBB6C18465037BD46BDE8B08F00BFFC
:10633000003802400024F40000127A0080B400AF5C
:10634000034B1B681846BD465DF8047B704700BFD1
:106350000400002080B500AFFFF7F0FF0246054BB8
:106360009B689B0A03F007030349CB5C22FA03F303
:10637000184680BD00380240F8AE000880B500AF76
:10638000FFF7DCFF0246054B9B685B0B03F007033E
:106390000349CB5C22FA03F3184680BD0038024063
:1063A000F8AE000880B582B000AF78607B68002B43
:1063B00001D1012342E07B6893F84130DBB2002B2E
:1063C00006D17B68002283F840207868FCF708FC3F
:1063D0007B68242283F841207B681B68DA687B682D
:1063E0001B6822F40052DA60786800F081FF7B6855
:1063F0001B681A697B681B6822F490421A617B68EB
:106400001B685A697B681B6822F02A025A617B6804
:106410001B68DA687B681B6842F40052DA607B68AC
:1064200000225A647B68202283F841207B68202266
:1064300083F842207B6800225A63002318460837FD
:10644000BD4680BD80B485B000AFF860B96013462A
:10645000FB80FB6893F84130DBB2202B21D1BB6875
:10646000002B02D0FB88002B01D101231AE0FB682E
:10647000BA681A62FB68FA889A84FB68FA88DA8438
:10648000FB6800225A64FB68212283F84120FB68E4
:106490001B68DA68FB681B6842F08002DA60002340
:1064A00000E0022318461437BD465DF8047B7047B0
:1064B00080B58CB000AFF860B9601346FB80FB6814
:1064C00093F84230DBB2202B46D1BB68002B02D0C0
:1064D000FB88002B01D101233FE0FB6801221A63F6
:1064E000FB6800225A63FB881A46B968F86800F016
:1064F00097FC034687F82F30FB681B6B012B25D1D7
:1065000000233B61FB681B681B683B61FB681B68E1
:106510005B683B613B69FB681B680C33BB61BB6913
:1065200053E8003F7B617B6943F01003BB62FB686B
:106530001B680C33BA6A7A623B62396A7A6A41E84C
:106540000023FB61FB69002BE5D102E0012387F802
:106550002F3097F82F3000E0022318463037BD4621
:1065600080BD80B59AB000AF78607B681B680C3343
:10657000BB64BB6C53E8003F7B647B6C23F490737B
:106580007B667B681B680C337A6E7A653B65396D78
:106590007A6D41E80023FB64FB6C002BE5D17B683E
:1065A0001B6814337B637B6B53E8003F3B633B6B9F
:1065B00023F001033B667B681B6814333A6E3A6430
:1065C000FB63F96B3A6C41E80023BB63BB6B002BA8
:1065D000E5D17B681B6B012B19D17B681B680C33E1
:1065E0003B623B6A53E8003FFB61FB6923F0100309
:1065F000FB657B681B680C33FA6DFA62BB62B96A93
:10660000FA6A41E800237B627B6A002BE5D17B6854
:106610001B685B6903F04003402B36D17B681B6825
:106620001433FB60FB6853E8003FBB60BB6823F09A
:106630004003BB657B681B681433BA6DBA617B612C
:106640007969BA6941E800233B613B69002BE5D1D8
:106650007B68DB6B002B18D07B68DB6B00221A6534
:106660007B68DB6B1846FDF72BFC0346002B0CD038
:106670007B68DB6B1846FDF73FFE0346202B04D1F9
:106680007B6810225A6403230AE07B680022DA85C3
:106690007B68202283F842207B6800221A63002353
:1066A00018466837BD4680BD80B5BAB000AF786087
:1066B0007B681B681B68C7F8E4307B681B68DB6875
:1066C000C7F8E0307B681B685B69C7F8DC300023E3
:1066D000C7F8D8300023C7F8D430D7F8E43003F037
:1066E0000F03C7F8D830D7F8D830002B0FD1D7F820
:1066F000E43003F02003002B09D0D7F8E03003F09A
:106700002003002B03D0786800F034FD73E2D7F843
:10671000D830002B00F0DE80D7F8DC3003F0010326
:10672000002B06D1D7F8E03003F49073002B00F073
:10673000D180D7F8E43003F00103002B0BD0D7F859
:10674000E03003F48073002B05D07B685B6C43F072
:1067500001027B685A64D7F8E43003F00403002B8D
:106760000BD0D7F8DC3003F00103002B05D07B6899
:106770005B6C43F002027B685A64D7F8E43003F0A4
:106780000203002B0BD0D7F8DC3003F00103002B01
:1067900005D07B685B6C43F004027B685A64D7F8D1
:1067A000E43003F00803002B11D0D7F8E03003F0F9
:1067B0002003002B05D1D7F8DC3003F00103002BB8
:1067C00005D07B685B6C43F008027B685A647B6889
:1067D0005B6C002B00F00A82D7F8E43003F0200352
:1067E000002B08D0D7F8E03003F02003002B02D0B4
:1067F000786800F0BFFC7B681B685B6903F04003AE
:10680000402B0CBF01230023DBB2C7F8D4307B68D8
:106810005B6C03F00803002B03D1D7F8D430002BB6
:106820004FD0786800F0CAFB7B681B685B6903F097
:106830004003402B41D17B681B681433C7F89C3060
:10684000D7F89C3053E8003FC7F89830D7F8983015
:1068500023F04003C7F8D0307B681B681433D7F8A7
:10686000D020C7F8A820C7F8A430D7F8A410D7F8CC
:10687000A82041E80023C7F8A030D7F8A030002BAB
:10688000D9D17B68DB6B002B13D07B68DB6B8A4A2A
:106890001A657B68DB6B1846FDF782FB0346002B0D
:1068A00016D07B68DB6B1B6D7A68D26B10469847FD
:1068B0000EE07868FBF770FA0AE07868FBF76CFA8C
:1068C00006E07868FBF768FA7B6800225A648DE17D
:1068D00000BF8BE17B681B6B012B40F06781D7F811
:1068E000E43003F01003002B00F06081D7F8E030B3
:1068F00003F01003002B00F059810023BB607B687C
:106900001B681B68BB607B681B685B68BB60BB68FF
:106910007B681B685B6903F04003402B40F0CE802E
:106920007B68DB6B1B685B68A7F8BE30B7F8BE30CE
:10693000002B00F0A9807B689B8DB7F8BE209A429F
:1069400080F0A2807B68B7F8BE20DA857B68DB6BBD
:10695000DB69B3F5807F00F088807B681B680C33AF
:10696000C7F88830D7F8883053E8003FC7F884303C
:10697000D7F8843023F48073C7F8B8307B681B687D
:106980000C33D7F8B820C7F89420C7F89030D7F860
:106990009010D7F8942041E80023C7F88C30D7F83E
:1069A0008C30002BD9D17B681B6814337B677B6FDD
:1069B00053E8003F3B673B6F23F00103C7F8B43057
:1069C0007B681B681433D7F8B420C7F88020FB67B6
:1069D000F96FD7F8802041E80023BB67BB6F002B1D
:1069E000E1D17B681B6814333B663B6E53E8003F84
:1069F000FB65FB6D23F04003C7F8B0307B681B6874
:106A00001433D7F8B020FA66BB66B96EFA6E41E867
:106A100000237B667B6E002BE3D17B68202283F80A
:106A200042207B6800221A637B681B680C33FB647E
:106A3000FB6C53E8003FBB64BB6C23F01003C7F84A
:106A4000AC307B681B680C33D7F8AC20BA657B652B
:106A5000796DBA6D41E800233B653B6D002BE3D1B6
:106A60007B68DB6B1846FDF72BFA7B6802225A63C2
:106A70007B689A8D7B68DB8D9BB2D31A9BB21946DB
:106A80007868FBF763F9B3E07B689B8DB7F8BE20AD
:106A90009A4240F0AD807B68DB6BDB69B3F5807FA9
:106AA00040F0A6807B6802225A637B689B8D194662
:106AB0007868FBF74BF99BE0837000087B689A8D40
:106AC0007B68DB8D9BB2D31AA7F8CE307B68DB8D59
:106AD0009BB2002B00F08E80B7F8CE30002B00F078
:106AE00089807B681B680C33BB63BB6B53E8003F3A
:106AF0007B637B6B23F49073C7F8C8307B681B689B
:106B00000C33D7F8C8207A643B64396C7A6C41E85E
:106B10000023FB63FB6B002BE3D17B681B68143302
:106B20007B627B6A53E8003F3B623B6A23F00103D0
:106B3000C7F8C4307B681B681433D7F8C4203A63A5
:106B4000FB62F96A3A6B41E80023BB62BB6A002B27
:106B5000E3D17B68202283F842207B6800221A63FD
:106B60007B681B680C333B613B6953E8003FFB606B
:106B7000FB6823F01003C7F8C0307B681B680C3338
:106B8000D7F8C020FA61BB61B969FA6941E800230E
:106B90007B617B69002BE3D17B6802225A63B7F8E3
:106BA000CE3019467868FBF7D1F823E0D7F8E43007
:106BB00003F08003002B09D0D7F8E03003F0800306
:106BC000002B03D0786800F06DFA14E0D7F8E430B9
:106BD00003F04003002B0ED0D7F8E03003F0400361
:106BE000002B08D0786800F0ADFA04E000BF02E0A6
:106BF00000BF00E000BFE837BD4680BD80B483B071
:106C000000AF786000BF0C37BD465DF8047B70476D
:106C100080B483B000AF786000BF0C37BD465DF82C
:106C2000047B704780B59CB000AF78607B689B6B3D
:106C3000FB667B681B681B6803F48073002B72D1B2
:106C4000FB6E0022DA85FB6E1B680C33FB64FB6C69
:106C500053E8003FBB64BB6C23F48073BB66FB6EE0
:106C60001B680C33BA6EBA657B65796DBA6D41E805
:106C700000233B653B6D002BE5D1FB6E1B68143395
:106C8000BB63BB6B53E8003F7B637B6B23F001036B
:106C90007B66FB6E1B6814337A6E7A643B64396CD6
:106CA0007A6C41E80023FB63FB6B002BE5D1FB6EA4
:106CB0001B6814337B627B6A53E8003F3B623B6A8C
:106CC00023F040033B66FB6E1B6814333A6E3A6355
:106CD000FB62F96A3A6B41E80023BB62BB6A002B96
:106CE000E5D1FB6E202283F84220FB6E1B6B012B4B
:106CF00019D1FB6E1B680C333B613B6953E8003FC5
:106D0000FB60FB6823F01003FB65FB6E1B680C3314
:106D1000FA6DFA61BB61B969FA6941E800237B61E8
:106D20007B69002BE5D1FB6E00225A63FB6E1B6B67
:106D3000012B06D1FB6E9B8D1946F86EFBF706F80A
:106D400002E0F86EFFF75AFF00BF7037BD4680BD06
:106D500080B584B000AF78607B689B6BFB60FB689C
:106D600001225A63FB681B6B012B08D1FB689B8DCA
:106D70005B089BB21946F868FAF7E8FF02E0F8688A
:106D8000FFF746FF00BF1037BD4680BD80B584B019
:106D900000AF78600023FB607B689B6BBB60BB68C7
:106DA0001B685B6903F08003802B0CBF0123002369
:106DB000DBB2FB60BB6893F84130DBB2212B08D11A
:106DC000FB68002B05D0BB680022DA84B86800F0AD
:106DD000CDF8BB681B685B6903F04003402B0CBF18
:106DE00001230023DBB2FB60BB6893F84230DBB2C7
:106DF000222B08D1FB68002B05D0BB680022DA8566
:106E0000B86800F0DBF8BB685B6C43F01002BB684D
:106E10005A64B868FAF7C0FF00BF1037BD4680BD9E
:106E200080B598B000AFF860B9601346FB80BA68CF
:106E3000FB689A62FB68FA889A85FB6800225A64AC
:106E4000FB68222283F84220FB68DB6B444ADA634A
:106E5000FB68DB6B434A1A64FB68DB6B424ADA640B
:106E6000FB68DB6B00221A6507F10803FB65FB6812
:106E7000D86BFB681B6804331946FB6D1A68FB88E6
:106E8000FCF7C6FF0346002B08D0FB6810225A64AB
:106E9000FB68202283F8422001235DE000233B6150
:106EA000FB681B681B683B61FB681B685B683B6198
:106EB0003B69FB681B69002B19D0FB681B680C330E
:106EC0003B643B6C53E8003FFB63FB6B43F4807314
:106ED000BB65FB681B680C33BA6DFA64BB64B96CA4
:106EE000FA6C41E800237B647B6C002BE5D1FB68E6
:106EF0001B681433FB62FB6A53E8003FBB62BB6A4A
:106F000043F001037B65FB681B6814337A6DBA6339
:106F10007B63796BBA6B41E800233B633B6B002BCF
:106F2000E5D1FB681B681433BB61BB6953E8003FC4
:106F30007B617B6943F040033B65FB681B6814334E
:106F40003A6D7A623B62396A7A6A41E80023FB61F2
:106F5000FB69002BE5D1002318466037BD4680BD94
:106F6000256C0008516D00088D6D000880B489B053
:106F700000AF78607B681B680C33FB60FB6853E8EC
:106F8000003FBB60BB6823F0C003FB617B681B68EC
:106F90000C33FA69BA617B617969BA6941E8002307
:106FA0003B613B69002BE5D17B68202283F84120BF
:106FB00000BF2437BD465DF8047B704780B495B0B0
:106FC00000AF78607B681B680C337B637B6B53E896
:106FD000003F3B633B6B23F49073FB647B681B684F
:106FE0000C33FA6C3A64FB63F96B3A6C41E80023AA
:106FF000BB63BB6B002BE5D17B681B6814333B6222
:107000003B6A53E8003FFB61FB6923F00103BB646B
:107010007B681B681433BA6CFA62BB62B96AFA6A9D
:1070200041E800237B627B6A002BE5D17B681B6B08
:10703000012B19D17B681B680C33FB60FB6853E89C
:10704000003FBB60BB6823F010037B647B681B6858
:107050000C337A6CBA617B617969BA6941E80023C3
:107060003B613B69002BE5D17B68202283F84220FD
:107070007B6800221A6300BF5437BD465DF8047B6D
:10708000704780B584B000AF78607B689B6BFB6015
:10709000FB680022DA85F868FAF77EFE00BF103739
:1070A000BD4680BD80B485B000AF78607B6893F842
:1070B0004130DBB2212B3ED17B689B68B3F5805F0A
:1070C00014D17B681B69002B10D17B681B6AFB60A5
:1070D000FB681B881A467B681B68C2F308025A606B
:1070E0007B681B6A9A1C7B681A6208E07B681B6AD3
:1070F000591C7A6811621A787B681B685A607B6831
:10710000DB8C9BB2013B9BB27A681946D184002B81
:107110000FD17B681B68DA687B681B6822F08002ED
:10712000DA607B681B68DA687B681B6842F04002A3
:10713000DA60002300E0022318461437BD465DF8EC
:10714000047B704780B582B000AF78607B681B68B5
:10715000DA687B681B6822F04002DA607B682022D4
:1071600083F841207868FAF7DBFD002318460837DA
:10717000BD4680BD80B58CB000AF78600023FB6257
:107180000023BB627B6893F84230DBB2222B40F0D5
:10719000AA807B689B68B3F5805F15D17B681B690B
:1071A000002B11D17B689B6ABB627B681B685B68A4
:1071B0009BB2C3F308039AB2BB6A1A807B689B6ACE
:1071C0009A1C7B689A6224E07B689B6AFB627B68FE
:1071D0009B68B3F5805F07D07B689B68002B0AD162
:1071E0007B681B69002B06D17B681B685B68DAB281
:1071F000FB6A1A7008E07B681B685B68DBB203F00F
:107200007F03DAB2FB6A1A707B689B6A5A1C7B6840
:107210009A627B68DB8D9BB2013B9BB27A68194610
:10722000D185002B5DD17B681B68DA687B681B68A1
:1072300022F02002DA607B681B68DA687B681B68D2
:1072400022F48072DA607B681B685A697B681B686D
:1072500022F001025A617B68202283F842207B6879
:1072600000225A637B681B6B012B35D17B6800229F
:107270001A637B681B680C337B617B6953E8003FB2
:107280003B613B6923F010037B627B681B680C3316
:107290007A6A3A62FB61F9693A6A41E80023BB61A4
:1072A000BB69002BE5D17B681B681B6803F01003EA
:1072B000102B0AD10023FB607B681B681B68FB60F6
:1072C0007B681B685B68FB60FB687B689B8D19466D
:1072D0007868FAF73BFD02E07868FFF78FFC00233F
:1072E00002E0002300E0022318463037BD4680BD8F
:1072F0002DE9B04FC0B000AFC7F8F400D7F8F430B4
:107300001B681B6923F44050D7F8F430D968D7F8CC
:10731000F4301A6840EA01031361D7F8F4309A6830
:10732000D7F8F4301B691A43D7F8F4305B691A4375
:10733000D7F8F430DB691343C7F8F830D7F8F430E6
:107340001B68DB6823F4164121F00C01D7F8F430F8
:107350001A68D7F8F8300B43D360D7F8F4301B68BD
:107360005B6923F44070D7F8F4309969D7F8F430AA
:107370001A6840EA01035361D7F8F4301A688F4B5A
:107380009A4205D0D7F8F4301A688D4B9A4204D14E
:10739000FEF7F4FFC7F8FC0003E0FEF7DBFFC7F8D9
:1073A000FC00D7F8F430DB69B3F5004F40F00C81F6
:1073B000D7F8FC300022C7F8E830C7F8EC20D7E94E
:1073C0003A4522462B469118B9655B41FB65D7E9E2
:1073D0001623214612EB0108294643EB01094FF021
:1073E00000024FF000034FEAC90343EA58734FEA23
:1073F000C80290469946234618EB0303C7F8E030CD
:107400002B4649EB0303C7F8E430D7F8F4305B6848
:107410000022C7F8D830C7F8DC20D7E936120B466F
:10742000DB183B65134642EB03037B65D7E9142366
:10743000D7E93801F9F7E0FB02460B46614BA3FBA5
:1074400002235B091C01D7F8FC300022C7F8D030BA
:10745000C7F8D420D7E9348942464B469118B9641D
:107460005B41FB64D7E91223414612EB010A49460E
:1074700043EB010B4FF000024FF000034FEACB0348
:1074800043EA5A734FEACA0292469B4643461AEBB6
:107490000303C7F8C8304B464BEB0303C7F8CC30A7
:1074A000D7F8F4305B680022C7F8C030C7F8C420B2
:1074B000D7E930120B46DB183B64134642EB03035B
:1074C0007B64D7E91023D7E93201F9F795FB02462F
:1074D0000B4611463B4BA3FB01235B09642202FBD5
:1074E00003F3CB1ADB0003F13202364BA3FB02237A
:1074F0005B095B0003F4F8731C44D7F8FC300022EE
:10750000C7F8B830C7F8BC20D7E92E8942464B46A9
:107510009118B9635B41FB63D7E90E2341465118CB
:10752000396349464B417B634FF000024FF0000343
:10753000D7E90CAB5946CB00514643EA517351464B
:10754000CA0010461946034642469B18C7F8B03099
:107550004B460A4642EB0303C7F8B430D7F8F43081
:107560005B680022C7F8A830C7F8AC20D7E92A1218
:107570000B46DB18BB62134642EB0303FB62D7E901
:107580000A23D7E92C01F9F737FB02460B460D4BCE
:10759000A3FB02135B09642101FB03F3D31ADB0095
:1075A0003233084AA2FB03235B0903F00702D7F832
:1075B000F4301B6822449A6006E100BF00100140CD
:1075C000001401401F85EB51D7F8FC300022C7F8AA
:1075D000A030C7F8A420D7E9288942464B46911825
:1075E00039625B417B62D7E908234146541849461A
:1075F00043EB01054FF000024FF00003EB0043EABC
:107600005473E20014461D464346E318C7F8983009
:107610004B4645EB0303C7F89C30D7F8F4305B6862
:107620000022C7F89030C7F894204FF000024FF0C6
:107630000003D7E9244529468B00214643EA91738C
:1076400021468A00D7E92601F9F7D6FA02460B4609
:10765000604BA3FB02235B091C01D7F8FC3000221E
:10766000C7F88830C7F88C20D7E9228942464B46B4
:107670009118B9615B41FB61D7E906234146511876
:10768000396149464B417B614FF000024FF00003E6
:10769000D7E904AB5946CB00514643EA51735146F2
:1076A000CA0010461946034642469B18C7F8803068
:1076B0004B460A4642EB0303C7F88430D7F8F43050
:1076C0005B680022BB67FA674FF000024FF00003CF
:1076D000D7E91E8949468B00414643EA91734146EA
:1076E0008A00D7E92001F9F787FA02460B461146CE
:1076F000384BA3FB01235B09642202FB03F3CB1A83
:107700001B013233334AA2FB03235B0903F0F0036E
:107710001C44D7F8FC3000223B677A67D7E91C8904
:1077200042464B469118B9605B41FB60D7E90223A2
:1077300041465118396049464B417B604FF0000289
:107740004FF00003D7E900AB5946CB00514643EA5E
:1077500051735146CA0010461946034642469B18CB
:10776000BB664B460A4642EB0303FB66D7F8F43090
:107770005B6800223B667A664FF000024FF0000320
:10778000D7E9188949468B00414643EA917341463F
:107790008A00D7E91A01F9F72FFA02460B460D4B7A
:1077A000A3FB02135B09642101FB03F3D31A1B0142
:1077B0003233084AA2FB03235B0903F00F02D7F818
:1077C000F4301B6822449A6000BF07F58077BD46FD
:1077D000BDE8B08F1F85EB5170B504460D4645ECF2
:1077E000104B164602F016F851EC100B7EB1C5F3A3
:1077F0000A53C3F16B03002B09DD1B0503F17F5511
:10780000002405F5401522462B46F8F7D5FE41EC3D
:10781000100B70BD000000002DE9F04F9DB00E462A
:1078200015920022049018924FF000084FF00009C2
:1078300017910A782B2A0D4601F101011DD00BD8B2
:107840000D2A06D8082AF3D87AB100230B939A465A
:1078500083E0202AECD0F8E72D2A10D10122691C00
:1078600017910B926A78002A37D1159B1796002B37
:1078700040F0958542464B462AE00022EFE7002182
:107880000B91302A40F09B806A7802F0DF02582A80
:107890005AD102930B9B019318AB0093814A049831
:1078A00019AB17A901F0A8F810F00F06044605D08F
:1078B000062E14D10135002317950B93159B002B31
:1078C00040F06F850B9B002BD4D0424609F100435A
:1078D00043EC102B1DB0BDE8F08F0D46D1E7189A90
:1078E0003AB135211AA802F08FF81899049801F0DE
:1078F00055FC013E042E06D8DFE806F014031E21D5
:107900001400DDE91A89E00548BF49F0004929F073
:1079100000431B0D1B05002BD0D100F071FF22236B
:107920000360CBE7DDE91A83199A23F4801302F28E
:10793000334243EA0259E6E7DFF87091E3E76FF07C
:1079400000494FF0FF38DEE7013517952B78302BD3
:10795000FAD0002BB2D04FF0010A00272B460E9729
:10796000BB460A21184613F8014BA4F13002092A3C
:1079700028D94D49012200F0D5FE002834D000203E
:10798000CDE9060022465C46652A01D0452A14D17D
:1079900024B95AEA00033FF468AF0024179E731C11
:1079A000179372782B2A73D02D2A77D04FF0000CC2
:1079B000A2F13003092B7FD9179600239EE04FF0E8
:1079C000000ACAE7BBF1080FD8BF0E9A1793DBBFB6
:1079D00001FB0242303A01FB07420E92C8BFA2F1FE
:1079E00030070BF1010BBDE7179B5A1C17925A7811
:1079F000BBF1000F34D006905C46A2F13003092B96
:107A000012D901230793BFE7179B5A1C17925A7884
:107A10000130302AF8D0A2F13103082B00F2C684DD
:107A20000690179D00200446303A00F1010311D062
:107A3000069919440691234620440A21834203F102
:107A400001040FD1082B18DC0E990A2303FB012334
:107A50000E930023179A511C179152781846CCE7C1
:107A60005846D6E7082B04DC0E9C4C430E94013399
:107A7000E4E7102CD8BF4F43F9E70F2BDCBF0A23F4
:107A800003FB0727E5E700210123CDE9061380E783
:107A90004FF0000CB31C1793B27889E74FF0010C3C
:107AA000F8E700BF84B0000808AF00080000F07FCE
:107AB000179B5A1C17925A78302AF9D0A2F1310339
:107AC000082B3FF67AAF179B0593A2F1300E0133D6
:107AD00017931A78A2F1300109293CD905995B1A4C
:107AE000082B44F61F633CDC9E457146A8BF19462F
:107AF0000591BCF1000F02D0059B5B420593002C61
:107B000050D15AEA00007FF4D9AE079B002B7FF4D6
:107B1000ACAE692A29D026DC492A26D04E2A7FF429
:107B2000A4AEA14917A801F089F900283FF49DAE41
:107B3000179B1B78282B2FD19C491AAA17A801F054
:107B400091F9052828D11B9BDDF8688043F0FF4997
:107B500049F4E009B2E60A2101FB0E22A2F1300E3F
:107B6000B5E70593C5E76E2AD9E7914917A801F053
:107B700065F900283FF479AE179B8E49013B17A8A1
:107B8000179301F05BF910B9179B01331793DFF8D6
:107B900034924FF0000891E6874800F06DFE59ECF2
:107BA000108B8BE6DDE905320E989B1ABBF1000FB6
:107BB00008BFA346102C0A93A246A8BF4FF0100A94
:107BC000F8F780FC092C8046894613DC0A9B002BC1
:107BD0003FF474AE0A9B73DD162B5ADC774901EB38
:107BE000C301D1E9000142464B46F8F7E5FC804667
:107BF000894663E6714B03EBCA0353E91223F8F796
:107C0000DBFC804638468946F8F75CFC02460B46AA
:107C100040464946F8F71AFB0F2C80468946D5DDC9
:107C20000A9BA4EB0A0A9A44BAF1000F40F397802A
:107C30002AF00F061AF00F0A51D1B6F59A7F5EDCD2
:107C40000023DFF87CA13611404649461F46012E2D
:107C500079D10BB1804689465949A9F1547901EB94
:107C6000C70142464B46D1E90001F8F7A5FC554B48
:107C70000A460B4054498B42804640D8A1F58011FA
:107C80008B4286BFDFF844914FF0FF3802F1547900
:107C900032E00A9AC4F125039342C1DB474DC4F197
:107CA0000F0405EBC40142464B46D1E90001F8F749
:107CB00083FC0A9B1C1B05EBC405D5E9002394E754
:107CC0001633ADDBDDE905239A1A3C4B03EBC20307
:107CD000D3E9002340464946F8F798FD87E737493E
:107CE00001EBCA0142464B46D1E90001F8F764FCBA
:107CF00080468946002EA0D100230793A0E00024EF
:107D000005940E940694049ADFF8B8902223136029
:107D10004FF000080E9B002B3FF4D0AD189904984B
:107D200001F03CFA0699049801F038FADDE9040103
:107D300001F034FA0E99049801F030FA04982146C3
:107D400001F02CFABAE5F20704D5DAE90023F8F7D6
:107D500033FC0123013776100AF1080A77E7CBD00C
:107D6000CAF1000A4FEA2A161AF00F0A0DD11F2E87
:107D70002EDD002405940E940694049A22234FF0DD
:107D800000084FF000091360C4E70C4B03EBCA0373
:107D900040464946D3E90023F8F738FD8046894636
:107DA000002EA9D0E3E700BF13AF000870B00008B1
:107DB0000AAF00080DAF00086FB00008F8B1000866
:107DC000D0B100080000F07F0000A07CFFFFEF7F33
:107DD00016F0100318BF6A23764F079340464946B2
:107DE0000023F20704D5D7E90023F8F7E5FB0123C8
:107DF000761007F10807F4D10BB180468946079B3E
:107E0000B3B1C9F30A52C2F16B03002B49460FDD2F
:107E10001F2B57DD342BDEBF4FF0FF33C2F14B0277
:107E200093404FF00008CCBF4FF05C7903EA0109A2
:107E30000022002340464946F8F726FE002898D144
:107E40000E9B0093049823465A46294601F00EFAE9
:107E50000E9000283FF453AFDDE905239B1A0A9AE0
:107E6000002AA8BF00231293002422EAE27314938D
:107E700005940E9B0498596801F052F90690002869
:107E80003FF441AF0E9B1A69023203F10C019200DC
:107E90000C3000F0E2FC49EC108B04981AAA19A9E6
:107EA000CDE90C8901F026FD189000283FF42BAF96
:107EB0000498012101F070FA0590034648B90023A7
:107EC000059320E74FF0FF3202FA03F303EA0808B4
:107ED000AEE7199D1A9A002DABBF129B149B149EFE
:107EE000129FACBFEF185E1B079BED1A1544324B77
:107EF000013D9D42C2F136024FDA5B1B1F2BA2EB04
:107F000003024FF001013CDC01FA03FA4FF0000BD1
:107F1000BD18079BAF4216441E443B46A8BF2B46E4
:107F2000B342A8BF3346002BC2BFED1AF61AFF1AA0
:107F3000129B002B16DDDDE904011A4601F0ECFA74
:107F400005900028BBD00146189A049801F03AFA2F
:107F50000F9000283FF4D7AE1899049801F01EF94D
:107F60000F9B1893002D1BDC0A9B002B26DD149A17
:107F70000699049801F0D0FA0690F8B90023069308
:107F8000C1E6C5F17F4505F57F0505F57B45E23581
:107F900001FA05FB4FF0010ABAE74FF0000BF9E7D1
:107FA000189904982A4601F013FB18900028DBD199
:107FB000A9E600BF98B0000802FCFFFF002E07DD15
:107FC00006990498324601F003FB06900028D5D0AC
:107FD000002F08DDDDE904013A4601F0F9FA0590C9
:107FE00000283FF490AE069A1899049801F07AFBA5
:107FF000044600283FF487AEC3680F930023059919
:10800000C36001F053FB00283CDA0F9B53EA0803DE
:108010005ED1C9F313034D46002B59D129F000431B
:108020001B0D1B05B3F1D66F52D9636913B92369D0
:10803000012B4DDD21460122049801F0C9FA059972
:10804000044601F033FB002842DDAD4B079A2B407C
:10805000002A5FD0B3F1D66F5CD8B3F15C7F7FF6B6
:108060008CAEA84B404649460022F8F7A5FAA44B2F
:108070000B4080468946002B7FF450AE049A2223A1
:1080800013604BE64D4662D10F9AC9F3130342B316
:108090009D4A934228D1079B4146EBB1984B2B4018
:1080A000B3F1D46F4FF0FF3219D81B0DC3F16B033E
:1080B00002FA03F3994217D1944B9D4202D1013148
:1080C0003FF421AE8E4B2B4003F580194FF0000892
:1080D000079B002BC5D121E64FF0FF33EAE713469B
:1080E000E8E753EA0803B0D0BBF1000F1BD01BEA4E
:1080F000050FEDD00F9B079A40464946B3B1FFF7F5
:108100006BFBDDE90C0153EC102BF8F79FF8804670
:108110008946DDE7A3F580136FEA13596FEA095921
:108120004FF0FF38D4E71AEA080FE2E7FFF754FBF5
:10813000DDE90C0153EC102BF8F786F80022002340
:1081400080468946F8F7A0FC0028C1D015E60599BD
:10815000204601F027FC57EC106B00224FF08043C3
:1081600030463946F8F7A4FC002870D00F9B002B4E
:108170007BD1B8F1000F56D1C9F31303002B58D1AE
:10818000634B002230463946F8F788FC002859D165
:10819000604B002230463946F8F70EFA82468B468D
:1081A0000BF10043CDF820A00993554B544A2B40C6
:1081B0001393594B2A409A42DDE9086740F0B0809A
:1081C000A5F1547949EC108B01F024FBDDE908237B
:1081D00051EC100BF8F7F0F942464B46F8F736F839
:1081E000474D4E4A0D409542804645D90D9A474B22
:1081F0009A4203D10C9B01333FF485ADDFF80C911B
:108200004FF0FF381899049800F0C8FF06990498B9
:1082100000F0C4FFDDE9040100F0C0FF049821462E
:1082200000F0BCFF25E6B8F1010F02D1002D3FF4AC
:10823000A4AD9FED2B7BDFF8D8B08DED087B4FF020
:10824000000AB2E7DFF8CCB04FF0000AA8E7314BE4
:10825000002230463946F8F7AFF90F9B82468B462D
:10826000002B9DD0CDE908AB9FE79FED1F7B8DEDE7
:10827000087B5BEC17AB98E701F15479079B002B67
:10828000C0D129F00043139A1B0D1B059A42B9D1A6
:108290005046594602F0E8FAF8F760F902460B46F4
:1082A00050465946F7F7D0FF0F9AC9F3130343EA34
:1082B0000803134306460F466BD00DA3D3E90023F2
:1082C000F8F7ECFB00287FF429AD0BA3D3E90023DA
:1082D00030463946F8F700FC002893D01EE500BF71
:1082E000000000000000F0BF000000000000F03FB0
:1082F0009535A094FFFFDF3F35E5AF350000E03F47
:108300000000F07F00005039FFFF0F00FFFFEF7FFC
:108310000000F03F0000E03F0000E07FFFFF9F7C97
:10832000079B13B3139BB3F1D46F1ED824A3D3E9D7
:10833000002350465946F8F7BBFB90B159465046CA
:10834000F8F7EAFB012838BF0120F8F7BBF80F9BCC
:1083500082468B46D3B901F1004310901193DDE9B9
:108360001067139A07F1D6639F1A9DED0C0B01F06D
:1083700051FA304653EC102B3946F8F71DF9DDE978
:108380000C23F7F763FF8046894677E7CDE910AB0A
:10839000E5E70DA3D3E90023F8F780FB9CE7002372
:1083A0000B93159A179B1360FFF78CBA652A3FF45D
:1083B0006AAB452A3FF467AB01230793FFF7A1BBE4
:1083C0000000C0FFFFFFDF419535A094FFFFCF3FC6
:1083D0002DE9F041DFF8BC80294B0A462DED028BD8
:1083E0000146D8F80000FFF717FA55EC104B22466B
:1083F0002B4620462946F8F779FB90B1002D2148FD
:1084000009DA00F041FAB1EE408AB0EE480ABDEC5C
:10841000028BBDE8F081BDEC028BBDE8F04100F0BD
:1084200033BA20462946F8F797FB08EE100ADFED2D
:10843000167AB0EEC87AB4EE677AF1EE10FA11DD72
:1084400025F00047114B4FF0FF3220463946F8F730
:108450004DFB80B90D4B4FF0FF3220463946F8F7FF
:1084600027FB40B918EE103A13F0FF4FCDD1084B5F
:108470002B40002BC9D0D8F8003022221A60C4E764
:108480001C0000206FB00008FFFF7F7FFFFFEF7F21
:108490000000F07F88010020002310B50446C0E9E9
:1084A0000033C0E90433836081814366C281836104
:1084B000194608225C3000F02DF90D4B63620D4B1C
:1084C000A3620D4BE3620D4B23630D4B24629C4270
:1084D00006D003F16802944202D0D0339C4205D109
:1084E00004F15800BDE8104000F0B4B910BD00BF61
:1084F0008D860008AF860008E78600080D87000813
:10850000FC1B0020024A0349034800F06BB800BF7F
:108510001000002085A100088C01002041680C4B50
:10852000994210B5044601D001F02CFEA168094B18
:10853000994202D0204601F025FEE168064B99429F
:1085400004D02046BDE8104001F01CBE10BD00BFA5
:10855000FC1B0020641C0020CC1C00200C4B0D4A8E
:108560000D4810B504211A600022FFF795FF0A4B51
:1085700001221C46092103F16800FFF78DFF04F179
:10858000D0000222BDE810401221FFF785BF00BFD6
:10859000341D002005850008FC1B0020014800F068
:1085A0005AB900BF3D1D0020014800F055B900BF79
:1085B0003D1D002010B50446FFF7F0FF236A1BB1F4
:1085C000BDE81040FFF7F0BF044B2362044B1B686B
:1085D000002BF5D1FFF7C2FFF2E700BF1D850008B1
:1085E000341D00202DE9F84307468846144600262E
:1085F000D4E90195B9F1010905D52468002CF7D11A
:108600003046BDE8F883AB89012B07D9B5F90E30A8
:10861000013303D029463846C04706436835E9E7A9
:108620000CB430B5184B0C1E1D689DB008DA8B23B6
:108630002B604FF0FF301DB0BDE8304002B07047F6
:108640004FF40273ADF814304FF000031B9314BFC6
:1086500004F1FF332346049307934FF6FF73029010
:108660000690ADF81630209A21AB02A92846019356
:1086700001F07CFA431CBCBF8B232B60002CDAD0AA
:10868000029B00221A70D6E78801002010B50C4624
:10869000B1F90E1000F090F80028ABBF636DA3890C
:1086A0001B1823F48053ACBF6365A38110BD2DE973
:1086B000F0411F468B89DB0505460C46164605D55D
:1086C000B1F90E100223002200F064F8A389B4F976
:1086D0000E1023F48053A38132463B462846BDE862
:1086E000F04100F07BB810B50C46B1F90E1000F067
:1086F00051F8B4F90C30421C0BBF23F4805343F4FF
:108700008053A381A38118BF606510BDB1F90E101D
:1087100000F030B802440346934200D1704703F89A
:10872000011BF9E710B56AB10139841810F8012B63
:1087300011F8013F9A4203D1A04201D0002AF5D19D
:10874000D01A10BD1046FCE70A7870B56AB970BD42
:108750009A4209D10C46054614F8013F002BF6D089
:1087600015F8016F9E42F7D001300378002BEFD14E
:108770001846ECE738B5064D0023044608462B6042
:10878000FAF750FB431C02D12B6803B1236038BDBC
:10879000381D002038B5074D044608461146002212
:1087A0002A601A46FAF765FB431C02D12B6803B115
:1087B000236038BD381D002038B5074D04460846F3
:1087C000114600222A601A46FAF7F3FA431C02D136
:1087D0002B6803B1236038BD381D002038B5074D24
:1087E00004460846114600222A601A46FAF7FEFAA5
:1087F000431C02D12B6803B1236038BD381D002013
:10880000014B1868704700BF8801002070B50D4B00
:108810000D4D5B1B9C100026A64209D102F0D6F933
:108820000A4D0B4B5B1B9C100026A64205D170BD68
:1088300055F8043B98470136EEE755F8043B984756
:108840000136F2E7C8B20008C8B20008C8B2000892
:10885000CCB200087047704770470A44914200F15B
:10886000FF3300D1704710B511F8014B03F8014FE9
:108870009142F9D110BD00009FED010B704700BF80
:10888000000000000000F87F9FED010A704700BF64
:108890000000C07F38B50546002941D051F8043C9E
:1088A0000C1F002BB8BFE41800F02EFC1D4A136803
:1088B00033B9636014602846BDE8384000F02ABC34
:1088C000A34208D9206821188B4201BF19685B6850
:1088D00009182160EDE71A465B680BB1A342FAD98B
:1088E00011685018A0420BD12068014450188342EF
:1088F0001160E0D118685B68536008441060DAE7E3
:1089000002D90C232B60D6E7206821188B4204BFC4
:1089100019685B68636004BF091821605460CAE786
:1089200038BD00BF441D00200369B3EB611F2DE972
:10893000F0434FEA611200F1140445DD11F01F010C
:1089400004EB830604EB82050CD100F110072946E5
:10895000B14234D39B1A9B00EA1E964238BF0023D3
:10896000234415E054F82270C1F12008CF4005F1EE
:10897000040EA1467645F44615D89A1A9200043A98
:108980000135AE4238BF0022A318A75007B1043307
:108990001A1BA3424FEAA20208BF0023026108BFCC
:1089A0004361BDE8F083DCF800C00CFA08FC4CEA37
:1089B000070749F8047B5EF8047BCF40DAE751F8FB
:1089C00004CB47F804CFC3E72346E1E7A0F1300327
:1089D000092B02D82038C0B27047A0F16103052BE3
:1089E00001D84738F7E7A0F14103052B01D8273814
:1089F000F1E70020704700002DE9F04F85B08A466E
:108A000002930B68019090469C1CA14614F8010B40
:108A10003028FAD0A9EB0303A3F1020BFFF7D6FF2E
:108A20000546002868D1A04901224846FFF77AFE92
:108A30000746002867D199F801002646FFF7C6FFD0
:108A4000002862D0234618783028994603F10103A4
:108A5000F9D0FFF7BBFFB0FA80F56D094FF0010BBD
:108A60004A46164601323078FFF7B0FF0028F8D1A9
:108A70008D4901223046FFF755FE00283FD144B909
:108A8000741C2246164601323078FFF79FFF0028FB
:108A9000F8D1A41BA700337803F0DF03502B3ED19D
:108AA00073782B2B33D02D2B34D0711C00240878F5
:108AB000FFF78CFF431EDBB2182B30D8A0F1100259
:108AC00011F8010FFFF782FF00F1FF3C5FFA8CFC09
:108AD000BCF1180F4FF00A031ED904B152421744DB
:108AE000CAF80010EDB1BBF1000F0CBF0625002540
:108AF000284605B0BDE8F08F00252C46B0E7002CD5
:108B0000C7D12746C7E74E462F460125C3E70024B5
:108B1000B11CCCE70124FBE703FB0200CEE73146A2
:108B2000DEE7A6EB0903013B2946072B0ADC019887
:108B300000F0F6FA044640B95C4B0246E4215C487A
:108B400001F072FB01315B10EFE700F1140A002322
:108B500055469B46B14537D345F804BBA5EB0A05FE
:108B6000AD102561584600F0CBFB6D01D8F80060D0
:108B70002D1AB54254DDAD1B2946204600F067FF93
:108B8000814678B16B1E591103F01F025AF821106B
:108B90004FF0010909FA02F20A4203D04B4536DCD4
:108BA0004FF0020929462046FFF7BEFE2F44D8F8B1
:108BB0000830BB4242DA0198214600F0EFFA0E9AE3
:108BC00000231360A32593E716F8012D2E2A12D057
:108BD000202B04D145F804BB4FF0000B5B463078E6
:108BE0000393FFF7F3FE039B00F00F0098404BEA5E
:108BF000000B0433AEE7B145EAD82B4903930122B9
:108C00003046FFF78FFD039B0028E1D1A2E7A91EA4
:108C1000204600F01CFF0028C2D04FF00309C1E736
:108C200009DA751B214601982A4600F0D1FC7F1B0A
:108C3000044600F1140A4FF00009B8E7D8F80450D0
:108C4000BD426FDDED1BAE4234DCD8F80C30022B98
:108C500022D0032B24D0012B15D1AE4213D1012EEB
:108C60000BD1029AD8F80430136001232361CAF8AB
:108C700000300E9B62251C603AE7711E204600F012
:108C8000E6FE0028EDD10198214600F087FA0E9A01
:108C90000023136050252BE70F9B002BF3D1E0E757
:108CA0000F9B002BDDD1EEE708AF00081EAF0008D8
:108CB0002FAF00086F1EB9F1000F30D127B1394630
:108CC000204600F0C4FE81467A1101235AF8222082
:108CD00007F01F07BB4013422946204618BF49F042
:108CE0000209FFF721FED8F80470761B0225B9F1BE
:108CF000000F47D0D8F80C30022B15D0032B17D01B
:108D0000012B09D119F0020F06D0DAF8003049EA38
:108D1000030919F0010F0ED145F0100532E04FF0B4
:108D20000109D1E70125E2E70F9BC3F101030F938E
:108D30000F9B002BF0D0D4F810B004F114034FEACD
:108D40008B0A03EB8B014FF0000C184653F8042BF1
:108D5000B2F1FF3F1BD001320260022D04F1140377
:108D60003CD1D8F80020013AB24209D17111012258
:108D700053F8213006F01F0602FA06F61E423AD1D9
:108D800045F020050E9B1C60029B1F60B0E69942D7
:108D900043F804CCD9D8A3689B4517DB61680198D8
:108DA000013100F0BDF9814618B91A4B0246842101
:108DB000C5E62269023204F10C0192000C30FFF783
:108DC0004CFD2146019800F0E9F94C4623695A1CF4
:108DD00004EB8303226101225A61BEE722695A45EE
:108DE0000BDD01212046FFF79FFDD8F80830013741
:108DF000BB42FFF6E0AE0125C2E716F01F06FAD02F
:108E00005344C6F1200653F8040C00F079FAB0423E
:108E1000E7DBF0E71EAF0008C2F10802920070B570
:108E2000C2F120064368046803FA06F52C43D340D8
:108E3000046040F8043F8842F4D370BD30B5036845
:108E4000013311F8014B14B90360012030BD13F850
:108E5000012BA2F14105192D98BF2032A242F0D07A
:108E60000020F3E72DE9F04F0B6801685E1102EB7B
:108E7000860613F01F0387B018BF04360025371F7E
:108E800082469046019346F8045CB9463C460295FA
:108E9000AB464A784B1C039342B3104605910492AB
:108EA000FFF794FD002853D1049A0599202A18D879
:108EB000029B9B4513DD4C4506D2072D04DC2A4658
:108EC00049462046FFF7A8FF444554D90023A4F1A2
:108ED000040944F8043CCDF808B04C461D460399FB
:108EE000D7E7292A59D10231CAF80010BBF1000F87
:108EF00053D04C4506D2072D04DC2A46494620466D
:108F0000FFF78AFF444538D9A8F10402234653F8F5
:108F1000041B42F8041F9F42F9D23B1B23F00303BA
:108F20000134033EB44288BF002308F10402134415
:108F300000211A4604339F421160FAD23B681BB9E4
:108F4000474528D101233B60052007B0BDE8F08FDD
:108F50000135082D0BF1010B06DD4445BFD9002377
:108F600044F8043C0125043C226800F00F0040EA6C
:108F700002102060B3E70825B1E7019B002BDDD08C
:108F8000C3F120034FF0FF32DA4056F8043C13409F
:108F900046F8043CD2E7043FD0E70420D5E70000C0
:108FA00070B50F4E0C463168054611B901F02CF929
:108FB00030602146284601F027F9431C03D14FF0C9
:108FC000FF34204670BDC41C24F00304A042F8D036
:108FD000211A284601F018F90130F2D1EFE700BF5D
:108FE000401D00202DE9F843CD1C25F00305083570
:108FF0000C2D38BF0C25002D064601DBA94204D9F3
:109000000C2333600020BDE8F883DFF8D48000F043
:109010007BF8D8F800301C4644BB29463046FFF7A1
:10902000BFFF431C044658D1D8F800402746002F04
:1090300043D1002C4BD023683946304604EB03095A
:1090400001F0E2F8814542D121686D1A2946304687
:10905000FFF7A6FF01303AD023682B442360D8F8ED
:1090600000305A6862BBC8F800700FE02268521BDB
:1090700020D40B2A17D96119A342256018BF596063
:10908000636808BFC8F8001062514B60304600F0BA
:1090900041F804F10B00231D20F00700C21A1CBF89
:1090A0001B1AA350AFE76268A3420CBFC8F80020A8
:1090B0005A60EBE723466468AEE73C467F68B6E754
:1090C0001A465B68A342FBD100235360DEE70C2302
:1090D0003360304600F01EF894E70560D6E700BF25
:1090E000441D002082B001B901A942B14BB11378EF
:1090F0000B601278101E18BF012002B07047104696
:10910000FBE76FF00100F8E70148FFF7A4BB00BFE1
:109110003C1D00200148FFF79FBB00BF3C1D002005
:1091200070B5C46905460E4684B9102001F0AEF84A
:109130000446E86128B90246164B17486B2101F036
:1091400073F80023C0E901330360C360E36853B9D7
:1091500021220421284601F085F8EB69E060DB68F4
:109160000BB9002070BD53F8260030B1026843F8F7
:1091700026200023C0E90333F4E7012101FA06F4B5
:10918000621D9200284601F06DF80028E9D0C0E980
:109190000164EEE790AF0008A7AF000870B5C6699C
:1091A00005460C4676B9102001F070F80246E861D9
:1091B00020B9094B09488F2101F036F8C0E9016652
:1091C0000660C6603CB1EB696268DB6853F8221048
:1091D000216043F8224070BD90AF0008A7AF00089F
:1091E0002DE9F0410D6907460C461E4601F1140CAD
:1091F0000020DCF8003099B202FB01611E0C0B0C60
:1092000002FB063389B2013001EB034185424CF881
:10921000041B4FEA1346ECDC0EB3A368AB4219DC27
:10922000616838460131FFF77BFF804628B9024666
:109230000C4B0D48BA2100F0F7FF2269023204F10D
:109240000C0192000C30FFF708FB21463846FFF76F
:10925000A5FF444604EB850301355E612561204688
:10926000BDE8F0811EAF0008A7AF00082DE9F84364
:109270000C4615461F4609220833064693FBF2F3B7
:10928000002101229A4209DB3046FFF749FF40B92D
:109290000246194B1948D32100F0C6FF5200013194
:1092A000F0E7089B4361092D4FF00103036116DDD0
:1092B00004F10908C1462C4419F8013B0146303B32
:1092C0000A223046FFF78CFFA145F5D1A844A8F14A
:1092D00008042D1B63199F4204DCBDE8F8830A349F
:1092E0000925F6E714F8013B0146303B0A223046D7
:1092F000FFF776FFEEE700BF1EAF0008A7AF00083C
:10930000B0F5803F034636BF030400201020B3F1C0
:10931000807F3CBF1B020830B3F1805F3CBF1B0164
:109320000430B3F1804F3CBF9B000230002B05DBC3
:1093300013F0804F00F1010008BF20207047036840
:10934000024613F007000BD0D90721D4980749BF74
:109350005B089B08012013605CBF1360022070470C
:1093600099B209B91B0C1020D9B209B908301B0AEF
:10937000190704BF1B090430990704BF9B0802307A
:10938000D90703D45B0800F1010003D013607047D4
:10939000002070472020704710B50C460121FFF7D0
:1093A000BFFE024628B9054B054840F2451100F0C2
:1093B0003BFF01234461036110BD00BF1EAF0008E5
:1093C000A7AF00082DE9F04FD1F81090D2F810A007
:1093D000D14585B08846144604DB53460C46CA4640
:1093E00090469946A36861680AEB0906B342B8BF84
:1093F0000131FFF795FE30B90246454B45484FF421
:10940000B17100F011FF00F1140505EB86072B4642
:109410000022BB421FD304F1140C08F114010CEB21
:109420008A0301EB890202921A1B153A22F0030209
:1094300015349C4288BF00220192029A03918A420D
:109440000CD8002E03DD57F8043D002B5DD00661DB
:1094500005B0BDE8F08F43F8042BDAE7B1F800A0BF
:10946000BAF1000F24D0E046A9464FF0000E58F89C
:10947000042BD9F800401FFA82FBA4B20AFB0B446C
:109480004FEA124BD9F8002074444FEA124E0AFBFF
:109490000BE202EB1442A4B244EA0244434549F809
:1094A000044B4FEA124EE2D8019AAA18C2F804E01F
:1094B000039AB2F802800431B8F1000F23D02A6871
:1094C000E6469146AA464FF0000BBEF8004008FB66
:1094D00004B404EB194492B242EA04424AF8042B61
:1094E0005EF8042BDAF800904FEA124B1FFA89F26B
:1094F00008FB0B2202EB144273454FEA124BE4D8EF
:10950000019C2C196260043597E7013E99E700BF82
:109510001EAF0008A7AF00082DE9F843174612F068
:10952000030280460D4607D0264C013A002354F82A
:109530002220FFF755FE0546BF103FD0D8F81C404B
:1095400094B9102000F0A2FE0446C8F81C0030B9FF
:1095500002461D4B1D4840F2B31100F065FE00238A
:10956000C0E901330360C360A66846B940F27121C7
:109570004046FFF711FF0023A060064603602C461B
:109580004FF0000907F001037F1053B1294632461E
:109590004046FFF717FF214605464046FFF7FEFD10
:1095A00067B1306838B9324631464046FFF70AFFA6
:1095B0003060C0F8009006462C46E3E72846BDE838
:1095C000F88300BFC4B1000890AF0008A7AF00083F
:1095D0002DE9F84F0C464968236903EB6218A3682C
:1095E000074615464FEA621A08F101094B450BDBA5
:1095F0003846FFF795FD064648B90246294B2A48EA
:109600004FF4EF7100F010FE01315B00EEE7002334
:1096100000F1140C00F110021946534535DB2269A4
:109620002AEAEA7A0CEB8A0C04F1140315F01F0EF7
:10963000614603EB82022CD0CEF1200A0025186887
:109640008B4600FA0EF02843CBF8000053F8045B79
:109650009A4201F1040125FA0AF5F0D8131B153BD3
:1096600023F0030304F115018A4238BF00239C4410
:10967000CCF8045005B9C1463846C6F810902146CA
:10968000FFF78CFD3046BDE8F88F42F8041F013328
:10969000C3E753F8045B0D609A4201F10401F8D866
:1096A000E9E700BF1EAF0008A7AF00080A6903463C
:1096B0000069801A30B50ED11433143103EB8204E3
:1096C00001EB820154F8045D51F8042D954203D05A
:1096D00005D24FF0FF3030BDA342F3D3FBE70120AA
:1096E000F9E700002DE9F74F8A4606461146504635
:1096F0001446FFF7DBFF051E12D129463046FFF75F
:109700000FFD024628B9414B40F23721404800F096
:109710008BFD0123C0E90435104603B0BDE8F08F8E
:10972000BCBF5346A2463046DAF80410BABF1C4606
:1097300001250025FFF7F4FC024618B9334B40F22F
:109740004521E3E7DAF810702669C5600AF11409CB
:1097500004F1140E00F114050AF1100309EB870857
:109760000EEB86060193AB464FF0000C019B5EF8B2
:10977000040B53F804AF01931FFA8AF3194683B21E
:10978000CB1A000C6344C0EB1A4000EB23409BB2A1
:1097900043EA004376454BF8043B4FEA204CE5D8BA
:1097A000331B153B153423F00303A64238BF0023B7
:1097B000E8184B441C1D04302646A5EB0905464518
:1097C00006EB050E0ED308F10301091B21F003017E
:1097D0000133984538BF0021014451F8043D9BB145
:1097E000176199E756F8041BE2464FEA11491CFA43
:1097F00081FC514409EB2C4989B241EA09414FEA05
:10980000294CCEF80010DAE7013FE6E71EAF00086A
:10981000A7AF000882B08DED000B019A0F4B1340EB
:10982000A3F15073002B08DC5B42B3F1A07F4FEA39
:10983000235204DA4FF400231341002208E0A2F17E
:1098400014031E2BDABF4FF00042DA40012200233E
:109850001946104641EC100B02B070470000F07F33
:109860002DE9F041066900F1140808EB8606371F60
:1098700056F8042C1046FFF743FDC0F120030A28D8
:109880000B601B4915DCC0F10B0C22FA0CF3B84538
:1098900043EA010534BF56F8083C0023153002FAAC
:1098A00000F023FA0CF303431C4645EC104BBDE8D3
:1098B000F081B8453ABF56F8083CA6F108070023E6
:1098C0000B3812D0C0F1200123FA01F48240224368
:1098D000474542F07F558CBF57F8042C0022834047
:1098E000CA4045F440151343DEE742EA0105DBE7D1
:1098F0000000F03F2DE9F7430F46012159EC108B92
:109900001646FFF70DFC044630B90246234B2448A7
:1099100040F20F3100F088FCC9F30A55C9F3130374
:109920000DB143F480130193B8F1000323D06846CE
:109930000093FFF704FD0099D8B1019AC0F120030C
:1099400002FA03F30B43C24063610192019BA361DE
:10995000002B0CBF012202222261A5B1A5F23345E2
:1099600005443D60C0F135003060204603B0BDE8DD
:10997000F0836161EAE701A8FFF7E1FC019B636105
:1099800020300122E8E704EB8203A0F23240386085
:109990001869FFF7B5FCC0EB4210E5E71EAF000801
:1099A000A7AF00082DE9F04F85B0CDE9001002A95E
:1099B000FFF756FF009803A955EC104BFFF750FF37
:1099C000019B1969009B1B69C91ADDE902329B1AC8
:1099D0005BEC10AB03EB4113002BCEBF2A46C3EB6D
:1099E00003335A462F46D946CCBF02EB035702EB4E
:1099F00003594B46524620463946F6F707FF41ECDD
:109A0000100B05B0BDE8F08F013970B5491114692C
:109A1000013102F1140300EB810103EB8404051F03
:109A2000A3420CD3A31A113B23F003031132944237
:109A300038BF002318440023884205D370BD53F873
:109A4000046B45F8046FEBE740F8043BF4E700F1E2
:109A5000140200694B11984210B511DB0ADD11F0B8
:109A60001F0107D052F8234024FA01F000FA01F157
:109A70008C420BD102EB8303934203D8002010BD2C
:109A80000346F7E753F8041D0029F5D00120F6E757
:109A90000346084641B1FF2A04D98A221A604FF0D2
:109AA000FF3070470A70012070472DE9F0478E683B
:109AB0001F46BE4282460C469046334653D8B1F903
:109AC0000C0010F4906F2BD065692368096905EBD1
:109AD0004505A3EB010905EBD5757B1C6D104B44C7
:109AE000AB422A4684BF1D462A46430527D5114668
:109AF0005046FFF777FA064658B321694A46FEF703
:109B0000ACFEA38923F4906343F08003A381266114
:109B100065614E44A5EB09052660A5603E463B46BF
:109B20001F4620683A46414600F054FBA3689B1B41
:109B3000A36023683B4423600020BDE8F0875046C3
:109B400000F0ACFB06460028E1D121695046FEF743
:109B5000A1FE0C23CAF80030A38943F04003A3817F
:109B60004FF0FF30E9E73E46DBE700002DE9F04F1C
:109B700098468B891B069DB007460D46144610D5A6
:109B80000B6973B94021FFF72DFA2860286130B9BD
:109B90000C233B604FF0FF301DB0BDE8F08F402339
:109BA0006B610023099320238DF82930CDF80C80B8
:109BB0003023DFF89C818DF82A304FF001092346CD
:109BC0009A4613F8012B0AB1252AF9D1BAEB040BF6
:109BD0000BD05B46224629463846FFF766FF013028
:109BE00000F0A780099A5A4409929AF80030002B95
:109BF00000F09F8000234FF0FF32CDE905230AF1EA
:109C0000010A049307938DF853301A9354460522A2
:109C100014F8011B4E48F6F7C3FA049AD8B9D006D7
:109C200044BF20238DF85330110744BF2B238DF8F8
:109C300053309AF800302A2B15D0079A544600204A
:109C40004FF00A0C214611F8013B303B092B4BD950
:109C5000B0B1079214E0A0EB080309FA03F3134331
:109C60000493A246D2E7039B191D1B680391002BA6
:109C7000BBBF5B4242F0020207930793B8BF049256
:109C800023782E2B0AD163782A2B32D1039B1A1DFD
:109C90001B68039243EAE37302340593DFF8C0A024
:109CA000217803225046F6F77BFA38B1049BA0EBEB
:109CB0000A004022824013430134049314F8011B2C
:109CC00024488DF828100622F6F76AFA002836D0C4
:109CD000214B1BBB039B073323F00703083303937C
:109CE000099B334409936AE70CFB02320C460120BE
:109CF000A8E700230134059319464FF00A0C2046CB
:109D000010F8012B303A092A03D9002BC6D005914F
:109D1000C4E70CFB012104460123F0E703AB0093E9
:109D20002A460E4B04A93846AFF30080421C064673
:109D3000D6D1AB895B063FF52DAF09982CE703AB75
:109D400000932A46054B04A9384600F079F8EDE760
:109D500001B000080BB0000800000000AB9A00083A
:109D600007B000082DE9F047164698468A680B6947
:109D7000DDF820909342B8BF1346336091F843203A
:109D800007460C460AB1013333602368990642BF87
:109D9000336802333360256815F0060506D104F1F7
:109DA000190AE36832689B1AAB4226DC94F8433008
:109DB0002268003B18BF012392062BD404F1430212
:109DC00041463846C84701301ED02368226903F057
:109DD0000603042B02BFE5683368ED1AA3680CBFC5
:109DE00025EAE57500259342C4BF9B1AED180026AD
:109DF0001A34B5421AD1002008E0012352464146E8
:109E00003846C847013003D14FF0FF30BDE8F08736
:109E10000135C6E7E1185A1C302081F8430022447E
:109E200094F8451082F843100233C7E70123224615
:109E300041463846C8470130E6D00136D9E7000030
:109E40002DE9FF470F7E0C9E782F914680460C46E9
:109E50009A4601F1430207D8622F0AD8002F00F07A
:109E6000D280582F00F0B78004F1420684F8427087
:109E70003AE0A7F16303152BF6D801A151F823F0BE
:109E8000D99E0008ED9E0008699E0008699E0008A2
:109E9000699E0008699E0008ED9E0008699E000802
:109EA000699E0008699E0008699E0008ED9F0008F1
:109EB000179F0008A39F0008699E0008699E00087C
:109EC0000FA00008699E0008179F0008699E0008FF
:109ED000699E0008AB9F000833681A1D1B6832603A
:109EE00004F1420684F8423001239DE03368206883
:109EF000191D3160060601D51D6803E04506FBD536
:109F0000B3F90050002D03DA2D236D4284F843305D
:109F100059480A2310E021683368080653F8045BA7
:109F200002D4490648BFADB26F2F5348336059D1B0
:109F30000823002184F843106668A660002E05DB24
:109F400021682E4321F0040121604DD01646B5FB57
:109F5000F3F103FB1157C75D06F8017D2F46BB42A5
:109F60000D46F4D9082B0BD12368DF0708D52369E8
:109F700061689942DEBF302306F8013C06F1FF36E6
:109F8000921B2261CDF800A04B4603AA2146404611
:109F9000FFF7E8FE01304CD14FF0FF3004B0BDE8D0
:109FA000F087236843F0200323603448782784F83F
:109FB0004570236831681F0651F8045B02D45F06C0
:109FC00048BFADB23160D90744BF43F020032360DE
:109FD0001DB11023ADE72848E9E7236823F02003EB
:109FE0002360F6E70A23A4E71646BBE73368256833
:109FF0006169181D30602E061B6801D5196002E0EA
:10A000006806FBD51980002323611646BAE733683A
:10A010001A1D32601E68626800213046F6F7C0F8EB
:10A0200008B1801B606063682361002384F84330BB
:10A03000A8E72369324649464046D0470130ABD0B5
:10A0400023689B0713D4E068039B9842B8BF184667
:10A05000A4E70123324649464046D04701309BD011
:10A060000135E36803995B1AAB42F2DCEBE70025AC
:10A0700004F11906F5E700BF12B0000823B000088C
:10A08000B1F90C202DE9F041160705460C4651D4D4
:10A090004B68002B02DC0B6C002B49DDE66A002EBE
:10A0A00046D0002312F480522F682B6031D0626DAD
:10A0B000A389590705D56368D21A636B0BB1236C6A
:10A0C000D21A0023E66A216A2846B047421CB4F936
:10A0D0000C3006D129681D2946D8294ACA40D6071E
:10A0E00042D500226260D9042269226004D5421C54
:10A0F00001D12B6803B96065616B2F60C1B104F1B8
:10A100004403994202D02846FEF7C4FB0023636350
:10A110000EE0216A01232846B0470246501CC7D1F1
:10A120002B68002BC4D01D2B01D0162B1AD12F6009
:10A1300000201EE00F69002FFAD093070E6808BFB9
:10A140004B690F6018BF0023A6EB07088B60B8F1BE
:10A15000000FEDDD216AA66A43463A462846B0471D
:10A16000002808DCB4F90C3043F04003A3814FF021
:10A17000FF30BDE8F0810744A8EB0008E7E700BF27
:10A180000100402038B50B6905460C4613B900257F
:10A19000284638BD18B1036A0BB9FEF70BFAB4F9BB
:10A1A0000C30002BF3D0626ED00704D4990502D492
:10A1B000A06DFEF750FB28462146FFF761FF636E56
:10A1C000DA070546E4D4A3899B05E1D4A06DFEF728
:10A1D00043FBDDE7884210B501EB020402D984425B
:10A1E000234607D8431EA14207D011F8012B03F8DC
:10A1F000012FF8E70244824200D110BD13F8011D7F
:10A2000002F8011DF7E7000038B5064D00230446AB
:10A2100008462B60F8F73AFE431C02D12B6803B1C5
:10A22000236038BD381D00201FB514461A46094B5F
:10A230001B680546D8684CB1074B0091CDE9013445
:10A2400006492B4600F058F800F068F8044B1C460D
:10A25000F3E700BF8801002034B0000841B00008D7
:10A260006FB0000870B5A1FB025434B92946FEF75F
:10A27000B9FE064628B9304670BD0C2202600026A1
:10A28000F9E72A462146FEF745FAF4E7024B014674
:10A290001868FEF7A7BE00BF880100202DE9F04135
:10A2A000074614460D4621B9BDE8F0411146FEF7B8
:10A2B00099BE2AB9FEF7EEFA25462846BDE8F08198
:10A2C00000F033F88442064602D8B4EB500FF4D8BD
:10A2D00021463846FEF786FE804608B94546ECE73B
:10A2E000B4422246294628BF3246FEF7B6FA29462E
:10A2F0003846FEF7CFFAF1E70EB403B5014603ABDB
:10A30000054853F8042B0068019300F03FF802B0B1
:10A310005DF804EB03B070478801002008B5062003
:10A3200000F006FA0120F8F739FD51F8043C181F37
:10A33000002BBCBF0B58C01870479368013B002B23
:10A3400010B4936008DA9469A34201DB0A2903D1AF
:10A350005DF8044B00F032B91368581C1060197096
:10A3600008465DF8044B7047F8B506460F4614469C
:10A37000D518AC4201D1002007E014F8011B3A4681
:10A380003046FFF7DAFF431CF3D1F8BD2DE9F04F5B
:10A390000D469DB014469846064618B1036A0BB99F
:10A3A000FEF708F96B6ED90705D4AB899A0502D47C
:10A3B000A86DFEF750FAAB891B0701D52B699BB935
:10A3C0002946304600F038F970B16B6EDC0704D5D1
:10A3D0004FF0FF301DB0BDE8F08FAB899805F7D482
:10A3E000A86DFEF739FAF3E70023099320238DF8CF
:10A3F0002930CDF80C803023DFF8AC818DF82A307D
:10A400004FF0010923469A4613F8012B0AB1252A79
:10A41000F9D1BAEB040B0BD05B46224629463046F5
:10A42000FFF7A2FF013000F0A780099A5A44099271
:10A430009AF80030002B00F09F8000234FF0FF328D
:10A44000CDE905230AF1010A049307938DF85330EF
:10A450001A935446052214F8011B5348F5F7A0FE41
:10A46000049AD8B9D10644BF20238DF8533013077E
:10A4700044BF2B238DF853309AF800302A2B15D087
:10A48000079A544600204FF00A0C214611F8013B70
:10A49000303B092B4BD9B0B1079214E0A0EB080375
:10A4A00009FA03F313430493A246D2E7039B191D51
:10A4B0001B680391002BBBBF5B4242F00202079373
:10A4C0000793B8BF049223782E2B0AD163782A2BE6
:10A4D00032D1039B1A1D1B68039243EAE3730234D3
:10A4E0000593DFF8D4A0217803225046F5F758FEF3
:10A4F00038B1049BA0EB0A00402282401343013490
:10A50000049314F8011B29488DF828100622F5F74A
:10A5100047FE00283FD0264B1BBB039B073323F08D
:10A52000070308330393099B3B4409936AE70CFB39
:10A5300002320C460120A8E7002301340593194696
:10A540004FF00A0C204610F8012B303A092A03D9A3
:10A55000002BC6D00591C4E70CFB01210446012362
:10A56000F0E703AB00932A46124B04A93046AFF341
:10A5700000800746781CD6D16B6ED90705D4AB890D
:10A580009A0502D4A86DFEF767F9AB895B063FF523
:10A590001FAF09981EE703AB00932A46054B04A999
:10A5A0003046FFF74DFCE4E701B000080BB00008AF
:10A5B0000000000069A3000807B00008F8B50E46C7
:10A5C0001446054618B1036A0BB9FDF7F3FFA369FA
:10A5D000A360A3891A0701D5236943B921462846F8
:10A5E00000F02AF818B14FF0FF373846F8BD23685D
:10A5F0002269981A6369F6B28342374605DC214620
:10A600002846FFF7BFFD0028EDD1A368013BA360FA
:10A6100023685A1C22601E706269431C9A4204D04F
:10A62000A389DB07E1D50A2EDFD121462846FFF7B3
:10A63000A9FD0028D9D0D6E738B5284B05461868BB
:10A640000C4618B1036A0BB9FDF7B4FFB4F90C302E
:10A650001A0721D4D80607D409222A6043F0400300
:10A66000A3814FF0FF3030E0590712D5616B41B143
:10A6700004F14403994202D02846FEF70BF9002367
:10A6800063630022B4F90C3062602269226023F017
:10A69000240343F00803A38122693AB99A0501D53E
:10A6A000180603D52146284600F082F8B4F90C308C
:10A6B00013F001020AD00022A26062695242A26134
:10A6C000226942B913F08000C8D138BD990758BF3C
:10A6D0006269A260F4E70020F7E700BF880100206C
:10A6E0001F2938B505460C4604D9162303604FF0E0
:10A6F000FF3038BDC26B12B152F821304BB9284639
:10A7000000F030F8224601462846BDE8384000F007
:10A7100017B8012B0AD0591C03D11623036001205E
:10A72000E7E7002142F82410204698470020E0E7A0
:10A73000024B01461868FFF7D3BF00BF8801002015
:10A7400038B5074D00230446084611462B60F8F73C
:10A7500015FB431C02D12B6803B1236038BD00BF39
:10A76000381D0020F8F702BB70B50C46B1F90E1089
:10A77000002996B015461E460ADAA18911F080011B
:10A7800013D14FF48062002031602A6016B070BD92
:10A790006A4600F047F80028EFDB019901F47041A8
:10A7A000A1F5005359425941EBE700214022EAE765
:10A7B0008B8973B59E0705460C4607D504F1470300
:10A7C000236023610123636102B070BD01AB6A465F
:10A7D000FFF7CAFF009E28463146FEF703FCB4F996
:10A7E0000C3038B99A05EFD423F0030343F0020389
:10A7F000A381E3E743F08003A381019B2060C4E9C8
:10A800000406002BE0D0B4F90E10284600F01CF826
:10A810000028D9D0A38923F0030343F00103A381C7
:10A82000D2E7000038B5074D00230446084611461C
:10A830002B60F8F703FB431C02D12B6803B12360A4
:10A8400038BD00BF381D002038B5064D0023044632
:10A8500008462B60F8F702FB431C02D12B6803B1BA
:10A86000236038BD381D002038B50022002304467F
:10A870000D46F6F713F928B920462946BDE83840B9
:10A8800000F00AB8204605F1004100F005F840420A
:10A8900061EB410138BD00BFD0B50C4B002206462C
:10A8A0000F46F5F789FEF6F737F90446F5F70AFE85
:10A8B000074B0022F5F780FE02460B46304639462C
:10A8C000F5F7C2FCF6F728F92146D0BD0000F03DAF
:10A8D0000000F0412DE9F047089D0F4604468C46E4
:10A8E000002B48D18A42164661D9B2FA82F34BB1A5
:10A8F000C3F1200201FA03FC20FA02F29E4042EA70
:10A900000C0C9C404FEA164EB7B2BCFBFEF1220C79
:10A910000EFB11CC42EA0C4201FB07F0904209D930
:10A92000B21801F1FF3C80F0EE80904240F2EB80E3
:10A9300002393244121AA4B2B2FBFEF00EFB10220E
:10A9400044EA024400FB07F7A74209D9341900F191
:10A95000FF3280F0DA80A74240F2D78034440238D8
:10A9600040EA0140E41B00211DB1DC400023C5E9A1
:10A970000043BDE8F0878B4206D90DB1C5E900015F
:10A9800000210846BDE8F087B3FA83F1002948D1D9
:10A99000BB4202D3824200F20781841A67EB0302B2
:10A9A00001209446002DE4D0C5E9004CE1E7002ADF
:10A9B00000F09280B2FA82F3002B40F0A8808A1A4D
:10A9C0004FEA164E1FFA86FC0121200CB2FBFEF75F
:10A9D0000EFB172240EA02420CFB07F0904207D917
:10A9E000B21807F1FF3802D2904200F2E2804746E7
:10A9F000121AA4B2B2FBFEF00EFB102244EA02448B
:10AA00000CFB00FCA44507D9341900F1FF3202D237
:10AA1000A44500F2CB801046A4EB0C0440EA0740AA
:10AA2000A2E7C1F120068B4022FA06FC4CEA030C97
:10AA300007FA01F420FA06F3F7404FEA1C492343D2
:10AA400000FA01F81FFA8CFEB7FBF9F01C0C09FBA9
:10AA5000107744EA074400FB0EF7A74202FA01F21E
:10AA60000AD91CEB040400F1FF3A80F09B80A74256
:10AA700040F2988002386444E41B9FB2B4FBF9F3BF
:10AA800009FB134447EA044403FB0EFEA64509D91B
:10AA90001CEB040403F1FF3780F08280A6457FD9C8
:10AAA000023B644443EA0040A4EB0E04A0FB02E72F
:10AAB000BC427346B94663D360D05DB1B8EB0302C4
:10AAC00064EB090404FA06F622FA01F31E43CC40B3
:10AAD000C5E9006400214CE76208480842EAC171F8
:10AAE0000B0C43EA00438AB242EA0342B3FBF6F19D
:10AAF000E407B4463746B6461F23B0FBF6F0D21B38
:10AB000041EA004161E7614614E7104628E7C3F1D6
:10AB1000200120FA01F29E4027FA01F19F403A43BA
:10AB20004FEA164E1FFA86FCB1FBFEF70EFB17101C
:10AB3000110C41EA004107FB0CF8884504FA03F4C4
:10AB40003AD9711807F1FF3001D288451FD8A1EB1F
:10AB50000801B1FBFEF808FB0CF70EFB181192B2CE
:10AB600042EA0142BA422FD2B21808F1FF31C6D2EE
:10AB7000BA42C4D2A8F102013244C0E7F0459CD2E7
:10AB8000BEEB020367EB0C070138B94695E7A6EB6D
:10AB900008084144B81EB1FBFEF808FB0CF7DCE7DF
:10ABA0003B467FE7504667E70846FBE634440238F9
:10ABB00032E7023F32441BE7A1EB08013846B1FB04
:10ABC000FEF808FB0CF7C8E7414698E7F8B500BF68
:10ABD000F8BC08BC9E467047F8B500BFF8BC08BC7E
:04ABE0009E467047D6
:10ABE8002D00000000000000257325752E25750036
:10ABF8006E756C6C000000007B2274797065223AD7
:10AC080022747275636B222C2274696D657374618A
:10AC18006D705F6D73223A256C752C2273746174A4
:10AC28007573223A222573222C22693263223A252F
:10AC3800752C226677223A22747275636B2D636FC6
:10AC48006E74726F6C2D6A6574736F6E2D31222C61
:10AC58002272785F6D61736B223A25752C226665C6
:10AC680065646261636B5F76616C6964223A25751D
:10AC78002C22636F6E74726F6C5F73746565726992
:10AC88006E675F646567223A25732C22637572725A
:10AC9800656E745F7374656572696E675F64656716
:10ACA800223A25732C2273656E736F725F73746515
:10ACB8006572696E675F646567223A25732C226D39
:10ACC8006F746F725F73706565645F7065726365DA
:10ACD8006E74223A25642C226275636B65745F6119
:10ACE8006E676C655F646567223A302E302C22727D
:10ACF800656365697665645F7374656572696E67B7
:10AD08005F646567223A25732C22726563656976EC
:10AD180065645F7468726F74746C65223A25732C6D
:10AD28002272656365697665645F6272616B65222C
:10AD38003A25732C227468726F74746C655F706541
:10AD48007263656E74223A25642C226272616B65A7
:10AD58005F70657263656E74223A25642C22647292
:10AD68006976655F70657263656E74223A25642C36
:10AD780022657363223A25752C2270776D223A5B1F
:10AD880025752C25752C25755D7D0D0A00000000A4
:10AD98006170706C69656400696E76616C69645F86
:10ADA8006A736F6E000000006573635F737461748B
:10ADB800650000006661696C7361666500000000EB
:10ADC80077616974696E6700256C752E2530336C60
:10ADD800750000002D2D2E2D000000004355523A1D
:10ADE8002573206465670000434D443A2573206449
:10ADF800656700005448523A2573202825642525A4
:10AE08002900000042524B3A257320282564252545
:10AE1800290000004452563A256425252050574DF4
:10AE28003A2575005041313A25752E25303375562F
:10AE3800000000005041313A2D2D2D2D5600000004
:10AE48004F4B00004E4F000049313A2573204932DC
:10AE58003A25730055323A2573205043413A2573F9
:10AE680000000000726561647900000078007A00D3
:10AE7800227374656572696E6722000022746872B5
:10AE88006F74746C65220000226272616B65220027
:10AE98003E5149453E00427F4000426151494621AA
:10AEA80041454B311814127F1027454545393C4A16
:10AEB8004949300171090503364949493606494966
:10AEC800291E0000AE2000B0C8001040817FA1A656
:10AED800A83FA4D300D580D9F1DA12DB408D14AF96
:10AEE8000000000000000000010203040607080932
:10AEF80000000000010203040006101600061016E8
:10AF08002E006E6600696E69747900616E004300F8
:10AF1800504F5349580042616C6C6F6320737563DE
:10AF2800636565646564002F646174612F6A656E8A
:10AF38006B696E732F776F726B73706163652F47E0
:10AF48004E552D746F6F6C636861696E2F61726DF9
:10AF58002D31342F7372632F6E65776C69622D63A0
:10AF6800796777696E2F6E65776C69622F6C696295
:10AF7800632F7374646C69622F6764746F612D67E3
:10AF880065746865782E63005245454E54206D619E
:10AF98006C6C6F6320737563636565646564002F0B
:10AFA800646174612F6A656E6B696E732F776F7257
:10AFB8006B73706163652F474E552D746F6F6C63AB
:10AFC8006861696E2F61726D2D31342F7372632F32
:10AFD8006E65776C69622D63796777696E2F6E6528
:10AFE800776C69622F6C6962632F7374646C696231
:10AFF8002F6D707265632E6300232D302B2000683F
:10B008006C4C00656667454647003031323334354D
:10B0180036373839414243444546003031323334BB
:10B028003536373839616263646566002C20667589
:10B038006E6374696F6E3A20006173736572746928
:10B048006F6E2022257322206661696C65643A2040
:10B0580066696C6520222573222C206C696E652038
:10B068002564257325730A0034000000CEFBFFFF1A
:10B07800CB030000010000000000000035000000C4
:10B08800CEFBFFFFCB030000010000000000000022
:10B09800BC89D897B2D29C3C33A7A8D523F64939A6
:10B0A8003DA7F444FD0FA5329D978CCF08BA5B25C8
:10B0B800436FAC642806681100202020202020203F
:10B0C8002020282828282820202020202020202050
:10B0D8002020202020202020208810101010101060
:10B0E80010101010101010101004040404040404AC
:10B0F8000404041010101010101041414141414146
:10B108000101010101010101010101010101010127
:10B118000101010110101010101042424242424237
:10B1280002020202020202020202020202020202F7
:10B13800020202021010101020000000000000009F
:10B1480000000000000000000000000000000000F7
:10B1580000000000000000000000000000000000E7
:10B1680000000000000000000000000000000000D7
:10B1780000000000000000000000000000000000C7
:10B1880000000000000000000000000000000000B7
:10B1980000000000000000000000000000000000A7
:10B1A8000000000000000000000000000000000097
:10B1B8000000000000000000000000000500000082
:10B1C800190000007D0000000080E03779C341438A
:10B1D800176E05B5B5B89346F5F93FE9034F384DF5
:10B1E800321D30F94877825A3CBF737FDD4F1575A1
:10B1F800000000000000F03F0000000000002440B4
:10B2080000000000000059400000000000408F408E
:10B21800000000000088C34000000000006AF840F9
:10B228000000000080842E4100000000D01263411D
:10B238000000000084D797410000000065CDCD4193
:10B24800000000205FA00242000000E87648374274
:10B25800000000A2941A6D42000040E59C30A24212
:10B268000000901EC4BCD64200003426F56B0C4387
:10B278000080E03779C3414300A0D885573476432E
:10B2880000C84E676DC1AB43003D9160E458E1438F
:10B29800408CB5781DAF154450EFE2D6E41A4B4404
:10B2A80092D54D06CFF08044F64AE1C7022DB54449
:08B2B800B49DD9794378EA4402
:08B2C000D04EFF7F01000000E9
:04B2C800950C0008D9
:04B2CC006D0C0008FD
:10B2D000010000000024F400100000000100000044
:10B2E0000000000003000000FC1B002043000000E1
:10B2F000000000000000000000000000000000004E
:10B3000000000000000000000000000043000000FA
:10B31000000000000000000000000000000000002D
:10B3200000000000000000000000000043000000DA
:10B33000000000000000000000000000000000000D
:10B3400000000000000000000000000043000000BA
:10B3500000000000000000000000000000000000ED
:10B36000000000000000000000000000430000009A
:10B3700000000000000000000000000000000000CD
:10B38000000000000000000000000000430000007A
:10B3900000000000000000000000000000000000AD
:10B3A000000000000000000000000000430000005A
:10B3B000000000000000000000000000000000008D
:10B3C000000000000000000000000000919A00084A
:10B3D000E590000800000000C0B0000808AF0008B9
:10B3E0006FB000086FB000086FB000086FB00008C1
:10B3F0006FB000086FB000086FB000086FB00008B1
:10B400006FB00008FFFFFFFFFFFFFFFFFFFFFFFF21
:10B41000FFFF0000010041534349490000000000C4
:10B42000000000000000000000000000000000001C
:10B4300000000000000041534349490000000000A3
:10B4400000000000000000000000000000000000FC
:10B4500000000000000000008C010020000000003F
:10B46000FC1B0020641C0020CC1C002000000000FD
:10B4700000000000000000000000000000000000CC
:10B4800000000000000000000000000000000000BC
:10B4900000000000000000000000000000000000AC
:08B4A0000000000000000000A4
:0400000508003911A5
:00000001FF
