t,x1,x2,y1,y2,s_boom,s_stick,s_bucket,v_boom,v_stick,v_bucket,a_boom,a_stick,a_bucket,yaw,yaw_rate,rs485_ok,adc_ok,imu_ok
288,0.000,0.000,0.000,0.000,0.000,0.000,0.000,0.000,0.000,0.000,0.000,0.000,0.000,0.000,0.000,0,0,0
388,0.000,0.000,0.000,0.000,0.000,0.000,0.000,0.000,0.000,0.000,20.000,0.000,152.800,0.000,0.000,0,1,0
488,0.000,0.000,0.000,0.000,89.630,121.330,123.180,0.000,0.000,0.000,20.000,121.670,152.800,0.000,0.000,1,1,0
591,0.000,0.000,0.000,0.000,89.630,121.330,123.180,0.000,0.000,0.000,20.000,121.670,152.800,0.000,0.000,1,1,0
804,0.000,0.000,0.000,0.000,89.630,121.330,123.180,0.000,0.000,0.000,20.000,121.670,152.800,0.000,0.000,1,1,0
907,0.000,0.000,0.000,0.000,89.630,121.330,123.180,0.000,0.000,0.000,20.000,121.670,152.800,0.000,0.000,1,1,0
1007,0.000,0.000,0.000,0.000,89.630,121.330,123.180,0.000,0.000,0.000,20.000,121.670,152.800,0.000,0.000,1,1,0
1107,0.000,0.000,0.000,0.000,89.630,121.330,123.180,0.000,0.000,0.000,20.000,121.670,152.800,0.000,0.000,1,1,0
1303,0.000,0.000,0.000,0.000,89.630,121.330,123.180,0.000,0.000,0.000,20.000,121.670,152.800,0.000,0.000,1,1,0
1403,0.000,0.000,0.000,0.000,89.630,121.330,123.180,0.000,0.000,0.000,20.000,121.670,152.800,0.000,0.000,1,1,0
1506,0.000,0.000,0.000,0.000,89.630,121.330,123.180,0.000,0.000,0.000,20.000,121.670,152.800,0.000,0.000,1,1,0
1606,0.000,0.000,0.000,0.000,89.630,121.330,123.180,0.000,0.000,0.000,20.000,121.670,152.800,0.000,0.000,1,1,0
1803,0.000,0.000,0.000,0.000,89.630,121.330,123.180,0.000,0.000,0.000,20.000,121.670,152.800,0.000,0.000,1,1,0
1903,0.000,0.000,0.000,0.000,89.630,121.330,123.180,0.000,0.000,0.000,20.000,121.670,152.900,0.000,0.000,1,1,0
2006,0.000,0.000,0.000,0.000,89.630,121.330,123.180,0.000,0.000,0.000,20.000,121.670,152.900,0.000,0.000,1,1,0
2106,0.000,0.000,0.000,0.000,89.630,121.330,123.180,0.000,0.000,0.000,20.000,121.670,152.800,0.000,0.000,1,1,0
2307,0.000,0.000,0.000,0.000,89.630,121.330,123.180,0.000,0.000,0.000,20.000,121.670,152.900,0.009,0.079,1,1,1
2407,0.000,0.000,0.000,0.500,89.630,121.330,123.180,0.000,0.000,0.000,20.000,121.670,152.800,0.010,0.175,1,1,1
2507,0.000,0.000,0.000,0.500,89.630,121.330,123.180,0.000,0.000,0.000,20.000,121.670,152.800,0.095,-0.629,1,1,1
2607,0.000,0.000,0.000,0.500,91.530,121.430,123.180,9.500,0.500,0.000,20.000,121.620,152.500,0.118,0.896,1,1,1
2807,0.000,0.000,0.000,0.500,91.530,121.430,123.180,9.500,0.500,0.000,20.000,121.620,152.500,0.118,-0.193,1,1,1
2907,0.000,0.000,0.000,0.500,96.900,121.430,123.200,17.920,0.000,0.080,20.000,121.620,152.500,0.098,0.229,1,1,1
3007,0.000,0.000,0.000,0.500,96.900,121.430,123.200,17.920,0.000,0.080,20.200,121.620,152.500,0.104,-0.078,1,1,1
3107,0.000,0.000,0.000,0.500,100.400,121.430,123.180,17.500,0.000,-0.130,21.300,121.620,152.500,0.096,-0.105,1,1,1
3307,0.000,0.000,0.000,0.500,100.400,121.430,123.180,17.500,0.000,-0.130,22.400,121.620,152.500,0.120,0.220,1,1,1
3407,0.000,0.000,0.000,0.500,105.500,121.430,123.180,17.000,0.000,0.000,24.300,121.620,152.500,0.122,-0.114,1,1,1
3507,0.000,0.000,0.000,0.500,105.500,121.430,123.180,17.000,0.000,0.000,25.400,121.620,152.500,0.122,-0.113,1,1,1
3607,0.000,0.000,0.000,0.500,108.900,121.430,123.180,17.000,0.000,0.000,26.400,121.620,152.500,0.123,-0.096,1,1,1
3807,0.000,0.000,0.000,0.500,108.900,121.430,123.180,17.000,0.000,0.000,27.500,121.620,152.500,0.139,0.149,1,1,1
3907,0.000,0.000,0.000,0.500,114.030,121.430,123.200,17.080,0.000,0.080,29.900,121.620,152.500,0.142,0.010,1,1,1
4007,0.000,0.000,0.000,0.500,114.030,121.430,123.200,17.080,0.000,0.080,30.700,121.620,152.500,0.145,0.088,1,1,1
4107,0.000,0.000,0.000,0.500,117.430,121.430,123.230,17.000,0.000,0.130,31.600,121.620,152.500,0.145,-0.026,1,1,1
4307,0.000,0.000,0.000,0.500,117.430,121.430,123.230,17.000,0.000,0.130,32.500,121.620,152.500,0.143,-0.026,1,1,1
4407,0.000,0.000,0.000,0.500,122.480,121.430,123.230,16.830,0.000,0.000,34.800,121.620,152.500,0.144,-0.035,1,1,1
4507,0.000,0.000,0.000,0.500,122.480,121.430,123.230,16.830,0.000,0.000,35.700,121.620,152.500,0.145,-0.061,1,1,1
4607,0.000,0.000,0.000,0.500,125.850,121.430,123.250,16.880,0.000,0.130,36.800,121.620,152.500,0.148,0.000,1,1,1
4807,0.000,0.000,0.000,0.500,125.850,121.430,123.250,16.880,0.000,0.130,37.800,121.620,152.600,0.138,-0.061,1,1,1
4907,0.000,0.000,0.000,0.500,130.930,121.430,123.280,16.920,0.000,0.080,39.800,121.620,152.600,0.141,0.114,1,1,1
5007,0.000,0.000,0.000,0.500,130.930,121.430,123.280,16.920,0.000,0.080,40.700,121.620,152.500,0.143,-0.061,1,1,1
5107,0.000,0.000,0.000,0.500,134.300,121.430,123.280,16.880,0.000,0.000,42.000,121.620,152.500,0.143,-0.017,1,1,1
5307,0.000,0.000,0.000,0.500,134.300,121.430,123.280,16.880,0.000,0.000,43.000,121.620,152.500,0.157,0.114,1,1,1
5407,0.000,0.000,0.000,0.500,139.430,121.430,123.280,17.080,0.000,0.000,45.200,121.620,152.500,0.160,-0.087,1,1,1
5507,0.000,0.000,0.000,0.500,139.430,121.430,123.280,17.080,0.000,0.000,46.300,121.620,152.500,0.162,-0.009,1,1,1
5607,0.000,0.000,0.000,0.500,142.800,121.430,123.280,16.880,0.000,0.000,47.100,121.620,152.600,0.162,-0.079,1,1,1
5807,0.000,0.000,0.000,0.500,142.800,121.430,123.280,16.880,0.000,0.000,48.300,121.620,152.600,0.166,0.035,1,1,1
5907,0.000,0.000,0.000,0.500,147.850,121.430,123.280,16.830,0.000,0.000,50.300,121.620,152.600,0.167,-0.167,1,1,1
6007,0.000,0.000,0.000,0.500,147.850,121.430,123.280,16.830,0.000,0.000,51.200,121.620,152.500,0.171,-0.061,1,1,1
6107,0.000,0.000,0.000,0.500,151.230,121.430,123.280,16.880,0.000,0.000,52.300,121.620,152.500,0.170,-0.018,1,1,1
6307,0.000,0.000,0.000,0.500,151.230,121.430,123.280,16.880,0.000,0.000,53.300,121.620,152.600,0.167,-0.044,1,1,1
6407,0.000,0.000,0.000,0.000,156.280,121.430,123.280,16.830,0.000,0.000,55.400,121.620,152.600,0.168,0.160,1,1,1
6507,0.000,0.000,0.000,0.000,156.280,121.430,123.280,16.830,0.000,0.000,56.000,121.620,152.600,0.161,-0.507,1,1,1
6607,0.000,0.000,0.000,0.000,157.400,121.430,123.300,5.630,0.000,0.130,56.000,121.620,152.500,0.174,-0.088,1,1,1
6807,0.000,0.000,0.000,0.000,157.400,121.430,123.300,5.630,0.000,0.130,56.000,121.620,152.600,0.144,-0.141,1,1,1
6907,0.000,0.000,0.000,0.000,157.400,121.430,123.330,0.000,0.000,0.080,56.000,121.620,152.500,0.132,-0.236,1,1,1
7007,0.000,0.000,0.000,0.600,157.400,121.430,123.330,0.000,0.000,0.080,56.000,121.620,152.500,0.138,-0.351,1,1,1
7107,0.000,0.000,0.000,0.600,157.800,121.430,123.330,2.000,0.000,0.000,56.000,121.620,152.500,0.141,1.008,1,1,1
7307,0.000,0.000,0.000,0.600,157.800,121.430,123.330,2.000,0.000,0.000,57.500,121.620,152.500,0.161,0.177,1,1,1
7407,0.000,0.000,0.000,0.600,164.430,121.430,123.330,22.080,0.000,0.000,60.400,121.620,152.500,0.143,-0.106,1,1,1
7507,0.000,0.000,0.000,0.600,164.430,121.430,123.330,22.080,0.000,0.000,61.600,121.620,152.500,0.157,-0.149,1,1,1
7607,0.000,0.000,0.000,0.600,168.900,121.430,123.330,22.380,0.000,0.000,63.200,121.620,152.500,0.141,0.070,1,1,1
7807,0.000,0.000,0.000,0.600,168.900,121.430,123.330,22.380,0.000,0.000,64.700,121.620,152.500,0.176,0.220,1,1,1
7907,0.000,0.000,0.000,0.600,175.600,121.430,123.330,22.330,0.000,0.000,67.500,121.620,152.500,0.177,-0.343,1,1,1
8007,0.000,0.000,0.000,0.600,175.600,121.430,123.330,22.330,0.000,0.000,69.000,121.620,152.500,0.183,0.052,1,1,1
8107,0.000,0.000,0.000,0.600,180.030,121.430,123.330,22.130,0.000,0.000,70.600,121.620,152.500,0.175,0.088,1,1,1
8307,0.000,0.000,0.000,0.600,180.030,121.430,123.330,22.130,0.000,0.000,72.100,121.620,152.500,0.203,0.184,1,1,1
8407,0.000,0.000,0.000,0.600,186.730,121.430,123.330,22.330,0.000,0.000,75.000,121.620,152.500,0.205,-0.053,1,1,1
8507,0.000,0.000,0.000,0.600,186.730,121.430,123.330,22.330,0.000,0.000,76.700,121.620,153.000,0.209,0.202,1,1,1
8607,0.000,0.000,0.000,-0.600,191.200,121.430,123.330,22.380,0.000,0.000,78.300,121.620,152.500,0.205,-0.141,1,1,1
8807,0.000,0.000,0.000,-0.600,191.200,121.430,123.330,22.380,0.000,0.000,79.900,121.620,230.000,0.409,1.647,1,1,1
8907,0.000,0.000,0.000,-0.600,189.630,121.430,123.350,-5.270,0.000,0.080,78.200,121.620,152.900,0.381,1.649,1,1,1
9007,0.000,0.000,0.000,-0.600,189.630,121.430,123.350,-5.270,0.000,0.080,75.200,121.620,152.500,0.402,-0.456,1,1,1
9107,0.000,0.000,0.000,-0.600,181.800,121.430,123.350,-38.930,0.000,0.000,72.800,121.620,152.500,0.409,-0.772,1,1,1
9307,0.000,0.000,0.000,-0.600,181.800,121.430,123.350,-38.930,0.000,0.000,70.500,121.620,152.500,0.435,0.245,1,1,1
9407,0.000,0.000,0.000,-0.600,171.430,121.430,123.350,-34.700,0.000,0.000,66.000,121.620,152.500,0.439,0.271,1,1,1
9507,0.000,0.000,0.000,-0.600,171.430,121.430,123.350,-34.700,0.000,0.000,63.900,121.620,152.500,0.443,0.272,1,1,1
9607,0.000,0.000,0.000,-0.600,164.680,121.430,123.350,-33.580,0.000,0.000,61.600,121.620,152.500,0.445,0.078,1,1,1
9807,0.000,0.000,0.000,-0.600,164.680,121.430,123.350,-33.580,0.000,0.000,59.600,121.620,152.500,0.457,0.113,1,1,1
9907,0.000,0.000,0.000,-0.600,154.800,121.430,123.350,-33.030,0.000,0.000,55.700,121.620,152.500,0.459,0.017,1,1,1
10007,0.000,0.000,0.000,-0.600,154.800,121.430,123.350,-33.030,0.000,0.000,53.600,121.620,230.000,0.461,0.095,1,1,1
10107,0.000,0.000,0.000,-0.600,148.350,121.430,123.350,-32.090,0.000,0.000,51.500,121.620,152.500,0.466,-0.018,1,1,1
10307,0.000,0.000,0.000,-0.600,148.350,121.430,123.350,-32.090,0.000,0.000,49.600,121.620,152.500,0.472,0.043,1,1,1
10407,0.000,0.000,0.000,-0.600,138.750,121.430,123.350,-32.000,0.000,0.000,46.100,121.620,152.500,0.476,-0.010,1,1,1
10507,0.000,0.000,0.000,-0.600,138.750,121.430,123.350,-32.000,0.000,0.000,43.900,121.620,152.500,0.479,0.052,1,1,1
10607,0.000,0.000,0.000,-0.600,132.330,121.430,123.350,-32.130,0.000,0.000,42.000,121.620,152.500,0.482,0.184,1,1,1
10807,0.000,0.000,0.000,-0.600,132.330,121.430,123.350,-32.130,0.000,0.000,39.900,121.620,152.500,0.491,0.052,1,1,1
10907,0.000,0.000,0.000,-0.600,122.780,121.430,123.350,-31.830,0.000,0.000,36.200,121.620,152.500,0.491,-0.027,1,1,1
11007,0.000,0.000,0.000,-0.600,122.780,121.430,123.350,-31.830,0.000,0.000,34.200,121.620,152.600,0.494,-0.062,1,1,1
11107,0.000,0.000,0.000,-0.600,116.430,121.430,123.350,-31.750,0.000,0.000,32.200,121.620,152.600,0.497,0.025,1,1,1
11307,0.000,0.000,0.000,-0.600,116.430,121.430,123.350,-31.750,0.000,0.000,30.300,121.620,152.600,0.497,-0.001,1,1,1
11407,0.000,0.000,0.000,-0.600,106.900,121.430,123.350,-31.750,0.000,0.000,26.300,121.620,152.500,0.497,-0.054,1,1,1
11507,0.000,0.000,0.000,-0.600,106.900,121.430,123.350,-31.750,0.000,0.000,24.400,121.620,152.500,0.500,0.034,1,1,1
11607,0.000,0.000,0.000,-0.600,100.600,121.430,123.350,-31.500,0.000,0.000,22.700,121.620,152.500,0.503,0.034,1,1,1
11807,0.000,0.000,0.000,-0.600,100.600,121.430,123.350,-31.500,0.000,0.000,20.600,121.620,152.500,0.502,-0.010,1,1,1
11907,0.000,0.000,0.000,0.600,91.200,121.430,123.050,-31.330,0.000,-1.000,20.000,121.620,152.600,0.402,-2.946,1,1,1
12007,0.000,0.000,0.000,0.600,91.200,121.430,123.050,-31.330,0.000,-1.000,20.000,121.620,152.700,0.348,-0.273,1,1,1
12107,0.000,0.000,0.000,0.600,89.130,121.350,123.230,-10.380,-0.380,0.880,20.000,121.660,152.700,0.524,2.048,1,1,1
12307,0.000,0.000,0.000,0.600,89.130,121.350,123.230,-10.380,-0.380,0.880,20.000,121.660,152.500,0.622,0.308,1,1,1
12407,0.000,0.000,0.000,0.600,95.800,121.450,123.030,22.250,0.330,-0.670,20.000,121.610,152.500,0.633,-0.458,1,1,1
12507,0.000,0.000,0.000,0.600,95.800,121.450,123.030,22.250,0.330,-0.670,20.000,121.610,152.400,0.595,-0.431,1,1,1
12607,0.000,0.000,0.000,0.600,100.300,121.430,123.000,22.500,-0.130,-0.130,21.300,121.620,152.500,0.588,-0.088,1,1,1
12807,0.000,0.000,0.000,0.600,100.300,121.430,123.000,22.500,-0.130,-0.130,22.700,121.620,152.500,0.550,-0.177,1,1,1
12907,0.000,0.000,0.000,0.600,107.000,121.430,123.230,22.330,0.000,0.750,25.300,121.620,152.500,0.565,0.446,1,1,1
13007,0.000,0.000,0.000,0.600,107.000,121.430,123.230,22.330,0.000,0.750,26.700,121.620,152.500,0.575,-0.019,1,1,1
13107,0.000,0.000,0.000,0.600,111.530,121.450,123.280,22.630,0.130,0.250,28.100,121.610,152.500,0.575,0.051,1,1,1
13307,0.000,0.000,0.000,0.600,111.530,121.450,123.280,22.630,0.130,0.250,29.600,121.610,152.400,0.577,0.025,1,1,1
13407,0.000,0.000,0.000,0.600,118.300,121.450,123.300,22.580,0.000,0.080,32.200,121.610,152.500,0.581,-0.124,1,1,1
13507,0.000,0.000,0.000,0.600,118.300,121.450,123.300,22.580,0.000,0.080,33.500,121.610,152.400,0.583,-0.063,1,1,1
13607,0.000,0.000,0.000,0.600,122.780,121.450,123.300,22.380,0.000,0.000,34.900,121.610,152.400,0.588,0.191,1,1,1
13807,0.000,0.000,0.000,0.600,122.780,121.450,123.300,22.380,0.000,0.000,36.400,121.610,152.500,0.598,0.077,1,1,1
13907,0.000,0.000,0.000,0.600,129.500,121.450,123.300,22.420,0.000,0.000,38.800,121.610,152.500,0.599,0.095,1,1,1
14007,0.000,0.000,0.000,0.600,129.500,121.450,123.300,22.420,0.000,0.000,40.300,121.610,152.500,0.601,0.156,1,1,1
14107,0.000,0.000,0.000,0.600,133.980,121.450,123.330,22.380,0.000,0.130,41.700,121.610,152.500,0.602,-0.072,1,1,1
14307,0.000,0.000,0.000,0.600,133.980,121.450,123.330,22.380,0.000,0.130,43.100,121.610,152.500,0.604,-0.002,1,1,1
14407,0.000,0.000,0.000,0.600,140.730,121.450,123.330,22.500,0.000,0.000,46.200,121.610,152.500,0.602,0.077,1,1,1
14507,0.000,0.000,0.000,0.600,140.730,121.450,123.330,22.500,0.000,0.000,47.200,121.610,152.500,0.605,0.086,1,1,1
14607,0.000,0.000,0.000,0.600,145.230,121.450,123.330,22.500,0.000,0.000,48.600,121.610,152.500,0.607,0.042,1,1,1
14807,0.000,0.000,0.000,0.600,145.230,121.450,123.330,22.500,0.000,0.000,49.900,121.610,152.500,0.615,0.068,1,1,1
14907,0.000,0.000,0.000,0.600,151.930,121.450,123.330,22.330,0.000,0.000,52.600,121.610,152.500,0.617,-0.081,1,1,1
15007,0.000,0.000,0.000,0.600,151.930,121.450,123.330,22.330,0.000,0.000,53.800,121.610,152.500,0.617,-0.019,1,1,1
15107,0.000,0.000,0.000,0.600,156.380,121.450,123.330,22.250,0.000,0.000,55.400,121.610,152.500,0.621,-0.002,1,1,1
15307,0.000,0.000,0.000,0.600,156.380,121.450,123.330,22.250,0.000,0.000,56.700,121.610,152.500,0.619,-0.045,1,1,1
15407,0.000,0.000,0.000,0.600,163.130,121.450,123.330,22.500,0.000,0.000,59.500,121.610,152.500,0.619,-0.002,1,1,1
15507,0.000,0.000,0.000,0.600,163.130,121.450,123.330,22.500,0.000,0.000,60.900,121.610,152.500,0.619,0.112,1,1,1
15607,0.000,0.000,0.000,0.600,167.630,121.450,123.330,22.500,0.000,0.000,62.500,121.610,152.500,0.621,-0.019,1,1,1
15807,0.000,0.000,0.000,0.600,167.630,121.450,123.330,22.500,0.000,0.000,63.900,121.610,152.500,0.645,0.217,1,1,1
15907,0.000,0.000,0.000,0.600,174.330,121.450,123.330,22.330,0.000,0.000,66.900,121.610,152.500,0.646,0.086,1,1,1
16007,0.000,0.000,0.000,0.600,174.330,121.450,123.330,22.330,0.000,0.000,68.200,121.610,152.500,0.647,0.059,1,1,1
16107,0.000,0.000,0.000,0.600,178.780,121.450,123.330,22.250,0.000,0.000,69.800,121.610,152.500,0.649,-0.019,1,1,1
16307,0.000,0.000,0.000,0.600,178.780,121.450,123.330,22.250,0.000,0.000,71.300,121.610,152.500,0.639,-0.090,1,1,1
16407,0.000,0.000,0.000,0.600,185.500,121.450,123.330,22.420,0.000,0.000,74.400,121.610,152.500,0.638,-0.003,1,1,1
16507,0.000,0.000,0.000,0.600,185.500,121.450,123.330,22.420,0.000,0.000,75.800,121.610,152.500,0.638,0.094,1,1,1
16607,0.000,0.000,0.000,-0.600,190.000,121.450,123.330,22.500,0.000,0.000,77.400,121.610,152.500,0.639,-0.002,1,1,1
16807,0.000,0.000,0.000,-0.600,190.000,121.450,123.330,22.500,0.000,0.000,79.100,121.610,152.600,0.840,1.766,1,1,1
16907,0.000,0.000,0.000,-0.600,188.580,121.450,123.380,-4.750,0.000,0.170,77.500,121.610,152.500,0.807,1.366,1,1,1
17007,0.000,0.000,0.000,-0.600,188.580,121.450,123.380,-4.750,0.000,0.170,74.600,121.610,152.500,0.823,-0.748,1,1,1
17107,0.000,0.000,0.000,-0.600,180.780,121.450,123.380,-39.000,0.000,0.000,72.300,121.610,152.500,0.826,-0.572,1,1,1
17307,0.000,0.000,0.000,-0.600,180.780,121.450,123.380,-39.000,0.000,0.000,69.900,121.610,152.500,0.853,0.226,1,1,1
17407,0.000,0.000,0.000,-0.600,170.400,121.450,123.380,-34.700,0.000,0.000,65.400,121.610,152.500,0.855,0.269,1,1,1
17507,0.000,0.000,0.000,-0.600,170.400,121.450,123.380,-34.700,0.000,0.000,63.200,121.610,152.500,0.858,0.304,1,1,1
17607,0.000,0.000,0.000,-0.600,163.630,121.450,123.380,-33.710,0.000,0.000,61.100,121.610,152.500,0.861,0.138,1,1,1
17807,0.000,0.000,0.000,-0.600,163.630,121.450,123.380,-33.710,0.000,0.000,59.000,121.610,152.500,0.868,0.103,1,1,1
17907,0.000,0.000,0.000,-0.600,153.750,121.450,123.380,-32.920,0.000,0.000,55.000,121.610,152.600,0.871,0.129,1,1,1
18007,0.000,0.000,0.000,-0.600,153.750,121.450,123.380,-32.920,0.000,0.000,53.000,121.610,152.600,0.877,-0.012,1,1,1
18107,0.000,0.000,0.000,-0.600,147.300,121.450,123.380,-32.250,0.000,0.000,51.100,121.610,152.500,0.876,-0.038,1,1,1
18307,0.000,0.000,0.000,-0.600,147.300,121.450,123.380,-32.250,0.000,0.000,49.200,121.610,152.600,0.877,-0.134,1,1,1
18407,0.000,0.000,0.000,-0.600,137.650,121.450,123.380,-32.170,0.000,0.000,45.300,121.610,152.600,0.880,0.006,1,1,1
18507,0.000,0.000,0.000,-0.600,137.650,121.450,123.380,-32.170,0.000,0.000,43.300,121.610,152.500,0.883,-0.029,1,1,1
18607,0.000,0.000,0.000,-0.600,131.230,121.450,123.380,-32.130,0.000,0.000,41.400,121.610,152.500,0.886,0.032,1,1,1
18807,0.000,0.000,0.000,-0.600,131.230,121.450,123.380,-32.130,0.000,0.000,39.200,121.610,152.600,0.889,-0.003,1,1,1
18907,0.000,0.000,0.000,-0.600,121.680,121.450,123.380,-31.830,0.000,0.000,35.400,121.610,152.600,0.891,0.103,1,1,1
19007,0.000,0.000,0.000,-0.600,121.680,121.450,123.380,-31.830,0.000,0.000,33.400,121.610,152.500,0.894,0.024,1,1,1
19107,0.000,0.000,0.000,-0.600,115.330,121.450,123.380,-31.750,0.000,0.000,31.500,121.610,152.500,0.896,-0.003,1,1,1
19307,0.000,0.000,0.000,-0.600,115.330,121.450,123.380,-31.750,0.000,0.000,29.900,121.610,152.500,0.899,0.137,1,1,1
19407,0.000,0.000,0.000,-0.600,105.780,121.450,123.380,-31.830,0.000,0.000,25.800,121.610,152.500,0.900,-0.064,1,1,1
19507,0.000,0.000,0.000,-0.600,105.780,121.450,123.380,-31.830,0.000,0.000,23.900,121.610,152.500,0.903,-0.082,1,1,1
19607,0.000,0.000,0.000,0.600,99.500,121.450,123.150,-31.380,0.000,-1.130,21.900,121.610,152.500,0.903,0.041,1,1,1
19807,0.000,0.000,0.000,0.600,99.500,121.450,123.150,-31.380,0.000,-1.130,20.000,121.610,152.500,0.887,0.671,1,1,1
19907,0.000,0.000,0.000,0.600,98.550,121.450,123.380,-3.170,0.000,0.750,20.000,121.610,152.300,0.877,0.067,1,1,1
20007,0.000,0.000,0.000,0.600,98.550,121.450,123.380,-3.170,0.000,0.750,21.600,121.610,152.300,0.878,0.287,1,1,1
20107,0.000,0.000,0.000,0.600,103.030,121.450,123.130,22.380,0.000,-1.250,23.000,121.610,152.400,0.882,0.137,1,1,1
20307,0.000,0.000,0.000,0.600,103.030,121.450,123.130,22.380,0.000,-1.250,24.200,121.610,152.300,0.901,0.234,1,1,1
20407,0.000,0.000,0.000,0.600,109.800,121.450,123.280,22.580,0.000,0.500,27.200,121.610,152.400,0.905,-0.082,1,1,1
20507,0.000,0.000,0.000,0.600,109.800,121.450,123.280,22.580,0.000,0.500,28.500,121.610,152.300,0.903,0.024,1,1,1
20607,0.000,0.000,0.000,0.600,114.350,121.450,123.330,22.750,0.000,0.250,30.000,121.610,152.400,0.904,-0.196,1,1,1
20807,0.000,0.000,0.000,0.600,114.350,121.450,123.330,22.750,0.000,0.250,31.300,121.610,152.400,0.899,-0.117,1,1,1
20907,0.000,0.000,0.000,0.600,121.100,121.450,123.330,22.500,0.000,0.000,33.900,121.610,152.400,0.901,0.041,1,1,1
21007,0.000,0.000,0.000,0.600,121.100,121.450,123.330,22.500,0.000,0.000,35.300,121.610,152.300,0.901,0.014,1,1,1
21107,0.000,0.000,0.000,0.600,125.580,121.450,123.330,22.380,0.000,0.000,36.700,121.610,152.300,0.903,-0.074,1,1,1
21307,0.000,0.000,0.000,0.600,125.580,121.450,123.330,22.380,0.000,0.000,38.000,121.610,152.400,0.912,-0.047,1,1,1
21407,0.000,0.000,0.000,0.600,132.330,121.450,123.350,22.500,0.000,0.080,40.700,121.610,152.400,0.915,-0.038,1,1,1
21507,0.000,0.000,0.000,0.600,132.330,121.450,123.350,22.500,0.000,0.080,42.100,121.610,152.400,0.917,0.225,1,1,1
21607,0.000,0.000,0.000,0.600,136.830,121.450,123.350,22.500,0.000,0.000,43.500,121.610,152.400,0.919,-0.108,1,1,1
21807,0.000,0.000,0.000,0.600,136.830,121.450,123.350,22.500,0.000,0.000,45.000,121.610,152.400,0.928,-0.038,1,1,1
21907,0.000,0.000,0.000,0.600,143.600,121.450,123.350,22.580,0.000,0.000,47.700,121.610,152.400,0.931,-0.003,1,1,1
22007,0.000,0.000,0.000,0.600,143.600,121.450,123.350,22.580,0.000,0.000,49.100,121.610,152.400,0.933,0.067,1,1,1
22107,0.000,0.000,0.000,0.600,148.080,121.450,123.350,22.380,0.000,0.000,50.500,121.610,152.400,0.934,0.067,1,1,1
22307,0.000,0.000,0.000,0.600,148.080,121.450,123.350,22.380,0.000,0.000,51.600,121.610,152.400,0.953,0.137,1,1,1
22407,0.000,0.000,0.000,0.600,154.780,121.450,123.350,22.330,0.000,0.000,54.200,121.610,152.400,0.954,0.119,1,1,1
22507,0.000,0.000,0.000,0.600,154.780,121.450,123.350,22.330,0.000,0.000,55.900,121.610,152.400,0.955,-0.091,1,1,1
22607,0.000,0.000,0.000,0.600,159.280,121.450,123.350,22.500,0.000,0.000,57.100,121.610,152.400,0.956,0.172,1,1,1
22807,0.000,0.000,0.000,0.600,159.280,121.450,123.350,22.500,0.000,0.000,58.600,121.610,152.400,0.961,-0.021,1,1,1
22907,0.000,0.000,0.000,0.600,166.080,121.450,123.350,22.670,0.000,0.000,61.400,121.610,152.400,0.960,0.102,1,1,1
23007,0.000,0.000,0.000,0.600,166.080,121.450,123.350,22.670,0.000,0.000,62.900,121.610,152.400,0.960,0.040,1,1,1
23107,0.000,0.000,0.000,0.600,170.580,121.450,123.350,22.500,0.000,0.000,64.400,121.610,152.400,0.960,0.023,1,1,1
23307,0.000,0.000,0.000,0.600,170.580,121.450,123.350,22.500,0.000,0.000,65.700,121.610,152.300,0.967,-0.030,1,1,1
23407,0.000,0.000,0.000,0.600,177.300,121.450,123.350,22.420,0.000,0.000,68.800,121.610,152.300,0.967,-0.100,1,1,1
23507,0.000,0.000,0.000,0.600,177.300,121.450,123.350,22.420,0.000,0.000,70.300,121.610,152.400,0.968,0.189,1,1,1
23607,0.000,0.000,0.000,0.600,181.780,121.450,123.350,22.380,0.000,0.000,71.700,121.610,152.400,0.971,-0.021,1,1,1
23807,0.000,0.000,0.000,0.600,181.780,121.450,123.350,22.380,0.000,0.000,73.300,121.610,152.400,0.984,0.066,1,1,1
23907,0.000,0.000,0.000,0.600,188.530,121.450,123.350,22.500,0.000,0.000,76.400,121.610,152.400,0.984,0.084,1,1,1
24007,0.000,0.000,0.000,0.600,188.530,121.450,123.350,22.500,0.000,0.000,77.900,121.610,230.000,0.985,0.084,1,1,1
24107,0.000,0.000,0.000,-0.600,192.980,121.450,123.350,22.250,0.000,0.000,79.500,121.610,230.000,0.986,-0.153,1,1,1
24307,0.000,0.000,0.000,-0.600,192.980,121.450,123.350,22.250,0.000,0.000,81.300,121.610,152.400,0.983,1.720,1,1,1
24407,0.000,0.000,0.000,-0.600,191.580,121.450,123.400,-4.670,0.000,0.170,79.700,121.610,152.500,0.954,0.917,1,1,1
24507,0.000,0.000,0.000,-0.600,191.580,121.450,123.400,-4.670,0.000,0.170,76.700,121.610,152.500,0.968,-0.512,1,1,1
24607,0.000,0.000,0.000,-0.600,183.700,121.450,123.400,-39.380,0.000,0.000,74.200,121.610,152.500,0.977,-0.609,1,1,1
24807,0.000,0.000,0.000,-0.600,183.700,121.450,123.400,-39.380,0.000,0.000,71.800,121.610,152.500,0.982,0.347,1,1,1
24907,0.000,0.000,0.000,-0.600,173.230,121.450,123.400,-34.920,0.000,0.000,67.300,121.610,152.500,0.984,0.356,1,1,1
25007,0.000,0.000,0.000,-0.600,173.230,121.450,123.400,-34.920,0.000,0.000,65.100,121.610,152.500,0.987,0.189,1,1,1
25107,0.000,0.000,0.000,-0.600,166.500,121.450,123.400,-33.630,0.000,0.000,62.900,121.610,152.500,0.988,0.145,1,1,1
25307,0.000,0.000,0.000,-0.600,166.500,121.450,123.400,-33.630,0.000,0.000,60.700,121.610,152.500,0.987,0.145,1,1,1
25407,0.000,0.000,0.000,-0.600,156.550,121.450,123.400,-33.170,0.000,0.000,56.700,121.610,152.600,0.989,0.241,1,1,1
25507,0.000,0.000,0.000,-0.600,156.550,121.450,123.400,-33.170,0.000,0.000,54.600,121.610,152.700,0.993,0.101,1,1,1
25607,0.000,0.000,0.000,-0.600,150.080,121.450,123.400,-32.380,0.000,0.000,52.700,121.610,152.500,0.995,0.014,1,1,1
25807,0.000,0.000,0.000,-0.600,150.080,121.450,123.400,-32.380,0.000,0.000,50.900,121.610,152.500,1.003,0.005,1,1,1
25907,0.000,0.000,0.000,-0.600,140.450,121.450,123.400,-32.190,0.000,0.000,46.700,121.610,154.600,1.004,-0.004,1,1,1
26007,0.000,0.000,0.000,-0.600,140.450,121.450,123.400,-32.190,0.000,0.000,45.100,121.610,152.600,1.007,-0.022,1,1,1
26107,0.000,0.000,0.000,-0.600,134.000,121.450,123.400,-31.930,0.000,0.000,43.000,121.610,152.800,1.007,-0.039,1,1,1
26307,0.000,0.000,0.000,-0.600,134.000,121.450,123.400,-31.930,0.000,0.000,40.900,121.610,152.600,1.012,0.022,1,1,1
26407,0.000,0.000,0.000,-0.600,124.480,121.450,123.400,-31.960,0.000,0.000,37.100,121.610,152.500,1.010,0.031,1,1,1
26507,0.000,0.000,0.000,-0.600,124.480,121.450,123.400,-31.960,0.000,0.000,35.300,121.610,152.600,1.013,0.118,1,1,1
26607,0.000,0.000,0.000,-0.600,118.130,121.450,123.400,-31.590,0.000,0.000,33.300,121.610,152.600,1.017,0.110,1,1,1
26807,0.000,0.000,0.000,-0.600,118.130,121.450,123.400,-31.590,0.000,0.000,31.400,121.610,152.500,1.026,0.057,1,1,1
26907,0.000,0.000,0.000,-0.600,108.580,121.450,123.400,-31.830,0.000,0.000,27.500,121.610,152.500,1.027,0.005,1,1,1
27007,0.000,0.000,0.000,-0.600,108.580,121.450,123.400,-31.830,0.000,0.000,25.500,121.610,152.500,1.029,0.040,1,1,1
27107,0.000,0.000,0.000,-0.600,102.280,121.450,123.350,-31.500,0.000,-0.250,23.600,121.610,152.500,1.031,0.057,1,1,1
27307,0.000,0.000,0.000,-0.600,102.280,121.450,123.350,-31.500,0.000,-0.250,21.700,121.610,152.500,1.039,0.083,1,1,1
27407,0.000,0.000,0.000,0.600,92.900,121.450,123.100,-31.250,0.000,-0.830,20.000,121.610,152.500,1.041,0.004,1,1,1
27507,0.000,0.000,0.000,0.600,92.900,121.450,123.100,-31.250,0.000,-0.830,20.000,121.610,152.800,0.930,-1.314,1,1,1
27607,0.000,0.000,0.000,0.600,89.800,121.430,123.200,-15.500,-0.130,0.500,20.000,121.620,152.600,0.901,-0.452,1,1,1
27807,0.000,0.000,0.000,0.600,89.800,121.430,123.200,-15.500,-0.130,0.500,20.000,121.620,152.500,0.834,-0.837,1,1,1
27907,0.000,0.000,0.000,0.600,96.430,121.450,123.050,22.080,0.080,-0.500,20.000,121.610,152.600,0.865,0.391,1,1,1
28007,0.000,0.000,0.000,0.600,96.430,121.450,123.050,22.080,0.080,-0.500,20.300,121.610,152.600,0.877,0.056,1,1,1
28107,0.000,0.000,0.000,0.600,100.930,121.450,123.050,22.500,0.000,0.000,21.600,121.610,152.600,0.881,-0.232,1,1,1
28307,0.000,0.000,0.000,0.600,100.930,121.450,123.050,22.500,0.000,0.000,23.000,121.610,152.500,0.893,0.153,1,1,1
28407,0.000,0.000,0.000,0.600,107.680,121.450,123.200,22.500,0.000,0.500,25.700,121.610,152.500,0.886,-0.144,1,1,1
28507,0.000,0.000,0.000,0.600,107.680,121.450,123.200,22.500,0.000,0.500,27.200,121.610,152.500,0.891,-0.013,1,1,1
28607,0.000,0.000,0.000,0.600,112.180,121.480,123.350,22.500,0.130,0.750,28.600,121.590,152.500,0.894,-0.049,1,1,1
28807,0.000,0.000,0.000,0.600,112.180,121.480,123.350,22.500,0.130,0.750,30.000,121.590,152.500,0.901,0.031,1,1,1
28907,0.000,0.000,0.000,0.600,118.980,121.480,123.350,22.670,0.000,0.000,32.500,121.590,152.500,0.900,0.118,1,1,1
29007,0.000,0.000,0.000,0.600,118.980,121.480,123.350,22.670,0.000,0.000,34.000,121.590,152.500,0.901,-0.083,1,1,1
29107,0.000,0.000,0.000,0.600,123.450,121.480,123.350,22.380,0.000,0.000,35.400,121.590,152.500,0.906,0.118,1,1,1
29307,0.000,0.000,0.000,0.600,123.450,121.480,123.350,22.380,0.000,0.000,36.800,121.590,152.500,0.906,-0.057,1,1,1
29407,0.000,0.000,0.000,0.600,130.180,121.480,123.350,22.420,0.000,0.000,39.300,121.590,152.600,0.905,0.171,1,1,1
29507,0.000,0.000,0.000,0.600,130.180,121.480,123.350,22.420,0.000,0.000,40.700,121.590,152.500,0.905,-0.162,1,1,1
29607,0.000,0.000,0.000,0.600,134.680,121.480,123.350,22.500,0.000,0.000,42.200,121.590,152.500,0.906,0.004,1,1,1
29807,0.000,0.000,0.000,0.600,134.680,121.480,123.350,22.500,0.000,0.000,43.700,121.590,152.500,0.906,-0.031,1,1,1
29907,0.000,0.000,0.000,0.600,141.450,121.480,123.350,22.580,0.000,0.000,46.400,121.590,152.500,0.910,0.127,1,1,1
30007,0.000,0.000,0.000,0.600,141.450,121.480,123.350,22.580,0.000,0.000,47.800,121.590,152.500,0.912,-0.066,1,1,1
30107,0.000,0.000,0.000,0.600,145.950,121.480,123.380,22.500,0.000,0.130,49.100,121.590,152.500,0.915,-0.057,1,1,1
30307,0.000,0.000,0.000,0.600,145.950,121.480,123.380,22.500,0.000,0.130,50.500,121.590,152.500,0.908,-0.083,1,1,1
30407,0.000,0.000,0.000,0.600,152.650,121.480,123.380,22.330,0.000,0.000,53.200,121.590,152.600,0.910,-0.031,1,1,1
30507,0.000,0.000,0.000,0.600,152.650,121.480,123.380,22.330,0.000,0.000,54.300,121.590,152.600,0.913,0.013,1,1,1
30607,0.000,0.000,0.000,0.600,157.130,121.480,123.380,22.380,0.000,0.000,55.900,121.590,152.500,0.915,0.074,1,1,1
30807,0.000,0.000,0.000,0.600,157.130,121.480,123.380,22.380,0.000,0.000,57.200,121.590,152.500,0.925,0.057,1,1,1
30907,0.000,0.000,0.000,0.600,163.930,121.480,123.380,22.670,0.000,0.000,60.200,121.590,152.500,0.926,0.030,1,1,1
31007,0.000,0.000,0.000,0.600,163.930,121.480,123.380,22.670,0.000,0.000,61.500,121.590,152.500,0.927,-0.075,1,1,1
31107,0.000,0.000,0.000,0.600,168.430,121.480,123.380,22.500,0.000,0.000,63.000,121.590,152.500,0.929,-0.031,1,1,1
31307,0.000,0.000,0.000,0.600,168.430,121.480,123.380,22.500,0.000,0.000,64.500,121.590,152.500,0.929,0.013,1,1,1
31407,0.000,0.000,0.000,0.600,175.130,121.480,123.380,22.330,0.000,0.000,67.300,121.590,152.500,0.931,0.048,1,1,1
31507,0.000,0.000,0.000,0.600,175.130,121.480,123.380,22.330,0.000,0.000,68.800,121.590,152.500,0.931,0.031,1,1,1
31607,0.000,0.000,0.000,0.600,179.580,121.480,123.380,22.250,0.000,0.000,70.300,121.590,152.500,0.931,-0.093,1,1,1
31807,0.000,0.000,0.000,0.600,179.580,121.480,123.380,22.250,0.000,0.000,71.700,121.590,152.500,0.936,-0.005,1,1,1
31907,0.000,0.000,0.000,0.600,186.300,121.480,123.380,22.420,0.000,0.000,74.800,121.590,152.500,0.936,-0.005,1,1,1
32007,0.000,0.000,0.000,0.600,186.300,121.480,123.380,22.420,0.000,0.000,76.500,121.590,230.000,0.937,-0.066,1,1,1
32107,0.000,0.000,0.000,-0.600,190.800,121.480,123.380,22.500,0.000,0.000,78.000,121.590,230.000,0.939,-0.032,1,1,1
32307,0.000,0.000,0.000,-0.600,190.800,121.480,123.380,22.500,0.000,0.000,79.500,121.590,152.500,1.129,1.745,1,1,1
32407,0.000,0.000,0.000,-0.600,188.150,121.480,123.430,-8.830,0.000,0.170,77.300,121.590,152.400,1.112,1.887,1,1,1
32507,0.000,0.000,0.000,-0.600,188.150,121.480,123.430,-8.830,0.000,0.170,74.400,121.590,152.500,1.104,-0.067,1,1,1
32607,0.000,0.000,0.000,-0.600,180.480,121.480,123.400,-38.380,0.000,-0.130,72.100,121.590,152.500,1.114,-0.505,1,1,1
32807,0.000,0.000,0.000,-0.600,180.480,121.480,123.400,-38.380,0.000,-0.130,69.800,121.590,152.500,1.069,-0.443,1,1,1
32907,0.000,0.000,0.000,-0.600,170.080,121.480,123.400,-34.670,0.000,0.000,65.300,121.590,152.500,1.073,-0.110,1,1,1
33007,0.000,0.000,0.000,-0.600,170.080,121.480,123.400,-34.670,0.000,0.000,63.100,121.590,152.500,1.077,-0.075,1,1,1
33107,0.000,0.000,0.000,-0.600,163.330,121.480,123.400,-33.750,0.000,0.000,60.800,121.590,152.500,1.077,-0.145,1,1,1
33307,0.000,0.000,0.000,-0.600,163.330,121.480,123.400,-33.750,0.000,0.000,58.700,121.590,152.500,1.061,-0.145,1,1,1
33407,0.000,0.000,0.000,-0.600,153.430,121.480,123.400,-33.000,0.000,0.000,54.800,121.590,152.500,1.061,-0.058,1,1,1
33507,0.000,0.000,0.000,-0.600,153.430,121.480,123.400,-33.000,0.000,0.000,52.800,121.590,152.500,1.063,-0.040,1,1,1
33607,0.000,0.000,0.000,-0.600,146.980,121.480,123.400,-32.250,0.000,0.000,51.000,121.590,180.100,1.065,-0.093,1,1,1
33807,0.000,0.000,0.000,-0.600,146.980,121.480,123.400,-32.250,0.000,0.000,49.000,121.590,152.500,1.050,-0.128,1,1,1
33907,0.000,0.000,0.000,-0.600,137.350,121.480,123.400,-32.190,0.000,0.000,45.200,121.590,152.600,1.050,-0.093,1,1,1
34007,0.000,0.000,0.000,-0.600,137.350,121.480,123.400,-32.190,0.000,0.000,43.100,121.590,152.500,1.053,-0.005,1,1,1
34107,0.000,0.000,0.000,-0.600,130.900,121.480,123.400,-32.090,0.000,0.000,41.000,121.590,152.500,1.054,-0.084,1,1,1
34307,0.000,0.000,0.000,-0.600,130.900,121.480,123.400,-32.090,0.000,0.000,39.000,121.590,152.500,1.051,-0.058,1,1,1
34407,0.000,0.000,0.000,-0.600,121.380,121.480,123.400,-31.860,0.000,0.000,35.300,121.590,152.500,1.052,-0.032,1,1,1
34507,0.000,0.000,0.000,-0.600,121.380,121.480,123.400,-31.860,0.000,0.000,33.400,121.590,152.500,1.054,-0.058,1,1,1
34607,0.000,0.000,0.000,-0.600,115.030,121.480,123.400,-31.750,0.000,0.000,31.400,121.590,152.500,1.057,0.021,1,1,1
34807,0.000,0.000,0.000,-0.600,115.030,121.480,123.400,-31.750,0.000,0.000,29.700,121.590,152.500,1.066,0.074,1,1,1
34907,0.000,0.000,0.000,-0.600,105.500,121.480,123.400,-31.750,0.000,0.000,25.600,121.590,152.500,1.067,-0.049,1,1,1
35007,0.000,0.000,0.000,-0.600,105.500,121.480,123.400,-31.750,0.000,0.000,23.700,121.590,152.500,1.069,0.056,1,1,1
35107,0.000,0.000,0.000,0.600,99.230,121.480,123.250,-31.220,0.000,-0.750,21.700,121.590,152.500,1.070,-0.014,1,1,1
35307,0.000,0.000,0.000,0.600,99.230,121.480,123.250,-31.220,0.000,-0.750,20.000,121.590,152.500,1.171,0.790,1,1,1
35407,0.000,0.000,0.000,0.600,98.180,121.480,123.400,-3.500,0.000,0.500,20.000,121.590,152.300,1.166,0.082,1,1,1
35507,0.000,0.000,0.000,0.600,98.180,121.480,123.400,-3.500,0.000,0.500,21.400,121.590,152.300,1.170,0.126,1,1,1
35607,0.000,0.000,0.000,0.600,102.650,121.480,123.150,22.380,0.000,-1.250,22.800,121.590,152.400,1.176,0.196,1,1,1
35807,0.000,0.000,0.000,0.600,102.650,121.480,123.150,22.380,0.000,-1.250,24.000,121.590,152.300,1.191,0.161,1,1,1
35907,0.000,0.000,0.000,0.600,109.400,121.480,123.300,22.500,0.000,0.500,26.900,121.590,152.300,1.195,0.020,1,1,1
36007,0.000,0.000,0.000,0.600,109.400,121.480,123.300,22.500,0.000,0.500,28.200,121.590,152.300,1.194,-0.067,1,1,1
36107,0.000,0.000,0.000,0.600,113.950,121.480,123.350,22.750,0.000,0.250,29.900,121.590,152.300,1.195,-0.094,1,1,1
36307,0.000,0.000,0.000,0.600,113.950,121.480,123.350,22.750,0.000,0.250,31.200,121.590,152.300,1.202,0.056,1,1,1
36407,0.000,0.000,0.000,0.600,120.730,121.480,123.350,22.580,0.000,0.000,33.600,121.590,152.300,1.202,0.117,1,1,1
36507,0.000,0.000,0.000,0.600,120.730,121.480,123.350,22.580,0.000,0.000,35.100,121.590,152.300,1.204,-0.067,1,1,1
36607,0.000,0.000,0.000,0.600,125.200,121.480,123.350,22.380,0.000,0.000,36.500,121.590,152.300,1.203,0.108,1,1,1
36807,0.000,0.000,0.000,0.600,125.200,121.480,123.350,22.380,0.000,0.000,37.800,121.590,152.300,1.194,-0.067,1,1,1
36907,0.000,0.000,0.000,0.600,131.950,121.480,123.380,22.500,0.000,0.080,40.500,121.590,152.400,1.196,0.108,1,1,1
37007,0.000,0.000,0.000,0.600,131.950,121.480,123.380,22.500,0.000,0.080,42.000,121.590,152.400,1.198,0.030,1,1,1
37107,0.000,0.000,0.000,0.600,136.450,121.480,123.380,22.500,0.000,0.000,43.300,121.590,152.400,1.201,-0.173,1,1,1
37307,0.000,0.000,0.000,0.600,136.450,121.480,123.380,22.500,0.000,0.000,44.700,121.590,152.400,1.196,-0.050,1,1,1
37407,0.000,0.000,0.000,0.600,143.230,121.480,123.380,22.580,0.000,0.000,47.400,121.590,152.400,1.199,-0.076,1,1,1
37507,0.000,0.000,0.000,0.600,143.230,121.480,123.380,22.580,0.000,0.000,48.800,121.590,152.400,1.202,0.064,1,1,1
37607,0.000,0.000,0.000,0.600,147.700,121.480,123.380,22.380,0.000,0.000,50.200,121.590,152.300,1.204,-0.041,1,1,1
37807,0.000,0.000,0.000,0.600,147.700,121.480,123.380,22.380,0.000,0.000,51.400,121.590,152.300,1.194,-0.076,1,1,1
37907,0.000,0.000,0.000,0.600,154.400,121.480,123.380,22.330,0.000,0.000,54.000,121.590,152.300,1.197,-0.216,1,1,1
38007,0.000,0.000,0.000,0.600,154.400,121.480,123.380,22.330,0.000,0.000,55.600,121.590,152.300,1.197,0.029,1,1,1
38107,0.000,0.000,0.000,0.600,158.900,121.480,123.380,22.500,0.000,0.000,56.900,121.590,152.300,1.197,0.074,1,1,1
38307,0.000,0.000,0.000,0.600,158.900,121.480,123.380,22.500,0.000,0.000,58.400,121.590,152.300,1.199,0.003,1,1,1
38407,0.000,0.000,0.000,0.600,165.680,121.480,123.380,22.580,0.000,0.000,61.200,121.590,152.300,1.201,0.064,1,1,1
38507,0.000,0.000,0.000,0.600,165.680,121.480,123.380,22.580,0.000,0.000,62.700,121.590,152.300,1.200,-0.023,1,1,1
38607,0.000,0.000,0.000,0.600,170.200,121.480,123.380,22.630,0.000,0.000,64.100,121.590,152.400,1.203,0.038,1,1,1
38807,0.000,0.000,0.000,0.600,170.200,121.480,123.380,22.630,0.000,0.000,65.600,121.590,152.300,1.198,-0.050,1,1,1
38907,0.000,0.000,0.000,0.600,176.880,121.480,123.380,22.250,0.000,0.000,68.600,121.590,152.300,1.201,-0.137,1,1,1
39007,0.000,0.000,0.000,0.600,176.880,121.480,123.380,22.250,0.000,0.000,70.000,121.590,152.300,1.202,0.169,1,1,1
39107,0.000,0.000,0.000,0.600,181.380,121.480,123.380,22.500,0.000,0.000,71.500,121.590,152.300,1.201,-0.068,1,1,1
39307,0.000,0.000,0.000,0.600,181.380,121.480,123.380,22.500,0.000,0.000,73.000,121.590,152.300,1.217,0.135,1,1,1
39407,0.000,0.000,0.000,0.600,188.130,121.480,123.380,22.500,0.000,0.000,76.200,121.590,152.400,1.219,-0.050,1,1,1
39507,0.000,0.000,0.000,0.600,188.130,121.480,123.380,22.500,0.000,0.000,77.600,121.590,152.400,1.222,-0.068,1,1,1
39607,0.000,0.000,0.000,-0.600,192.600,121.480,123.380,22.380,0.000,0.000,79.400,121.590,152.500,1.223,-0.006,1,1,1
39807,0.000,0.000,0.000,-0.600,192.600,121.480,123.380,22.380,0.000,0.000,80.900,121.590,152.400,1.392,1.166,1,1,1
39907,0.000,0.000,0.000,-0.600,189.980,121.480,123.430,-8.750,0.000,0.170,78.600,121.590,152.400,1.376,1.475,1,1,1
40007,0.000,0.000,0.000,-0.600,189.980,121.480,123.430,-8.750,0.000,0.170,75.600,121.590,152.400,1.359,-0.419,1,1,1
40107,0.000,0.000,0.000,-0.600,182.250,121.480,123.430,-38.630,0.000,0.000,73.200,121.590,152.400,1.367,-0.505,1,1,1
40307,0.000,0.000,0.000,-0.600,182.250,121.480,123.430,-38.630,0.000,0.000,70.900,121.590,152.400,1.327,-0.409,1,1,1
40407,0.000,0.000,0.000,-0.600,171.800,121.480,123.430,-34.830,0.000,0.000,66.300,121.590,152.400,1.333,-0.129,1,1,1
40507,0.000,0.000,0.000,-0.600,171.800,121.480,123.430,-34.830,0.000,0.000,64.100,121.590,152.400,1.339,0.012,1,1,1
40607,0.000,0.000,0.000,-0.600,165.030,121.480,123.430,-33.880,0.000,0.000,62.000,121.590,152.400,1.338,0.056,1,1,1
40807,0.000,0.000,0.000,-0.600,165.030,121.480,123.430,-33.880,0.000,0.000,59.900,121.590,152.400,1.333,-0.015,1,1,1
40907,0.000,0.000,0.000,-0.600,155.100,121.480,123.430,-33.080,0.000,0.000,55.900,121.590,152.500,1.334,0.143,1,1,1
41007,0.000,0.000,0.000,-0.600,155.100,121.480,123.430,-33.080,0.000,0.000,53.700,121.590,152.500,1.338,0.020,1,1,1
41107,0.000,0.000,0.000,-0.600,148.630,121.480,123.430,-32.380,0.000,0.000,51.700,121.590,152.500,1.339,-0.024,1,1,1
41307,0.000,0.000,0.000,-0.600,148.630,121.480,123.430,-32.380,0.000,0.000,49.900,121.590,152.400,1.337,-0.041,1,1,1
41407,0.000,0.000,0.000,-0.600,138.980,121.480,123.430,-32.170,0.000,0.000,46.200,121.590,160.600,1.336,-0.094,1,1,1
41507,0.000,0.000,0.000,-0.600,138.980,121.480,123.430,-32.170,0.000,0.000,44.100,121.590,152.500,1.338,0.029,1,1,1
41607,0.000,0.000,0.000,-0.600,132.550,121.480,123.430,-32.130,0.000,0.000,42.100,121.590,152.700,1.339,0.020,1,1,1
41807,0.000,0.000,0.000,-0.600,132.550,121.480,123.430,-32.130,0.000,0.000,40.000,121.590,152.500,1.343,0.020,1,1,1
41907,0.000,0.000,0.000,-0.600,123.000,121.480,123.430,-31.830,0.000,0.000,36.400,121.590,152.600,1.342,0.003,1,1,1
42007,0.000,0.000,0.000,-0.600,123.000,121.480,123.430,-31.830,0.000,0.000,34.600,121.590,152.500,1.345,0.047,1,1,1
42107,0.000,0.000,0.000,-0.600,116.650,121.480,123.430,-31.750,0.000,0.000,32.400,121.590,152.500,1.347,0.081,1,1,1
42307,0.000,0.000,0.000,-0.600,116.650,121.480,123.430,-31.750,0.000,0.000,30.500,121.590,152.500,1.338,-0.076,1,1,1
42407,0.000,0.000,0.000,-0.600,107.180,121.480,123.430,-31.690,0.000,0.000,26.600,121.590,152.500,1.338,0.047,1,1,1
42507,0.000,0.000,0.000,-0.600,107.180,121.480,123.430,-31.690,0.000,0.000,24.500,121.590,152.500,1.340,-0.059,1,1,1
42607,0.000,0.000,0.000,-0.600,100.850,121.480,123.330,-31.470,0.000,-0.500,22.900,121.590,152.500,1.341,-0.050,1,1,1
42807,0.000,0.000,0.000,-0.600,100.850,121.480,123.330,-31.470,0.000,-0.500,20.900,121.590,152.500,1.331,-0.094,1,1,1
42907,0.000,0.000,0.000,0.800,91.500,121.480,123.130,-31.170,0.000,-0.670,20.000,121.590,152.500,1.291,-4.611,1,1,1
43007,0.000,0.000,0.000,0.800,91.500,121.480,123.130,-31.170,0.000,-0.670,20.000,121.590,152.600,1.171,0.783,1,1,1
43107,0.000,0.000,0.000,0.800,89.080,121.430,123.350,-12.130,-0.250,1.130,20.000,121.620,152.600,1.283,-2.468,1,1,1
43307,0.000,0.000,0.000,0.800,89.080,121.430,123.350,-12.130,-0.250,1.130,20.000,121.620,152.400,1.244,-0.602,1,1,1
43407,0.000,0.000,0.000,0.800,98.150,121.480,123.200,30.250,0.170,-0.500,20.000,121.590,152.500,1.253,-0.262,1,1,1
43507,0.000,0.000,0.000,0.800,98.150,121.480,123.200,30.250,0.170,-0.500,21.800,121.590,152.500,1.243,0.221,1,1,1
43607,0.000,0.000,0.000,0.800,104.350,121.480,123.230,31.000,0.000,0.130,23.800,121.590,152.500,1.249,-0.909,1,1,1
43807,0.000,0.000,0.000,0.800,104.350,121.480,123.230,31.000,0.000,0.130,25.600,121.590,152.500,1.276,0.310,1,1,1
43907,0.000,0.000,0.000,0.800,113.800,121.500,123.430,31.500,0.080,0.670,29.600,121.580,152.500,1.285,-0.322,1,1,1
44007,0.000,0.000,0.000,0.800,113.800,121.500,123.430,31.500,0.080,0.670,31.400,121.580,152.500,1.281,0.010,1,1,1
44107,0.000,0.000,0.000,0.800,120.080,121.500,123.530,31.380,0.000,0.500,33.300,121.580,152.400,1.292,0.073,1,1,1
44307,0.000,0.000,0.000,0.800,120.080,121.500,123.530,31.380,0.000,0.500,35.200,121.580,152.500,1.305,0.099,1,1,1
44407,0.000,0.000,0.000,0.800,129.400,121.500,123.530,31.080,0.000,0.000,38.800,121.580,152.500,1.305,0.055,1,1,1
44507,0.000,0.000,0.000,0.800,129.400,121.500,123.530,31.080,0.000,0.000,40.700,121.580,152.500,1.305,-0.007,1,1,1
44607,0.000,0.000,0.000,0.800,135.650,121.500,123.530,31.250,0.000,0.000,42.800,121.580,152.500,1.308,0.064,1,1,1
44807,0.000,0.000,0.000,0.800,135.650,121.500,123.530,31.250,0.000,0.000,44.700,121.580,152.500,1.316,0.055,1,1,1
44907,0.000,0.000,0.000,0.800,145.050,121.500,123.530,31.330,0.000,0.000,48.600,121.580,152.500,1.317,0.072,1,1,1
45007,0.000,0.000,0.000,0.800,145.050,121.500,123.530,31.330,0.000,0.000,50.400,121.580,152.500,1.317,0.028,1,1,1
45107,0.000,0.000,0.000,0.800,151.280,121.500,123.530,31.130,0.000,0.000,52.300,121.580,152.500,1.318,-0.042,1,1,1
45307,0.000,0.000,0.000,0.800,151.280,121.500,123.530,31.130,0.000,0.000,53.900,121.580,152.500,1.306,-0.138,1,1,1
45407,0.000,0.000,0.000,0.800,160.600,121.500,123.530,31.080,0.000,0.000,58.100,121.580,152.500,1.305,-0.051,1,1,1
45507,0.000,0.000,0.000,0.800,160.600,121.500,123.530,31.080,0.000,0.000,60.000,121.580,152.500,1.305,-0.094,1,1,1
45607,0.000,0.000,0.000,0.800,166.900,121.500,123.530,31.500,0.000,0.000,61.900,121.580,152.500,1.307,0.011,1,1,1
45807,0.000,0.000,0.000,0.800,166.900,121.500,123.530,31.500,0.000,0.000,64.000,121.580,152.400,1.322,0.134,1,1,1
45907,0.000,0.000,0.000,0.800,176.230,121.500,123.530,31.080,0.000,0.000,68.000,121.580,152.500,1.323,-0.007,1,1,1
46007,0.000,0.000,0.000,0.800,176.230,121.500,123.530,31.080,0.000,0.000,70.100,121.580,152.500,1.325,-0.103,1,1,1
46107,0.000,0.000,0.000,0.800,182.450,121.500,123.530,31.130,0.000,0.000,72.300,121.580,152.500,1.324,0.072,1,1,1
46307,0.000,0.000,0.000,0.800,182.450,121.500,123.530,31.130,0.000,0.000,74.400,121.580,152.500,1.323,0.002,1,1,1
46407,0.000,0.000,0.000,-0.800,191.800,121.500,123.530,31.170,0.000,0.000,78.800,121.580,152.500,1.324,0.019,1,1,1
46507,0.000,0.000,0.000,-0.800,191.800,121.500,123.530,31.170,0.000,0.000,81.000,121.580,152.500,1.359,2.264,1,1,1
46607,0.000,0.000,0.000,-0.800,195.150,121.500,123.550,16.750,0.000,0.130,81.600,121.580,152.500,1.347,2.034,1,1,1
46807,0.000,0.000,0.000,-0.800,195.150,121.500,123.550,16.750,0.000,0.130,79.300,121.580,152.300,1.292,-0.525,1,1,1
46907,0.000,0.000,0.000,-0.800,181.030,121.530,123.580,-47.080,0.080,0.080,72.400,121.570,152.300,1.297,-0.594,1,1,1
47007,0.000,0.000,0.000,-0.800,181.030,121.530,123.580,-47.080,0.080,0.080,69.600,121.570,152.300,1.286,-0.296,1,1,1
47107,0.000,0.000,0.000,-0.800,172.300,121.530,123.580,-43.630,0.000,0.000,66.700,121.570,152.300,1.274,0.239,1,1,1
47307,0.000,0.000,0.000,-0.800,172.300,121.530,123.580,-43.630,0.000,0.000,64.000,121.570,152.300,1.306,0.344,1,1,1
47407,0.000,0.000,0.000,-0.800,159.380,121.530,123.580,-43.080,0.000,0.000,58.500,121.570,152.300,1.315,0.160,1,1,1
47507,0.000,0.000,0.000,-0.800,159.380,121.530,123.580,-43.080,0.000,0.000,55.900,121.570,152.300,1.316,0.054,1,1,1
47607,0.000,0.000,0.000,-0.800,150.900,121.530,123.580,-42.380,0.000,0.000,53.300,121.570,152.300,1.312,-0.138,1,1,1
47807,0.000,0.000,0.000,-0.800,150.900,121.530,123.580,-42.380,0.000,0.000,50.800,121.570,152.300,1.313,0.019,1,1,1
47907,0.000,0.000,0.000,-0.800,138.180,121.530,123.580,-42.420,0.000,0.000,45.700,121.570,152.300,1.316,-0.077,1,1,1
48007,0.000,0.000,0.000,-0.800,138.180,121.530,123.580,-42.420,0.000,0.000,43.000,121.570,161.900,1.318,0.063,1,1,1
48107,0.000,0.000,0.000,-0.800,129.630,121.530,123.580,-42.750,0.000,0.000,40.400,121.570,152.300,1.319,0.090,1,1,1
48307,0.000,0.000,0.000,-0.800,129.630,121.530,123.580,-42.750,0.000,0.000,37.800,121.570,152.400,1.311,-0.042,1,1,1
48407,0.000,0.000,0.000,-0.800,116.930,121.530,123.580,-42.330,0.000,0.000,32.500,121.570,152.400,1.317,0.002,1,1,1
48507,0.000,0.000,0.000,-0.800,116.930,121.530,123.580,-42.330,0.000,0.000,30.100,121.570,152.400,1.318,0.019,1,1,1
48607,0.000,0.000,0.000,-0.800,108.400,121.530,123.580,-42.630,0.000,0.000,27.500,121.570,152.400,1.319,-0.104,1,1,1
48807,0.000,0.000,0.000,-0.800,108.400,121.530,123.580,-42.630,0.000,0.000,24.800,121.570,152.400,1.309,-0.069,1,1,1
48907,0.000,0.000,0.000,0.800,95.780,121.530,123.300,-42.080,0.000,-0.920,20.000,121.570,152.400,1.313,0.028,1,1,1
49007,0.000,0.000,0.000,0.800,95.780,121.530,123.300,-42.080,0.000,-0.920,20.000,121.570,152.400,1.325,0.186,1,1,1
49107,0.000,0.000,0.000,0.800,90.680,121.430,123.480,-25.500,-0.500,0.880,20.000,121.620,152.500,1.321,-0.320,1,1,1
49307,0.000,0.000,0.000,0.800,90.680,121.430,123.480,-25.500,-0.500,0.880,20.000,121.620,152.300,1.220,-0.850,1,1,1
49407,0.000,0.000,0.000,0.800,99.380,121.500,123.300,29.000,0.250,-0.580,20.600,121.580,152.300,1.211,0.097,1,1,1
49507,0.000,0.000,0.000,0.800,99.380,121.500,123.300,29.000,0.250,-0.580,22.700,121.580,152.300,1.211,0.414,1,1,1
49607,0.000,0.000,0.000,0.800,105.650,121.530,123.300,31.380,0.130,0.000,24.400,121.570,152.300,1.217,-0.121,1,1,1
49807,0.000,0.000,0.000,0.800,105.650,121.530,123.300,31.380,0.130,0.000,26.300,121.570,152.300,1.247,0.300,1,1,1
49907,0.000,0.000,0.000,0.800,115.080,121.530,123.530,31.420,0.000,0.750,30.300,121.570,152.300,1.248,-0.060,1,1,1
50007,0.000,0.000,0.000,0.800,115.080,121.530,123.530,31.420,0.000,0.750,32.100,121.570,152.300,1.251,0.239,1,1,1
50107,0.000,0.000,0.000,0.800,121.350,121.530,123.530,31.380,0.000,0.000,34.000,121.570,152.300,1.249,-0.095,1,1,1
50307,0.000,0.000,0.000,0.800,121.350,121.530,123.530,31.380,0.000,0.000,36.100,121.570,152.300,1.249,-0.016,1,1,1
50407,0.000,0.000,0.000,0.800,130.680,121.530,123.550,31.190,0.000,0.080,39.600,121.570,152.300,1.251,0.046,1,1,1
50507,0.000,0.000,0.000,0.800,130.680,121.530,123.550,31.190,0.000,0.080,41.700,121.570,152.300,1.253,-0.034,1,1,1
50607,0.000,0.000,0.000,0.800,137.030,121.530,123.550,31.590,0.000,0.000,43.700,121.570,152.300,1.254,0.072,1,1,1
50807,0.000,0.000,0.000,0.800,137.030,121.530,123.550,31.590,0.000,0.000,45.500,121.570,152.300,1.257,0.019,1,1,1
50907,0.000,0.000,0.000,0.800,146.380,121.530,123.550,31.270,0.000,0.000,49.500,121.570,152.400,1.259,0.089,1,1,1
51007,0.000,0.000,0.000,0.800,146.380,121.530,123.550,31.270,0.000,0.000,51.200,121.570,152.300,1.260,0.019,1,1,1
51107,0.000,0.000,0.000,0.800,152.650,121.530,123.550,31.220,0.000,0.000,53.200,121.570,152.400,1.262,0.107,1,1,1
51307,0.000,0.000,0.000,0.800,152.650,121.530,123.550,31.220,0.000,0.000,55.000,121.570,152.400,1.253,-0.086,1,1,1
51407,0.000,0.000,0.000,0.800,162.050,121.530,123.550,31.440,0.000,0.000,58.800,121.570,152.300,1.254,-0.034,1,1,1
51507,0.000,0.000,0.000,0.800,162.050,121.530,123.550,31.440,0.000,0.000,60.700,121.570,152.400,1.255,-0.007,1,1,1
51607,0.000,0.000,0.000,0.800,168.330,121.530,123.550,31.220,0.000,0.000,62.900,121.570,152.400,1.255,0.028,1,1,1
51807,0.000,0.000,0.000,0.800,168.330,121.530,123.550,31.220,0.000,0.000,64.900,121.570,152.400,1.263,0.072,1,1,1
51907,0.000,0.000,0.000,0.800,177.650,121.530,123.550,31.080,0.000,0.000,69.000,121.570,152.400,1.265,0.063,1,1,1
52007,0.000,0.000,0.000,0.800,177.650,121.530,123.550,31.080,0.000,0.000,71.100,121.570,152.300,1.263,0.037,1,1,1
52107,0.000,0.000,0.000,0.800,183.900,121.530,123.550,31.250,0.000,0.000,73.200,121.570,152.400,1.265,-0.043,1,1,1
52307,0.000,0.000,0.000,0.800,183.900,121.530,123.550,31.250,0.000,0.000,75.400,121.570,152.300,1.271,0.054,1,1,1
52407,0.000,0.000,0.000,-0.800,193.280,121.530,123.580,31.250,0.000,0.080,79.900,121.570,152.300,1.272,-0.095,1,1,1
52507,0.000,0.000,0.000,-0.800,193.280,121.530,123.580,31.250,0.000,0.080,81.900,121.570,152.300,1.266,1.247,1,1,1
52607,0.000,0.000,0.000,-0.800,197.150,121.530,123.600,19.380,0.000,0.130,83.200,121.570,152.300,1.252,2.237,1,1,1
52807,0.000,0.000,0.000,-0.800,197.150,121.530,123.600,19.380,0.000,0.130,81.300,121.570,152.400,1.188,-1.120,1,1,1
52907,0.000,0.000,0.000,-0.800,183.600,121.530,123.600,-45.170,0.000,0.000,74.200,121.570,152.300,1.187,-0.033,1,1,1
53007,0.000,0.000,0.000,-0.800,183.600,121.530,123.600,-45.170,0.000,0.000,71.300,121.570,152.300,1.164,0.396,1,1,1
53107,0.000,0.000,0.000,-0.800,174.850,121.530,123.600,-43.750,0.000,0.000,68.400,121.570,152.300,1.146,0.562,1,1,1
53307,0.000,0.000,0.000,-0.800,174.850,121.530,123.600,-43.750,0.000,0.000,65.600,121.570,152.300,1.166,0.203,1,1,1
53407,0.000,0.000,0.000,-0.800,161.930,121.530,123.600,-43.080,0.000,0.000,60.300,121.570,152.300,1.173,0.124,1,1,1
53507,0.000,0.000,0.000,-0.800,161.930,121.530,123.600,-43.080,0.000,0.000,57.400,121.570,152.300,1.173,0.054,1,1,1
53607,0.000,0.000,0.000,-0.800,153.350,121.530,123.600,-42.880,0.000,0.000,54.800,121.570,152.300,1.171,0.080,1,1,1
53807,0.000,0.000,0.000,-0.800,153.350,121.530,123.600,-42.880,0.000,0.000,52.300,121.570,152.300,1.181,0.115,1,1,1
53907,0.000,0.000,0.000,-0.800,140.650,121.530,123.600,-42.330,0.000,0.000,47.100,121.570,152.300,1.186,0.089,1,1,1
54007,0.000,0.000,0.000,-0.800,140.650,121.530,123.600,-42.330,0.000,0.000,44.500,121.570,152.700,1.186,-0.025,1,1,1
54107,0.000,0.000,0.000,-0.800,132.100,121.530,123.600,-42.750,0.000,0.000,42.000,121.570,152.400,1.184,0.036,1,1,1
54307,0.000,0.000,0.000,-0.800,132.100,121.530,123.600,-42.750,0.000,0.000,39.200,121.570,152.400,1.190,0.071,1,1,1
54407,0.000,0.000,0.000,-0.800,119.350,121.530,123.600,-42.500,0.000,0.000,34.200,121.570,152.400,1.191,0.045,1,1,1
54507,0.000,0.000,0.000,-0.800,119.350,121.530,123.600,-42.500,0.000,0.000,31.500,121.570,152.400,1.194,0.151,1,1,1
54607,0.000,0.000,0.000,-0.800,110.830,121.530,123.600,-42.630,0.000,0.000,29.100,121.570,152.400,1.194,0.010,1,1,1
54807,0.000,0.000,0.000,-0.800,110.830,121.530,123.600,-42.630,0.000,0.000,26.300,121.570,152.400,1.185,0.028,1,1,1
54907,0.000,0.000,0.000,0.800,98.180,121.530,123.380,-42.170,0.000,-0.750,21.300,121.570,152.500,1.188,0.028,1,1,1
55007,0.000,0.000,0.000,0.800,98.180,121.530,123.380,-42.170,0.000,-0.750,20.000,121.570,152.400,1.199,-0.830,1,1,1
55107,0.000,0.000,0.000,0.800,93.280,121.430,123.450,-24.500,-0.500,0.380,20.000,121.620,152.500,1.199,0.688,1,1,1
55307,0.000,0.000,0.000,0.800,93.280,121.430,123.450,-24.500,-0.500,0.380,20.000,121.620,152.300,1.118,-0.227,1,1,1
55407,0.000,0.000,0.000,0.800,102.050,121.530,123.580,29.250,0.330,0.420,22.400,121.570,152.300,1.112,-0.017,1,1,1
55507,0.000,0.000,0.000,0.800,102.050,121.530,123.580,29.250,0.330,0.420,24.100,121.570,152.400,1.113,0.440,1,1,1
55607,0.000,0.000,0.000,0.800,108.300,121.530,123.350,31.250,0.000,-1.130,26.100,121.570,152.400,1.119,-0.253,1,1,1
55807,0.000,0.000,0.000,0.800,108.300,121.530,123.350,31.250,0.000,-1.130,28.100,121.570,152.400,1.151,0.440,1,1,1
55907,0.000,0.000,0.000,0.800,117.750,121.530,123.580,31.500,0.000,0.750,32.000,121.570,152.300,1.151,-0.087,1,1,1
56007,0.000,0.000,0.000,0.800,117.750,121.530,123.580,31.500,0.000,0.750,33.700,121.570,152.400,1.154,0.098,1,1,1
56107,0.000,0.000,0.000,0.800,124.030,121.530,123.580,31.380,0.000,0.000,35.600,121.570,152.400,1.151,-0.060,1,1,1
56307,0.000,0.000,0.000,0.800,124.030,121.530,123.580,31.380,0.000,0.000,37.500,121.570,152.400,1.146,0.142,1,1,1
56407,0.000,0.000,0.000,0.800,133.400,121.530,123.580,31.250,0.000,0.000,41.500,121.570,152.300,1.147,-0.087,1,1,1
56507,0.000,0.000,0.000,0.800,133.400,121.530,123.580,31.250,0.000,0.000,43.400,121.570,152.400,1.148,0.168,1,1,1
56607,0.000,0.000,0.000,0.800,139.700,121.530,123.580,31.500,0.000,0.000,45.300,121.570,152.400,1.149,-0.016,1,1,1
56807,0.000,0.000,0.000,0.800,139.700,121.530,123.580,31.500,0.000,0.000,47.200,121.570,152.400,1.141,-0.034,1,1,1
56907,0.000,0.000,0.000,0.800,149.050,121.530,123.580,31.170,0.000,0.000,51.100,121.570,152.400,1.143,0.080,1,1,1
57007,0.000,0.000,0.000,0.800,149.050,121.530,123.580,31.170,0.000,0.000,52.800,121.570,152.400,1.145,-0.016,1,1,1
57107,0.000,0.000,0.000,0.800,155.280,121.530,123.580,31.130,0.000,0.000,54.700,121.570,152.400,1.144,-0.051,1,1,1
57307,0.000,0.000,0.000,0.800,155.280,121.530,123.580,31.130,0.000,0.000,56.700,121.570,152.400,1.131,-0.043,1,1,1
57407,0.000,0.000,0.000,0.800,164.730,121.530,123.580,31.500,0.000,0.000,60.600,121.570,152.400,1.133,0.098,1,1,1
57507,0.000,0.000,0.000,0.800,164.730,121.530,123.580,31.500,0.000,0.000,62.700,121.570,152.500,1.133,0.186,1,1,1
57607,0.000,0.000,0.000,0.800,171.000,121.530,123.580,31.380,0.000,0.000,64.700,121.570,230.000,1.133,0.098,1,1,1
57807,0.000,0.000,0.000,0.800,171.000,121.530,123.580,31.380,0.000,0.000,66.700,121.570,152.400,1.143,0.124,1,1,1
57907,0.000,0.000,0.000,0.800,180.330,121.530,123.580,31.080,0.000,0.000,70.900,121.570,152.400,1.142,-0.043,1,1,1
58007,0.000,0.000,0.000,0.800,180.330,121.530,123.580,31.080,0.000,0.000,72.900,121.570,152.400,1.143,-0.008,1,1,1
58107,0.000,0.000,0.000,0.800,186.580,121.530,123.600,31.250,0.000,0.130,75.000,121.570,152.400,1.146,0.036,1,1,1
58307,0.000,0.000,0.000,0.800,186.580,121.530,123.600,31.250,0.000,0.130,77.400,121.570,152.400,1.140,0.010,1,1,1
58407,0.000,0.000,0.000,-0.800,195.900,121.530,123.600,31.080,0.000,0.000,81.700,121.570,152.400,1.142,-0.104,1,1,1
58507,0.000,0.000,0.000,-0.800,195.900,121.530,123.600,31.080,0.000,0.000,84.300,121.570,152.400,1.143,1.921,1,1,1
58607,0.000,0.000,0.000,-0.800,199.650,121.530,123.600,18.750,0.000,0.000,85.200,121.570,152.300,1.128,1.860,1,1,1
58807,0.000,0.000,0.000,-0.800,199.650,121.530,123.600,18.750,0.000,0.000,83.000,121.570,152.400,1.234,-1.218,1,1,1
58907,0.000,0.000,0.000,-0.800,185.930,121.550,123.600,-45.900,0.080,0.000,75.800,121.560,152.300,1.229,-0.096,1,1,1
59007,0.000,0.000,0.000,-0.800,185.930,121.550,123.600,-45.900,0.080,0.000,72.700,121.560,152.300,1.199,0.545,1,1,1
59107,0.000,0.000,0.000,-0.800,177.150,121.530,123.600,-43.660,-0.120,0.000,70.000,121.570,152.300,1.182,0.369,1,1,1
59307,0.000,0.000,0.000,-0.800,177.150,121.530,123.600,-43.660,-0.120,0.000,67.200,121.570,152.300,1.181,0.150,1,1,1
59407,0.000,0.000,0.000,-0.800,164.280,121.530,123.600,-42.920,0.000,0.000,61.600,121.570,152.300,1.188,0.159,1,1,1
59507,0.000,0.000,0.000,-0.800,164.280,121.530,123.600,-42.920,0.000,0.000,58.900,121.570,152.300,1.189,-0.069,1,1,1
59607,0.000,0.000,0.000,-0.800,155.700,121.530,123.600,-42.880,0.000,0.000,56.300,121.570,152.300,1.189,0.071,1,1,1
59807,0.000,0.000,0.000,-0.800,155.700,121.530,123.600,-42.880,0.000,0.000,53.700,121.570,152.300,1.189,0.054,1,1,1
59907,0.000,0.000,0.000,-0.800,143.000,121.530,123.600,-42.330,0.000,0.000,48.600,121.570,152.300,1.193,-0.061,1,1,1
60007,0.000,0.000,0.000,-0.800,143.000,121.530,123.600,-42.330,0.000,0.000,46.200,121.570,152.400,1.196,0.062,1,1,1
60107,0.000,0.000,0.000,-0.800,134.430,121.530,123.600,-42.880,0.000,0.000,43.400,121.570,153.800,1.194,-0.069,1,1,1
60307,0.000,0.000,0.000,-0.800,134.430,121.530,123.600,-42.880,0.000,0.000,40.600,121.570,154.900,1.192,-0.078,1,1,1
60407,0.000,0.000,0.000,-0.800,121.650,121.530,123.600,-42.580,0.000,0.000,35.500,121.570,152.400,1.193,0.115,1,1,1
60507,0.000,0.000,0.000,-0.800,121.650,121.530,123.600,-42.580,0.000,0.000,33.000,121.570,152.400,1.199,0.124,1,1,1
60607,0.000,0.000,0.000,-0.800,113.150,121.530,123.600,-42.500,0.000,0.000,30.400,121.570,152.500,1.203,0.036,1,1,1
60807,0.000,0.000,0.000,-0.800,113.150,121.530,123.600,-42.500,0.000,0.000,27.700,121.570,152.500,1.202,0.071,1,1,1
60907,0.000,0.000,0.000,-0.800,100.400,121.530,123.480,-42.500,0.000,-0.420,22.800,121.570,152.500,1.203,0.001,1,1,1
61007,0.000,0.000,0.000,-0.800,100.400,121.530,123.480,-42.500,0.000,-0.420,20.000,121.570,152.500,1.206,0.053,1,1,1
61107,0.000,0.000,0.000,0.800,92.000,121.530,123.300,-42.000,0.000,-0.880,20.000,121.570,152.500,1.157,-4.436,1,1,1
61307,0.000,0.000,0.000,0.800,92.000,121.530,123.300,-42.000,0.000,-0.880,20.000,121.570,152.800,1.106,4.260,1,1,1
61407,0.000,0.000,0.000,0.800,89.850,121.530,123.580,-7.170,0.000,0.920,20.000,121.570,152.700,1.408,2.812,1,1,1
61507,0.000,0.000,0.000,0.800,89.850,121.530,123.580,-7.170,0.000,0.920,20.000,121.570,152.600,1.618,1.272,1,1,1
61607,0.000,0.000,0.000,0.800,96.050,121.530,123.280,31.000,0.000,-1.500,20.000,121.570,152.500,1.726,1.561,1,1,1
61807,0.000,0.000,0.000,0.800,96.050,121.530,123.280,31.000,0.000,-1.500,20.600,121.570,152.600,1.713,-0.412,1,1,1
61907,0.000,0.000,0.000,0.800,105.380,121.530,123.500,31.080,0.000,0.750,24.300,121.570,152.500,1.670,-0.411,1,1,1
62007,0.000,0.000,0.000,0.800,105.380,121.530,123.500,31.080,0.000,0.750,26.200,121.570,152.500,1.669,0.247,1,1,1
62107,0.000,0.000,0.000,0.800,111.650,121.530,123.550,31.380,0.000,0.250,28.300,121.570,152.500,1.672,-0.316,1,1,1
62307,0.000,0.000,0.000,0.800,111.650,121.530,123.550,31.380,0.000,0.250,30.200,121.570,152.500,1.689,0.256,1,1,1
62407,0.000,0.000,0.000,0.800,121.080,121.530,123.580,31.420,0.000,0.080,34.000,121.570,152.500,1.684,0.009,1,1,1
62507,0.000,0.000,0.000,0.800,121.080,121.530,123.580,31.420,0.000,0.080,35.900,121.570,152.500,1.681,0.036,1,1,1
62607,0.000,0.000,0.000,0.800,127.330,121.530,123.580,31.250,0.000,0.000,37.700,121.570,152.500,1.672,-0.192,1,1,1
62807,0.000,0.000,0.000,0.800,127.330,121.530,123.580,31.250,0.000,0.000,39.600,121.570,152.500,1.680,0.027,1,1,1
62907,0.000,0.000,0.000,0.800,136.700,121.530,123.580,31.250,0.000,0.000,43.500,121.570,152.500,1.685,0.018,1,1,1
63007,0.000,0.000,0.000,0.800,136.700,121.530,123.580,31.250,0.000,0.000,45.400,121.570,152.500,1.684,-0.008,1,1,1
63107,0.000,0.000,0.000,0.800,142.980,121.530,123.580,31.380,0.000,0.000,47.300,121.570,152.600,1.683,-0.096,1,1,1
63307,0.000,0.000,0.000,0.800,142.980,121.530,123.580,31.380,0.000,0.000,49.300,121.570,152.500,1.672,-0.122,1,1,1
63407,0.000,0.000,0.000,0.800,152.350,121.530,123.580,31.250,0.000,0.000,53.000,121.570,152.600,1.674,-0.122,1,1,1
63507,0.000,0.000,0.000,0.800,152.350,121.530,123.580,31.250,0.000,0.000,54.900,121.570,152.500,1.676,-0.052,1,1,1
63607,0.000,0.000,0.000,0.800,158.600,121.530,123.580,31.250,0.000,0.000,56.700,121.570,152.500,1.678,0.000,1,1,1
63807,0.000,0.000,0.000,0.800,158.600,121.530,123.580,31.250,0.000,0.000,58.700,121.570,152.500,1.679,-0.008,1,1,1
63907,0.000,0.000,0.000,0.800,168.030,121.530,123.580,31.420,0.000,0.000,62.800,121.570,152.700,1.680,-0.008,1,1,1
64007,0.000,0.000,0.000,0.800,168.030,121.530,123.580,31.420,0.000,0.000,64.800,121.570,152.600,1.680,-0.008,1,1,1
64107,0.000,0.000,0.000,0.800,174.250,121.530,123.580,31.130,0.000,0.000,67.000,121.570,152.500,1.681,0.009,1,1,1
64307,0.000,0.000,0.000,0.800,174.250,121.530,123.580,31.130,0.000,0.000,68.900,121.570,152.500,1.688,0.044,1,1,1
64407,0.000,0.000,0.000,0.800,183.600,121.530,123.580,31.170,0.000,0.000,73.100,121.570,152.500,1.687,-0.131,1,1,1
64507,0.000,0.000,0.000,0.800,183.600,121.530,123.580,31.170,0.000,0.000,75.200,121.570,152.500,1.688,0.001,1,1,1
64607,0.000,0.000,0.000,0.800,189.880,121.530,123.580,31.380,0.000,0.000,77.400,121.570,152.500,1.686,0.027,1,1,1
64807,0.000,0.000,0.000,0.800,189.880,121.530,123.580,31.380,0.000,0.000,79.600,121.570,152.500,1.686,-0.035,1,1,1
64907,0.000,0.000,0.000,-0.800,199.150,121.530,123.580,30.920,0.000,0.000,84.400,121.570,152.500,1.686,-0.008,1,1,1
65007,0.000,0.000,0.000,-0.800,199.150,121.530,123.580,30.920,0.000,0.000,86.800,121.570,152.500,1.691,2.245,1,1,1
65107,0.000,0.000,0.000,-0.800,202.800,121.530,123.600,18.250,0.000,0.130,87.700,121.570,152.400,1.654,0.420,1,1,1
65307,0.000,0.000,0.000,-0.800,202.800,121.530,123.600,18.250,0.000,0.130,85.700,121.570,152.400,1.614,-1.306,1,1,1
65407,0.000,0.000,0.000,-0.800,188.980,121.530,123.630,-46.080,0.000,0.080,77.900,121.570,152.400,1.602,0.115,1,1,1
65507,0.000,0.000,0.000,-0.800,188.980,121.530,123.630,-46.080,0.000,0.080,74.900,121.570,152.400,1.571,0.500,1,1,1
65607,0.000,0.000,0.000,-0.800,180.250,121.530,123.630,-43.630,0.000,0.000,72.100,121.570,152.300,1.561,-0.035,1,1,1
65807,0.000,0.000,0.000,-0.800,180.250,121.530,123.630,-43.630,0.000,0.000,69.200,121.570,152.300,1.568,-0.061,1,1,1
65907,0.000,0.000,0.000,-0.800,167.300,121.530,123.630,-43.170,0.000,0.000,63.700,121.570,152.300,1.571,-0.166,1,1,1
66007,0.000,0.000,0.000,-0.800,167.300,121.530,123.630,-43.170,0.000,0.000,60.700,121.570,152.400,1.571,-0.166,1,1,1
66107,0.000,0.000,0.000,-0.800,158.680,121.530,123.630,-43.130,0.000,0.000,58.300,121.570,152.400,1.567,-0.061,1,1,1
66307,0.000,0.000,0.000,-0.800,158.680,121.530,123.630,-43.130,0.000,0.000,55.600,121.570,152.400,1.566,-0.009,1,1,1
66407,0.000,0.000,0.000,-0.800,145.930,121.530,123.630,-42.500,0.000,0.000,50.500,121.570,152.400,1.570,-0.052,1,1,1
66507,0.000,0.000,0.000,-0.800,145.930,121.530,123.630,-42.500,0.000,0.000,47.900,121.570,152.400,1.570,0.018,1,1,1
66607,0.000,0.000,0.000,-0.800,137.380,121.530,123.630,-42.750,0.000,0.000,45.300,121.570,152.400,1.572,0.027,1,1,1
66807,0.000,0.000,0.000,-0.800,137.380,121.530,123.630,-42.750,0.000,0.000,42.600,121.570,230.000,1.582,0.106,1,1,1
66907,0.000,0.000,0.000,-0.800,124.580,121.530,123.630,-42.670,0.000,0.000,37.500,121.570,152.400,1.582,-0.017,1,1,1
67007,0.000,0.000,0.000,-0.800,124.580,121.530,123.630,-42.670,0.000,0.000,34.800,121.570,152.500,1.583,-0.026,1,1,1
67107,0.000,0.000,0.000,-0.800,116.050,121.530,123.630,-42.630,0.000,0.000,32.200,121.570,152.400,1.585,-0.035,1,1,1
67307,0.000,0.000,0.000,-0.800,116.050,121.530,123.630,-42.630,0.000,0.000,29.900,121.570,152.500,1.587,0.009,1,1,1
67407,0.000,0.000,0.000,-0.800,103.330,121.530,123.630,-42.560,0.000,0.000,24.300,121.570,152.500,1.587,0.035,1,1,1
67507,0.000,0.000,0.000,-0.800,103.330,121.530,123.630,-42.560,0.000,0.000,21.800,121.570,152.500,1.587,0.053,1,1,1
67607,0.000,0.000,0.000,0.800,94.880,121.530,123.330,-41.830,0.000,-1.490,20.000,121.570,152.500,1.588,-0.096,1,1,1
67807,0.000,0.000,0.000,0.800,94.880,121.530,123.330,-41.830,0.000,-1.490,20.000,121.570,152.500,1.444,0.226,1,1,1
67907,0.000,0.000,0.000,0.800,91.750,121.430,123.480,-10.490,-0.340,0.500,20.000,121.620,152.500,1.378,0.226,1,1,1
68007,0.000,0.000,0.000,0.800,91.750,121.430,123.480,-10.490,-0.340,0.500,20.000,121.620,152.500,1.382,-0.191,1,1,1
68107,0.000,0.000,0.000,0.800,97.900,121.530,123.350,30.600,0.500,-0.620,20.000,121.570,152.500,1.378,0.131,1,1,1
68307,0.000,0.000,0.000,0.800,97.900,121.530,123.350,30.600,0.500,-0.620,21.700,121.570,152.500,1.388,0.071,1,1,1
68407,0.000,0.000,0.000,0.800,107.330,121.530,123.450,31.420,0.000,0.330,25.600,121.570,152.500,1.385,-0.413,1,1,1
68507,0.000,0.000,0.000,0.800,107.330,121.530,123.450,31.420,0.000,0.330,27.500,121.570,152.500,1.381,-0.034,1,1,1
68607,0.000,0.000,0.000,0.800,113.650,121.530,123.580,31.630,0.000,0.630,29.500,121.570,152.400,1.387,0.001,1,1,1
68807,0.000,0.000,0.000,0.800,113.650,121.530,123.580,31.630,0.000,0.630,31.400,121.570,152.500,1.388,0.088,1,1,1
68907,0.000,0.000,0.000,0.800,123.050,121.530,123.580,31.330,0.000,0.000,35.200,121.570,152.500,1.391,-0.140,1,1,1
69007,0.000,0.000,0.000,0.800,123.050,121.530,123.580,31.330,0.000,0.000,37.000,121.570,152.500,1.394,0.070,1,1,1
69107,0.000,0.000,0.000,0.800,129.300,121.530,123.580,31.250,0.000,0.000,38.800,121.570,152.500,1.393,-0.044,1,1,1
69307,0.000,0.000,0.000,0.800,129.300,121.530,123.580,31.250,0.000,0.000,40.700,121.570,152.500,1.391,0.000,1,1,1
69407,0.000,0.000,0.000,0.800,138.750,121.530,123.580,31.500,0.000,0.000,44.800,121.570,152.500,1.394,-0.035,1,1,1
69507,0.000,0.000,0.000,0.800,138.750,121.530,123.580,31.500,0.000,0.000,46.600,121.570,152.500,1.397,0.141,1,1,1
69607,0.000,0.000,0.000,0.800,145.030,121.530,123.580,31.380,0.000,0.000,48.600,121.570,152.500,1.400,-0.026,1,1,1
69807,0.000,0.000,0.000,0.800,145.030,121.530,123.580,31.380,0.000,0.000,50.500,121.570,152.400,1.391,-0.114,1,1,1
69907,0.000,0.000,0.000,0.800,154.380,121.530,123.600,31.170,0.000,0.080,54.000,121.570,152.500,1.391,0.053,1,1,1
70007,0.000,0.000,0.000,0.800,154.380,121.530,123.600,31.170,0.000,0.080,56.000,121.570,152.500,1.394,-0.009,1,1,1
70107,0.000,0.000,0.000,0.800,160.630,121.530,123.600,31.250,0.000,0.000,58.200,121.570,152.500,1.396,-0.079,1,1,1
70307,0.000,0.000,0.000,0.800,160.630,121.530,123.600,31.250,0.000,0.000,60.100,121.570,152.500,1.401,0.053,1,1,1
70407,0.000,0.000,0.000,0.800,170.050,121.530,123.600,31.420,0.000,0.000,64.100,121.570,152.500,1.403,0.106,1,1,1
70507,0.000,0.000,0.000,0.800,170.050,121.530,123.600,31.420,0.000,0.000,66.100,121.570,152.500,1.405,0.062,1,1,1
70607,0.000,0.000,0.000,0.800,176.280,121.530,123.600,31.130,0.000,0.000,68.100,121.570,152.500,1.407,-0.061,1,1,1
70807,0.000,0.000,0.000,0.800,176.280,121.530,123.600,31.130,0.000,0.000,70.200,121.570,152.500,1.401,-0.044,1,1,1
70907,0.000,0.000,0.000,0.800,185.650,121.530,123.600,31.250,0.000,0.000,74.500,121.570,152.500,1.405,-0.035,1,1,1
71007,0.000,0.000,0.000,0.800,185.650,121.530,123.600,31.250,0.000,0.000,76.800,121.570,152.500,1.405,0.061,1,1,1
71107,0.000,0.000,0.000,-0.800,191.900,121.530,123.600,31.250,0.000,0.000,78.900,121.570,152.500,1.408,0.044,1,1,1
71307,0.000,0.000,0.000,-0.800,191.900,121.530,123.600,31.250,0.000,0.000,81.100,121.570,152.400,1.862,4.104,1,1,1
71407,0.000,0.000,0.000,-0.800,191.280,121.550,123.630,-2.080,0.080,0.080,79.700,121.560,152.300,1.884,-0.454,1,1,1
71507,0.000,0.000,0.000,-0.800,191.280,121.550,123.630,-2.080,0.080,0.080,75.900,121.560,151.900,1.943,-0.255,1,1,1
71607,0.000,0.000,0.000,-0.800,181.480,121.550,123.630,-49.000,0.000,0.000,72.800,121.560,152.000,1.953,-0.623,1,1,1
71807,0.000,0.000,0.000,-0.800,181.480,121.550,123.630,-49.000,0.000,0.000,70.000,121.560,152.000,1.996,0.535,1,1,1
71907,0.000,0.000,0.000,-0.800,168.430,121.550,123.630,-43.500,0.000,0.000,64.300,121.560,152.000,1.996,0.368,1,1,1
72007,0.000,0.000,0.000,-0.800,168.430,121.550,123.630,-43.500,0.000,0.000,61.500,121.560,152.000,2.001,0.210,1,1,1
72107,0.000,0.000,0.000,-0.800,159.750,121.550,123.630,-43.380,0.000,0.000,58.700,121.560,152.000,2.009,0.237,1,1,1
72307,0.000,0.000,0.000,-0.800,159.750,121.550,123.630,-43.380,0.000,0.000,56.100,121.560,152.000,2.007,-0.018,1,1,1
72407,0.000,0.000,0.000,-0.800,146.980,121.550,123.630,-42.580,0.000,0.000,51.100,121.560,152.000,2.006,0.026,1,1,1
72507,0.000,0.000,0.000,-0.800,146.980,121.550,123.630,-42.580,0.000,0.000,48.500,121.560,152.000,2.009,0.070,1,1,1
72607,0.000,0.000,0.000,-0.800,138.450,121.550,123.630,-42.630,0.000,0.000,46.100,121.560,152.000,2.011,0.000,1,1,1
72807,0.000,0.000,0.000,-0.800,138.450,121.550,123.630,-42.630,0.000,0.000,43.300,121.560,152.300,2.034,0.176,1,1,1
72907,0.000,0.000,0.000,-0.800,125.630,121.550,123.630,-42.750,0.000,0.000,38.000,121.560,152.100,2.031,-0.053,1,1,1
73007,0.000,0.000,0.000,-0.800,125.630,121.550,123.630,-42.750,0.000,0.000,35.400,121.560,152.000,2.033,0.114,1,1,1
73107,0.000,0.000,0.000,-0.800,117.130,121.550,123.630,-42.500,0.000,0.000,32.800,121.560,152.100,2.038,0.053,1,1,1
73307,0.000,0.000,0.000,-0.800,117.130,121.550,123.630,-42.500,0.000,0.000,30.300,121.560,152.100,2.039,-0.009,1,1,1
73407,0.000,0.000,0.000,-0.800,104.330,121.550,123.630,-42.670,0.000,0.000,25.000,121.560,152.100,2.036,-0.061,1,1,1
73507,0.000,0.000,0.000,-0.800,104.330,121.550,123.630,-42.670,0.000,0.000,22.600,121.560,152.100,2.037,-0.018,1,1,1
73607,0.000,0.000,0.000,0.900,95.900,121.550,123.330,-42.130,0.000,-1.500,20.000,121.560,152.100,2.039,0.026,1,1,1
73807,0.000,0.000,0.000,0.900,95.900,121.550,123.330,-42.130,0.000,-1.500,20.000,121.560,152.100,2.040,-0.194,1,1,1
73907,0.000,0.000,0.000,0.900,93.150,121.550,123.380,-9.170,0.000,0.170,20.000,121.560,152.500,2.033,0.113,1,1,1
74007,0.000,0.000,0.000,0.900,93.150,121.550,123.380,-9.170,0.000,0.170,20.000,121.560,152.400,2.041,-1.035,1,1,1
74107,0.000,0.000,0.000,0.900,100.080,121.550,123.280,34.630,0.000,-0.500,21.200,121.560,152.400,2.034,0.043,1,1,1
74307,0.000,0.000,0.000,0.900,100.080,121.550,123.280,34.630,0.000,-0.500,23.200,121.560,152.400,2.013,-0.175,1,1,1
74407,0.000,0.000,0.000,0.900,110.600,121.550,123.530,35.080,0.000,0.830,27.500,121.560,152.400,2.007,-0.299,1,1,1
74507,0.000,0.000,0.000,0.900,110.600,121.550,123.530,35.080,0.000,0.830,29.900,121.560,152.400,2.012,0.430,1,1,1
74607,0.000,0.000,0.000,0.900,117.650,121.550,123.580,35.250,0.000,0.250,31.900,121.560,152.400,2.019,-0.298,1,1,1
74807,0.000,0.000,0.000,0.900,117.650,121.550,123.580,35.250,0.000,0.250,34.000,121.560,152.400,2.015,-0.026,1,1,1
74907,0.000,0.000,0.000,0.900,128.180,121.550,123.600,35.080,0.000,0.080,38.200,121.560,152.400,2.015,0.114,1,1,1
75007,0.000,0.000,0.000,0.900,128.180,121.550,123.600,35.080,0.000,0.080,40.300,121.560,152.400,2.017,0.044,1,1,1
75107,0.000,0.000,0.000,0.900,135.200,121.550,123.600,35.130,0.000,0.000,42.500,121.560,152.400,2.021,0.123,1,1,1
75307,0.000,0.000,0.000,0.900,135.200,121.550,123.600,35.130,0.000,0.000,44.700,121.560,152.400,2.024,0.026,1,1,1
75407,0.000,0.000,0.000,0.900,145.730,121.550,123.600,35.200,0.000,0.000,49.100,121.560,152.400,2.026,0.096,1,1,1
75507,0.000,0.000,0.000,0.900,145.730,121.550,123.600,35.200,0.000,0.000,51.100,121.560,152.400,2.026,0.009,1,1,1
75607,0.000,0.000,0.000,0.900,152.700,121.550,123.600,34.880,0.000,0.000,53.200,121.560,152.400,2.027,-0.018,1,1,1
75807,0.000,0.000,0.000,0.900,152.700,121.550,123.600,34.880,0.000,0.000,55.400,121.560,152.400,2.026,-0.026,1,1,1
75907,0.000,0.000,0.000,0.900,163.250,121.550,123.600,35.170,0.000,0.000,59.700,121.560,152.500,2.027,0.123,1,1,1
76007,0.000,0.000,0.000,0.900,163.250,121.550,123.600,35.170,0.000,0.000,61.900,121.560,191.400,2.028,-0.035,1,1,1
76107,0.000,0.000,0.000,0.900,170.300,121.550,123.600,35.070,0.000,0.000,64.200,121.560,152.400,2.028,0.044,1,1,1
76307,0.000,0.000,0.000,0.900,170.300,121.550,123.600,35.070,0.000,0.000,66.500,121.560,152.400,2.048,0.158,1,1,1
76407,0.000,0.000,0.000,0.900,180.750,121.550,123.600,34.950,0.000,0.000,71.200,121.560,152.400,2.051,0.017,1,1,1
76507,0.000,0.000,0.000,0.900,180.750,121.550,123.600,34.950,0.000,0.000,73.600,121.560,152.400,2.050,0.088,1,1,1
76607,0.000,0.000,0.000,0.900,187.780,121.550,123.600,35.130,0.000,0.000,75.900,121.560,152.400,2.053,0.105,1,1,1
76807,0.000,0.000,0.000,0.900,187.780,121.550,123.600,35.130,0.000,0.000,78.500,121.560,152.400,2.065,0.088,1,1,1
76907,0.000,0.000,0.000,-0.900,198.250,121.550,123.600,34.800,0.000,0.000,83.700,121.560,152.400,2.068,0.017,1,1,1
77007,0.000,0.000,0.000,-0.900,198.250,121.550,123.600,34.800,0.000,0.000,86.400,121.560,152.400,2.075,2.192,1,1,1
77107,0.000,0.000,0.000,-0.900,202.380,121.550,123.630,20.630,0.000,0.130,87.500,121.560,151.800,2.044,0.910,1,1,1
77307,0.000,0.000,0.000,-0.900,202.380,121.550,123.630,20.630,0.000,0.130,85.100,121.560,151.700,1.983,-1.061,1,1,1
77407,0.000,0.000,0.000,-0.900,187.500,121.580,123.630,-49.580,0.080,0.000,77.100,121.540,151.800,1.981,0.307,1,1,1
77507,0.000,0.000,0.000,-0.900,187.500,121.580,123.630,-49.580,0.080,0.000,73.700,121.540,151.800,1.949,0.534,1,1,1
77607,0.000,0.000,0.000,-0.900,177.980,121.580,123.630,-47.630,0.000,0.000,70.500,121.540,151.800,1.930,0.087,1,1,1
77807,0.000,0.000,0.000,-0.900,177.980,121.580,123.630,-47.630,0.000,0.000,67.300,121.540,151.800,1.929,-0.017,1,1,1
77907,0.000,0.000,0.000,-0.900,163.600,121.580,123.630,-47.920,0.000,0.000,61.300,121.540,151.800,1.937,0.017,1,1,1
78007,0.000,0.000,0.000,-0.900,163.600,121.580,123.630,-47.920,0.000,0.000,58.300,121.540,151.800,1.940,-0.027,1,1,1
78107,0.000,0.000,0.000,-0.900,154.000,121.580,123.630,-48.000,0.000,0.000,55.300,121.540,151.800,1.938,0.087,1,1,1
78307,0.000,0.000,0.000,-0.900,154.000,121.580,123.630,-48.000,0.000,0.000,52.400,121.540,151.800,1.947,0.096,1,1,1
78407,0.000,0.000,0.000,-0.900,139.730,121.580,123.630,-47.580,0.000,0.000,46.600,121.540,151.800,1.952,0.157,1,1,1
78507,0.000,0.000,0.000,-0.900,139.730,121.580,123.630,-47.580,0.000,0.000,43.700,121.540,151.800,1.954,0.009,1,1,1
78607,0.000,0.000,0.000,-0.900,130.130,121.580,123.630,-48.000,0.000,0.000,40.600,121.540,152.400,1.956,-0.018,1,1,1
78807,0.000,0.000,0.000,-0.900,130.130,121.580,123.630,-48.000,0.000,0.000,37.900,121.540,151.900,1.957,0.044,1,1,1
78907,0.000,0.000,0.000,-0.900,115.850,121.580,123.630,-47.580,0.000,0.000,32.100,121.540,151.900,1.961,-0.018,1,1,1
79007,0.000,0.000,0.000,-0.900,115.850,121.580,123.630,-47.580,0.000,0.000,29.200,121.540,151.900,1.964,0.052,1,1,1
79107,0.000,0.000,0.000,-0.900,106.330,121.580,123.630,-47.630,0.000,0.000,26.200,121.540,151.900,1.965,-0.088,1,1,1
79307,0.000,0.000,0.000,-0.900,106.330,121.580,123.630,-47.630,0.000,0.000,23.300,121.540,151.900,1.970,0.043,1,1,1
79407,0.000,0.000,0.000,0.900,92.180,121.580,123.330,-47.170,0.000,-1.000,20.000,121.540,151.900,1.898,-6.544,1,1,1
79507,0.000,0.000,0.000,0.900,92.180,121.580,123.330,-47.170,0.000,-1.000,20.000,121.540,152.900,1.570,-1.467,1,1,1
79607,0.000,0.000,0.000,0.900,87.030,121.530,123.480,-25.750,-0.250,0.750,20.000,121.570,152.900,1.666,4.549,1,1,1
79807,0.000,0.000,0.000,0.900,87.030,121.530,123.480,-25.750,-0.250,0.750,20.000,121.570,152.100,2.262,2.606,1,1,1
79907,0.000,0.000,0.000,0.900,96.330,121.580,123.530,31.000,0.170,0.170,20.000,121.540,152.300,2.402,0.324,1,1,1
80007,0.000,0.000,0.000,0.900,96.330,121.580,123.530,31.000,0.170,0.170,21.100,121.540,152.300,2.459,-0.017,1,1,1
80107,0.000,0.000,0.000,0.900,103.300,121.550,123.400,34.880,-0.130,-0.630,23.100,121.560,152.300,2.410,-0.229,1,1,1
80307,0.000,0.000,0.000,0.900,103.300,121.550,123.400,34.880,-0.130,-0.630,25.200,121.560,152.300,2.375,0.043,1,1,1
80407,0.000,0.000,0.000,0.900,113.900,121.550,123.580,35.330,0.000,0.580,29.900,121.560,152.300,2.374,0.421,1,1,1
80507,0.000,0.000,0.000,0.900,113.900,121.550,123.580,35.330,0.000,0.580,31.700,121.560,152.300,2.374,0.131,1,1,1
80607,0.000,0.000,0.000,0.900,120.950,121.550,123.600,35.250,0.000,0.130,33.900,121.560,152.300,2.384,0.297,1,1,1
80807,0.000,0.000,0.000,0.900,120.950,121.550,123.600,35.250,0.000,0.130,36.100,121.560,152.300,2.394,0.000,1,1,1
80907,0.000,0.000,0.000,0.900,131.450,121.550,123.600,35.000,0.000,0.000,40.200,121.560,152.300,2.389,-0.080,1,1,1
81007,0.000,0.000,0.000,0.900,131.450,121.550,123.600,35.000,0.000,0.000,42.400,121.560,152.300,2.384,-0.044,1,1,1
81107,0.000,0.000,0.000,0.900,138.500,121.550,123.600,35.250,0.000,0.000,44.500,121.560,152.300,2.385,0.087,1,1,1
81307,0.000,0.000,0.000,0.900,138.500,121.550,123.600,35.250,0.000,0.000,46.600,121.560,152.300,2.397,0.061,1,1,1
81407,0.000,0.000,0.000,0.900,149.030,121.550,123.600,35.080,0.000,0.000,51.000,121.560,152.300,2.396,-0.018,1,1,1
81507,0.000,0.000,0.000,0.900,149.030,121.550,123.600,35.080,0.000,0.000,53.100,121.560,152.300,2.396,-0.027,1,1,1
81607,0.000,0.000,0.000,0.900,156.030,121.550,123.600,35.000,0.000,0.000,55.300,121.560,152.300,2.397,0.017,1,1,1
81807,0.000,0.000,0.000,0.900,156.030,121.550,123.600,35.000,0.000,0.000,57.300,121.560,152.400,2.416,0.140,1,1,1
81907,0.000,0.000,0.000,0.900,166.580,121.550,123.600,35.170,0.000,0.000,61.700,121.560,152.400,2.414,-0.053,1,1,1
82007,0.000,0.000,0.000,0.900,166.580,121.550,123.600,35.170,0.000,0.000,64.100,121.560,152.300,2.411,-0.114,1,1,1
82107,0.000,0.000,0.000,0.900,173.600,121.550,123.600,35.130,0.000,0.000,66.400,121.560,152.300,2.411,0.008,1,1,1
82307,0.000,0.000,0.000,0.900,173.600,121.550,123.600,35.130,0.000,0.000,68.800,121.560,152.300,2.421,0.069,1,1,1
82407,0.000,0.000,0.000,0.900,184.080,121.550,123.600,34.920,0.000,0.000,73.500,121.560,152.300,2.419,-0.097,1,1,1
82507,0.000,0.000,0.000,0.900,184.080,121.550,123.600,34.920,0.000,0.000,75.800,121.560,152.300,2.417,0.070,1,1,1
82607,0.000,0.000,0.000,-0.900,191.100,121.550,123.600,35.130,0.000,0.000,78.400,121.560,152.300,2.418,0.026,1,1,1
82807,0.000,0.000,0.000,-0.900,191.100,121.550,123.600,35.130,0.000,0.000,80.800,121.560,152.300,2.290,-0.944,1,1,1
82907,0.000,0.000,0.000,-0.900,192.350,121.550,123.650,4.170,0.000,0.170,80.700,121.560,152.000,2.326,-1.455,1,1,1
83007,0.000,0.000,0.000,-0.900,192.350,121.550,123.650,4.170,0.000,0.170,76.400,121.560,151.900,2.385,-0.263,1,1,1
83107,0.000,0.000,0.000,-0.900,181.630,121.580,123.650,-53.630,0.130,0.000,72.900,121.540,151.800,2.372,0.333,1,1,1
83307,0.000,0.000,0.000,-0.900,181.630,121.580,123.650,-53.630,0.130,0.000,69.900,121.540,151.800,2.349,0.078,1,1,1
83407,0.000,0.000,0.000,-0.900,167.330,121.580,123.650,-47.670,0.000,0.000,63.700,121.540,151.900,2.353,0.192,1,1,1
83507,0.000,0.000,0.000,-0.900,167.330,121.580,123.650,-47.670,0.000,0.000,60.600,121.540,151.900,2.360,0.113,1,1,1
83607,0.000,0.000,0.000,-0.900,157.700,121.580,123.650,-48.130,0.000,0.000,57.600,121.540,151.900,2.368,0.157,1,1,1
83807,0.000,0.000,0.000,-0.900,157.700,121.580,123.650,-48.130,0.000,0.000,54.500,121.540,151.900,2.388,0.175,1,1,1
83907,0.000,0.000,0.000,-0.900,143.450,121.580,123.650,-47.660,0.000,0.000,49.000,121.540,151.900,2.385,0.087,1,1,1
84007,0.000,0.000,0.000,-0.900,143.450,121.580,123.650,-47.660,0.000,0.000,46.200,121.540,151.900,2.386,-0.010,1,1,1
84107,0.000,0.000,0.000,-0.900,133.800,121.580,123.650,-48.010,0.000,0.000,43.100,121.540,152.000,2.390,0.069,1,1,1
84307,0.000,0.000,0.000,-0.900,133.800,121.580,123.650,-48.010,0.000,0.000,40.000,121.540,154.600,2.397,0.034,1,1,1
84407,0.000,0.000,0.000,-0.900,119.580,121.580,123.650,-47.420,0.000,0.000,34.500,121.540,151.900,2.395,0.008,1,1,1
84507,0.000,0.000,0.000,-0.900,119.580,121.580,123.650,-47.420,0.000,0.000,31.400,121.540,151.900,2.398,0.061,1,1,1
84607,0.000,0.000,0.000,-0.900,109.980,121.580,123.650,-48.000,0.000,0.000,28.600,121.540,151.900,2.402,-0.150,1,1,1
84807,0.000,0.000,0.000,-0.900,109.980,121.580,123.650,-48.000,0.000,0.000,25.600,121.540,151.900,2.415,0.096,1,1,1
84907,0.000,0.000,0.000,0.900,95.750,121.580,123.350,-47.420,0.000,-1.000,20.000,121.540,152.000,2.415,0.043,1,1,1
85007,0.000,0.000,0.000,0.900,95.750,121.580,123.350,-47.420,0.000,-1.000,20.000,121.540,152.300,2.200,-1.885,1,1,1
85107,0.000,0.000,0.000,0.900,89.700,121.550,123.350,-30.250,-0.130,0.000,20.000,121.560,152.500,1.948,-3.922,1,1,1
85307,0.000,0.000,0.000,0.900,89.700,121.550,123.350,-30.250,-0.130,0.000,20.000,121.560,152.300,1.649,-0.922,1,1,1
85407,0.000,0.000,0.000,0.900,99.130,121.530,123.450,31.420,-0.080,0.330,20.600,121.570,152.300,1.715,0.929,1,1,1
85507,0.000,0.000,0.000,0.900,99.130,121.530,123.450,31.420,-0.080,0.330,22.800,121.570,152.300,1.799,1.157,1,1,1
85607,0.000,0.000,0.000,0.900,106.150,121.530,123.300,35.130,0.000,-0.750,24.800,121.570,152.300,1.866,0.174,1,1,1
85807,0.000,0.000,0.000,0.900,106.150,121.530,123.300,35.130,0.000,-0.750,27.200,121.570,152.500,1.906,0.245,1,1,1
85907,0.000,0.000,0.000,0.900,116.750,121.550,123.580,35.330,0.080,0.920,31.400,121.560,152.500,1.894,-0.062,1,1,1
86007,0.000,0.000,0.000,0.900,116.750,121.550,123.580,35.330,0.080,0.920,33.400,121.560,152.400,1.868,-0.177,1,1,1
86107,0.000,0.000,0.000,0.900,123.800,121.550,123.630,35.250,0.000,0.250,35.500,121.560,152.300,1.867,0.087,1,1,1
86307,0.000,0.000,0.000,0.900,123.800,121.550,123.630,35.250,0.000,0.250,37.700,121.560,152.400,1.881,0.078,1,1,1
86407,0.000,0.000,0.000,0.900,134.350,121.550,123.630,35.170,0.000,0.000,42.100,121.560,152.300,1.886,-0.106,1,1,1
86507,0.000,0.000,0.000,0.900,134.350,121.550,123.630,35.170,0.000,0.000,44.200,121.560,152.300,1.883,-0.018,1,1,1
86607,0.000,0.000,0.000,0.900,141.430,121.550,123.630,35.380,0.000,0.000,46.400,121.560,152.300,1.879,0.061,1,1,1
86807,0.000,0.000,0.000,0.900,141.430,121.550,123.630,35.380,0.000,0.000,48.600,121.560,152.300,1.889,0.078,1,1,1
86907,0.000,0.000,0.000,0.900,151.950,121.550,123.630,35.080,0.000,0.000,52.700,121.560,152.300,1.892,0.026,1,1,1
87007,0.000,0.000,0.000,0.900,151.950,121.550,123.630,35.080,0.000,0.000,54.800,121.560,152.400,1.891,0.043,1,1,1
87107,0.000,0.000,0.000,0.900,158.980,121.550,123.630,35.130,0.000,0.000,57.000,121.560,152.400,1.890,-0.088,1,1,1
87307,0.000,0.000,0.000,0.900,158.980,121.550,123.630,35.130,0.000,0.000,59.300,121.560,152.300,1.888,-0.028,1,1,1
87407,0.000,0.000,0.000,0.900,169.580,121.550,123.630,35.330,0.000,0.000,63.800,121.560,152.300,1.889,-0.071,1,1,1
87507,0.000,0.000,0.000,0.900,169.580,121.550,123.630,35.330,0.000,0.000,66.100,121.560,152.300,1.888,0.140,1,1,1
87607,0.000,0.000,0.000,0.900,176.580,121.550,123.630,35.000,0.000,0.000,68.300,121.560,152.300,1.888,0.043,1,1,1
87807,0.000,0.000,0.000,0.900,176.580,121.550,123.630,35.000,0.000,0.000,70.800,121.560,152.300,1.901,0.096,1,1,1
87907,0.000,0.000,0.000,0.900,187.130,121.550,123.630,35.170,0.000,0.000,75.500,121.560,152.300,1.902,0.043,1,1,1
88007,0.000,0.000,0.000,0.900,187.130,121.550,123.630,35.170,0.000,0.000,77.900,121.560,152.300,1.902,-0.045,1,1,1
88107,0.000,0.000,0.000,-0.900,194.150,121.550,123.630,35.130,0.000,0.000,80.600,121.560,152.300,1.903,-0.088,1,1,1
88307,0.000,0.000,0.000,-0.900,194.150,121.550,123.630,35.130,0.000,0.000,83.000,121.560,152.300,1.720,-1.382,1,1,1
88407,0.000,0.000,0.000,-0.900,194.880,121.550,123.650,2.420,0.000,0.080,82.600,121.560,151.800,1.771,-1.010,1,1,1
88507,0.000,0.000,0.000,-0.900,194.880,121.550,123.650,2.420,0.000,0.080,78.000,121.560,151.700,1.839,-0.588,1,1,1
88607,0.000,0.000,0.000,-0.900,184.130,121.580,123.650,-53.750,0.130,0.000,74.600,121.540,151.800,1.835,0.411,1,1,1
88807,0.000,0.000,0.000,-0.900,184.130,121.580,123.650,-53.750,0.130,0.000,71.500,121.540,151.800,1.805,0.060,1,1,1
88907,0.000,0.000,0.000,-0.900,169.850,121.580,123.650,-47.580,0.000,0.000,65.300,121.540,151.800,1.801,0.121,1,1,1
89007,0.000,0.000,0.000,-0.900,169.850,121.580,123.650,-47.580,0.000,0.000,62.200,121.540,151.800,1.807,0.043,1,1,1
89107,0.000,0.000,0.000,-0.900,160.200,121.580,123.650,-48.250,0.000,0.000,59.200,121.540,151.800,1.815,0.069,1,1,1
89307,0.000,0.000,0.000,-0.900,160.200,121.580,123.650,-48.250,0.000,0.000,56.100,121.540,151.800,1.825,0.043,1,1,1
89407,0.000,0.000,0.000,-0.900,145.880,121.580,123.650,-47.750,0.000,0.000,50.500,121.540,151.800,1.826,0.087,1,1,1
89507,0.000,0.000,0.000,-0.900,145.880,121.580,123.650,-47.750,0.000,0.000,47.500,121.540,151.800,1.828,0.122,1,1,1
89607,0.000,0.000,0.000,-0.900,136.280,121.580,123.650,-48.000,0.000,0.000,44.500,121.540,151.800,1.832,-0.062,1,1,1
89807,0.000,0.000,0.000,-0.900,136.280,121.580,123.650,-48.000,0.000,0.000,41.600,121.540,151.900,1.829,-0.054,1,1,1
89907,0.000,0.000,0.000,-0.900,121.980,121.580,123.650,-47.670,0.000,0.000,35.800,121.540,152.000,1.828,0.043,1,1,1
90007,0.000,0.000,0.000,-0.900,121.980,121.580,123.650,-47.670,0.000,0.000,33.000,121.540,152.500,1.831,0.043,1,1,1
90107,0.000,0.000,0.000,-0.900,112.430,121.580,123.650,-47.750,0.000,0.000,30.100,121.540,152.600,1.833,0.113,1,1,1
90307,0.000,0.000,0.000,-0.900,112.430,121.580,123.650,-47.750,0.000,0.000,27.200,121.540,153.000,1.814,-0.229,1,1,1
90407,0.000,0.000,0.000,0.900,98.180,121.580,123.400,-47.500,0.000,-0.830,21.400,121.540,151.900,1.815,-0.089,1,1,1
90507,0.000,0.000,0.000,0.900,98.180,121.580,123.400,-47.500,0.000,-0.830,20.000,121.540,151.900,1.836,-0.376,1,1,1
90607,0.000,0.000,0.000,0.900,91.350,121.530,123.350,-34.130,-0.250,-0.250,20.000,121.570,151.800,1.840,0.915,1,1,1
90807,0.000,0.000,0.000,0.900,91.350,121.530,123.350,-34.130,-0.250,-0.250,20.000,121.570,152.300,1.748,-0.272,1,1,1
90907,0.000,0.000,0.000,0.900,100.280,121.580,123.480,29.750,0.170,0.420,21.300,121.540,152.300,1.728,-0.388,1,1,1
91007,0.000,0.000,0.000,0.900,100.280,121.580,123.480,29.750,0.170,0.420,23.300,121.540,152.300,1.716,-0.009,1,1,1
91107,0.000,0.000,0.000,0.900,107.300,121.580,123.430,35.130,0.000,-0.250,25.500,121.540,152.300,1.714,0.254,1,1,1
91307,0.000,0.000,0.000,0.900,107.300,121.580,123.430,35.130,0.000,-0.250,27.700,121.540,152.300,1.675,0.043,1,1,1
91407,0.000,0.000,0.000,0.900,117.930,121.580,123.600,35.420,0.000,0.580,32.100,121.540,152.300,1.686,0.069,1,1,1
91507,0.000,0.000,0.000,0.900,117.930,121.580,123.600,35.420,0.000,0.580,34.200,121.540,152.300,1.683,-0.089,1,1,1
91607,0.000,0.000,0.000,0.900,124.950,121.580,123.630,35.130,0.000,0.130,36.400,121.540,152.300,1.682,-0.106,1,1,1
91807,0.000,0.000,0.000,0.900,124.950,121.580,123.630,35.130,0.000,0.130,38.300,121.540,152.300,1.689,0.043,1,1,1
91907,0.000,0.000,0.000,0.900,135.500,121.580,123.630,35.170,0.000,0.000,42.700,121.540,152.300,1.692,-0.071,1,1,1
92007,0.000,0.000,0.000,0.900,135.500,121.580,123.630,35.170,0.000,0.000,45.000,121.540,152.300,1.694,0.087,1,1,1
92107,0.000,0.000,0.000,0.900,142.550,121.580,123.630,35.250,0.000,0.000,47.000,121.540,152.400,1.695,0.113,1,1,1
92307,0.000,0.000,0.000,0.900,142.550,121.580,123.630,35.250,0.000,0.000,49.200,121.540,152.400,1.697,-0.010,1,1,1
92407,0.000,0.000,0.000,0.900,153.050,121.580,123.630,35.120,0.000,0.000,53.400,121.540,152.300,1.700,0.025,1,1,1
92507,0.000,0.000,0.000,0.900,153.050,121.580,123.630,35.120,0.000,0.000,55.600,121.540,152.300,1.702,0.087,1,1,1
92607,0.000,0.000,0.000,0.900,160.100,121.580,123.630,35.070,0.000,0.000,57.700,121.540,152.300,1.702,0.078,1,1,1
92807,0.000,0.000,0.000,0.900,160.100,121.580,123.630,35.070,0.000,0.000,59.900,121.540,152.300,1.692,0.025,1,1,1
92907,0.000,0.000,0.000,0.900,170.650,121.580,123.630,35.280,0.000,0.000,64.600,121.540,152.300,1.692,0.043,1,1,1
93007,0.000,0.000,0.000,0.900,170.650,121.580,123.630,35.280,0.000,0.000,66.800,121.540,152.300,1.694,0.113,1,1,1
93107,0.000,0.000,0.000,0.900,177.650,121.580,123.630,34.830,0.000,0.000,69.000,121.540,152.300,1.696,0.051,1,1,1
93307,0.000,0.000,0.000,0.900,177.650,121.580,123.630,34.830,0.000,0.000,71.500,121.540,152.300,1.709,0.122,1,1,1
93407,0.000,0.000,0.000,0.900,188.200,121.580,123.630,35.170,0.000,0.000,76.300,121.540,152.300,1.709,-0.001,1,1,1
93507,0.000,0.000,0.000,0.900,188.200,121.580,123.630,35.170,0.000,0.000,78.800,121.540,152.300,1.710,0.016,1,1,1
93607,0.000,0.000,0.000,-0.900,195.230,121.580,123.630,35.130,0.000,0.000,81.500,121.540,152.300,1.713,-0.063,1,1,1
93807,0.000,0.000,0.000,-0.900,195.230,121.580,123.630,35.130,0.000,0.000,84.000,121.540,152.300,1.380,0.404,1,1,1
93907,0.000,0.000,0.000,-0.900,195.500,121.580,123.650,0.920,0.000,0.080,82.000,121.540,151.700,1.427,-0.159,1,1,1
94007,0.000,0.000,0.000,-0.900,195.500,121.580,123.650,0.920,0.000,0.080,78.500,121.540,151.700,1.493,-0.825,1,1,1
94107,0.000,0.000,0.000,-0.900,184.800,121.600,123.650,-53.500,0.130,0.000,75.000,121.530,151.800,1.489,0.095,1,1,1
94307,0.000,0.000,0.000,-0.900,184.800,121.600,123.650,-53.500,0.130,0.000,71.900,121.530,151.700,1.420,0.130,1,1,1
94407,0.000,0.000,0.000,-0.900,170.480,121.600,123.650,-47.750,0.000,0.000,65.600,121.530,151.800,1.417,0.104,1,1,1
94507,0.000,0.000,0.000,-0.900,170.480,121.600,123.650,-47.750,0.000,0.000,62.600,121.530,151.800,1.426,0.191,1,1,1
94607,0.000,0.000,0.000,-0.900,160.830,121.600,123.650,-48.250,0.000,0.000,59.500,121.530,151.800,1.437,0.060,1,1,1
94807,0.000,0.000,0.000,-0.900,160.830,121.600,123.650,-48.250,0.000,0.000,56.500,121.530,151.800,1.422,-0.115,1,1,1
94907,0.000,0.000,0.000,-0.900,146.480,121.600,123.650,-47.830,0.000,0.000,50.800,121.530,151.800,1.420,-0.028,1,1,1
95007,0.000,0.000,0.000,-0.900,146.480,121.600,123.650,-47.830,0.000,0.000,47.900,121.530,151.800,1.422,0.201,1,1,1
95107,0.000,0.000,0.000,-0.900,136.900,121.600,123.650,-47.880,0.000,0.000,45.100,121.530,151.800,1.428,0.052,1,1,1
95307,0.000,0.000,0.000,-0.900,136.900,121.600,123.650,-47.880,0.000,0.000,42.100,121.530,151.800,1.435,-0.019,1,1,1
95407,0.000,0.000,0.000,-0.900,122.550,121.600,123.650,-47.830,0.000,0.000,36.300,121.530,151.900,1.434,0.104,1,1,1
95507,0.000,0.000,0.000,-0.900,122.550,121.600,123.650,-47.830,0.000,0.000,33.300,121.530,151.900,1.436,-0.028,1,1,1
95607,0.000,0.000,0.000,-0.900,113.000,121.600,123.650,-47.750,0.000,0.000,30.400,121.530,151.900,1.441,0.139,1,1,1
95807,0.000,0.000,0.000,-0.900,113.000,121.600,123.650,-47.750,0.000,0.000,27.500,121.530,151.900,1.443,0.165,1,1,1
95907,0.000,0.000,0.000,0.900,98.730,121.600,123.430,-47.580,0.000,-0.750,21.600,121.530,151.900,1.444,-0.010,1,1,1
96007,0.000,0.000,0.000,0.900,98.730,121.600,123.430,-47.580,0.000,-0.750,20.000,121.530,152.100,1.462,-1.076,1,1,1
96107,0.000,0.000,0.000,0.900,92.150,121.530,123.330,-32.880,-0.380,-0.500,20.000,121.570,151.900,1.462,-0.271,1,1,1
96307,0.000,0.000,0.000,0.900,92.150,121.530,123.330,-32.880,-0.380,-0.500,20.000,121.570,152.600,1.491,-0.027,1,1,1
96407,0.000,0.000,0.000,0.900,101.280,121.600,123.450,30.420,0.250,0.420,21.800,121.530,152.800,1.467,-0.502,1,1,1
96507,0.000,0.000,0.000,0.900,101.280,121.600,123.450,30.420,0.250,0.420,24.000,121.530,152.400,1.457,-0.579,1,1,1
96607,0.000,0.000,0.000,0.900,108.300,121.600,123.430,35.130,0.000,-0.130,26.100,121.530,152.600,1.462,-0.010,1,1,1
96807,0.000,0.000,0.000,0.900,108.300,121.600,123.430,35.130,0.000,-0.130,28.400,121.530,152.400,1.480,0.043,1,1,1
96907,0.000,0.000,0.000,0.900,118.930,121.600,123.600,35.420,0.000,0.580,32.600,121.530,152.500,1.490,-0.054,1,1,1
97007,0.000,0.000,0.000,0.900,118.930,121.600,123.600,35.420,0.000,0.580,34.800,121.530,152.400,1.485,0.033,1,1,1
97107,0.000,0.000,0.000,0.900,125.950,121.600,123.630,35.130,0.000,0.130,37.000,121.530,152.400,1.482,0.007,1,1,1
97307,0.000,0.000,0.000,0.900,125.950,121.600,123.630,35.130,0.000,0.130,38.900,121.530,152.400,1.491,0.113,1,1,1
97407,0.000,0.000,0.000,0.900,136.530,121.600,123.630,35.250,0.000,0.000,43.400,121.530,152.400,1.496,-0.203,1,1,1
97507,0.000,0.000,0.000,0.900,136.530,121.600,123.630,35.250,0.000,0.000,45.500,121.530,152.400,1.496,-0.063,1,1,1
97607,0.000,0.000,0.000,0.900,143.600,121.600,123.630,35.380,0.000,0.000,47.800,121.530,152.400,1.497,-0.080,1,1,1
97807,0.000,0.000,0.000,0.900,143.600,121.600,123.630,35.380,0.000,0.000,49.700,121.530,152.400,1.503,0.042,1,1,1
97907,0.000,0.000,0.000,0.900,154.100,121.600,123.630,35.000,0.000,0.000,53.900,121.530,152.300,1.505,-0.028,1,1,1
98007,0.000,0.000,0.000,0.900,154.100,121.600,123.630,35.000,0.000,0.000,56.100,121.530,152.300,1.507,-0.063,1,1,1
98107,0.000,0.000,0.000,0.900,161.150,121.600,123.630,35.250,0.000,0.000,58.400,121.530,152.300,1.508,0.104,1,1,1
98307,0.000,0.000,0.000,0.900,161.150,121.600,123.630,35.250,0.000,0.000,60.600,121.530,152.300,1.501,-0.054,1,1,1
98407,0.000,0.000,0.000,0.900,171.730,121.600,123.630,35.250,0.000,0.000,65.200,121.530,152.300,1.503,0.086,1,1,1
98507,0.000,0.000,0.000,0.900,171.730,121.600,123.630,35.250,0.000,0.000,67.300,121.530,152.300,1.507,0.086,1,1,1
98607,0.000,0.000,0.000,0.900,178.730,121.600,123.630,35.000,0.000,0.000,69.900,121.530,152.300,1.509,-0.045,1,1,1
98807,0.000,0.000,0.000,0.900,178.730,121.600,123.630,35.000,0.000,0.000,72.200,121.530,152.300,1.509,-0.010,1,1,1
98907,0.000,0.000,0.000,0.900,189.300,121.600,123.630,35.250,0.000,0.000,77.100,121.530,152.300,1.511,0.025,1,1,1
99007,0.000,0.000,0.000,0.900,189.300,121.600,123.630,35.250,0.000,0.000,79.500,121.530,152.300,1.511,-0.037,1,1,1
99107,0.000,0.000,0.000,-0.900,196.300,121.600,123.630,35.000,0.000,0.000,82.000,121.530,152.300,1.513,0.086,1,1,1
99307,0.000,0.000,0.000,-0.900,196.300,121.600,123.630,35.000,0.000,0.000,84.800,121.530,152.300,1.514,-1.041,1,1,1
99407,0.000,0.000,0.000,-0.900,197.830,121.600,123.650,5.080,0.000,0.080,85.000,121.530,151.700,1.562,-1.211,1,1,1
99507,0.000,0.000,0.000,-0.900,197.830,121.600,123.650,5.080,0.000,0.080,80.300,121.530,151.700,1.630,0.166,1,1,1
99607,0.000,0.000,0.000,-0.900,186.980,121.630,123.650,-54.250,0.130,0.000,76.700,121.520,151.800,1.612,0.691,1,1,1
99807,0.000,0.000,0.000,-0.900,186.980,121.630,123.650,-54.250,0.130,0.000,73.400,121.520,151.800,1.574,-0.326,1,1,1
99907,0.000,0.000,0.000,-0.900,172.700,121.630,123.650,-47.580,0.000,0.000,67.200,121.520,151.800,1.575,-0.098,1,1,1
100007,0.000,0.000,0.000,-0.900,172.700,121.630,123.650,-47.580,0.000,0.000,64.000,121.520,151.800,1.584,-0.098,1,1,1
100107,0.000,0.000,0.000,-0.900,163.080,121.630,123.650,-48.130,0.000,0.000,60.900,121.520,151.800,1.593,-0.159,1,1,1
100307,0.000,0.000,0.000,-0.900,163.080,121.630,123.650,-48.130,0.000,0.000,58.100,121.520,151.800,1.596,-0.107,1,1,1
100407,0.000,0.000,0.000,-0.900,148.700,121.630,123.650,-48.080,0.000,0.000,52.100,121.520,151.800,1.595,-0.081,1,1,1
100507,0.000,0.000,0.000,-0.900,148.700,121.630,123.650,-48.080,0.000,0.000,49.300,121.520,151.800,1.596,-0.019,1,1,1
100607,0.000,0.000,0.000,-0.900,139.100,121.630,123.650,-47.760,0.000,0.000,46.400,121.520,151.800,1.601,0.227,1,1,1
100807,0.000,0.000,0.000,-0.900,139.100,121.630,123.650,-47.760,0.000,0.000,43.400,121.520,151.800,1.585,-0.203,1,1,1
100907,0.000,0.000,0.000,-0.900,124.750,121.630,123.650,-47.830,0.000,0.000,37.500,121.520,151.900,1.580,-0.072,1,1,1
101007,0.000,0.000,0.000,-0.900,124.750,121.630,123.650,-47.830,0.000,0.000,34.700,121.520,151.900,1.581,0.069,1,1,1
101107,0.000,0.000,0.000,-0.900,115.100,121.630,123.650,-48.250,0.000,0.000,31.600,121.520,151.900,1.585,0.051,1,1,1
101307,0.000,0.000,0.000,-0.900,115.100,121.630,123.650,-48.250,0.000,0.000,28.800,121.520,151.900,1.590,0.069,1,1,1
101407,0.000,0.000,0.000,-0.900,100.830,121.630,123.480,-47.580,0.000,-0.580,23.000,121.520,151.900,1.587,-0.080,1,1,1
101507,0.000,0.000,0.000,-0.900,100.830,121.630,123.480,-47.580,0.000,-0.580,20.000,121.520,151.900,1.591,0.060,1,1,1
101607,0.000,0.000,0.000,0.000,91.350,121.630,123.350,-47.380,0.000,-0.630,20.000,121.520,151.900,1.424,-4.155,1,1,1
101807,0.000,0.000,0.000,0.000,91.350,121.630,123.350,-47.380,0.000,-0.630,20.000,121.520,153.200,1.492,0.911,1,1,1
101907,0.000,0.000,0.000,0.000,88.350,121.580,123.530,-10.000,-0.170,0.580,20.000,121.540,153.400,1.498,-0.185,1,1,1
102007,0.000,0.000,0.000,0.000,88.350,121.580,123.530,-10.000,-0.170,0.580,20.000,121.540,153.400,1.504,-0.247,1,1,1
102107,0.000,0.000,0.000,0.000,88.350,121.580,123.530,0.000,0.000,0.000,20.000,121.540,153.400,1.511,-0.352,1,1,1
102307,0.000,0.000,0.000,0.000,88.350,121.580,123.530,0.000,0.000,0.000,20.000,121.540,153.400,1.517,0.069,1,1,1
102407,0.000,0.000,0.000,0.000,88.350,121.580,123.530,0.000,0.000,0.000,20.000,121.540,153.400,1.517,0.051,1,1,1
102507,0.000,0.000,0.000,0.000,88.350,121.580,123.530,0.000,0.000,0.000,20.000,121.540,153.400,1.519,0.042,1,1,1
102607,0.000,0.000,0.000,0.000,88.350,121.580,123.530,0.000,0.000,0.000,20.000,121.540,153.400,1.519,-0.072,1,1,1
102807,0.000,0.000,0.000,0.000,88.350,121.580,123.530,0.000,0.000,0.000,20.000,121.540,153.400,1.521,-0.002,1,1,1
102907,0.000,0.000,0.000,0.000,88.350,121.580,123.530,0.000,0.000,0.000,20.000,121.540,153.400,1.523,0.033,1,1,1
103007,0.000,0.000,0.000,0.000,88.350,121.580,123.530,0.000,0.000,0.000,20.000,121.540,153.400,1.523,0.113,1,1,1
103107,0.000,0.000,0.000,0.000,88.350,121.580,123.530,0.000,0.000,0.000,20.000,121.540,153.400,1.525,-0.045,1,1,1
103307,0.000,0.000,0.000,0.000,88.350,121.580,123.530,0.000,0.000,0.000,20.000,121.540,153.400,1.525,-0.019,1,1,1
103407,0.000,0.000,0.000,0.000,88.350,121.580,123.530,0.000,0.000,0.000,20.000,121.540,153.400,1.527,0.034,1,1,1
103507,0.000,0.000,0.000,0.000,88.350,121.580,123.530,0.000,0.000,0.000,20.000,121.540,153.400,1.529,0.016,1,1,1
103607,0.000,0.000,0.000,0.000,88.350,121.580,123.530,0.000,0.000,0.000,20.000,121.540,153.400,1.531,-0.019,1,1,1
103807,0.000,0.000,0.000,0.000,88.350,121.580,123.530,0.000,0.000,0.000,20.000,121.540,153.400,1.538,0.034,1,1,1
103907,0.000,0.000,0.000,0.000,88.350,121.580,123.530,0.000,0.000,0.000,20.000,121.540,153.400,1.538,0.016,1,1,1
104007,0.000,0.000,0.000,0.000,88.350,121.580,123.530,0.000,0.000,0.000,20.000,121.540,153.400,1.538,0.034,1,1,1
104107,0.000,0.000,0.000,0.000,88.350,121.580,123.530,0.000,0.000,0.000,20.000,121.540,153.400,1.541,-0.010,1,1,1
104307,0.000,0.000,0.000,0.000,88.350,121.580,123.530,0.000,0.000,0.000,20.000,121.540,153.400,1.545,0.042,1,1,1
104407,0.000,0.000,0.000,0.000,88.350,121.580,123.530,0.000,0.000,0.000,20.000,121.540,153.400,1.544,0.025,1,1,1
104507,0.000,0.000,0.000,0.000,88.350,121.580,123.530,0.000,0.000,0.000,20.000,121.540,153.400,1.544,0.104,1,1,1
104607,0.000,0.000,0.000,0.000,88.350,121.580,123.530,0.000,0.000,0.000,20.000,121.540,153.400,1.544,0.034,1,1,1
104807,0.000,0.000,0.000,0.000,88.350,121.580,123.530,0.000,0.000,0.000,20.000,121.540,153.400,1.559,0.139,1,1,1
104907,0.000,0.000,0.000,0.000,88.350,121.580,123.530,0.000,0.000,0.000,20.000,121.540,153.400,1.559,0.086,1,1,1
105007,0.000,0.000,0.000,0.000,88.350,121.580,123.530,0.000,0.000,0.000,20.000,121.540,153.400,1.557,0.025,1,1,1
105107,0.000,0.000,0.000,0.000,88.350,121.580,123.530,0.000,0.000,0.000,20.000,121.540,153.400,1.557,-0.028,1,1,1
105307,0.000,0.000,0.000,0.000,88.350,121.580,123.530,0.000,0.000,0.000,20.000,121.540,153.400,1.556,-0.010,1,1,1
105407,0.000,0.000,0.000,0.000,88.350,121.580,123.530,0.000,0.000,0.000,20.000,121.540,153.400,1.558,0.104,1,1,1
105507,0.000,0.000,0.000,0.000,88.350,121.580,123.530,0.000,0.000,0.000,20.000,121.540,153.400,1.558,0.068,1,1,1
105607,0.000,0.000,0.000,0.000,88.350,121.580,123.530,0.000,0.000,0.000,20.000,121.540,153.400,1.559,0.042,1,1,1
105807,0.000,0.000,0.000,0.000,88.350,121.580,123.530,0.000,0.000,0.000,20.000,121.540,153.400,1.567,0.060,1,1,1
105907,0.000,0.000,0.000,0.000,88.350,121.580,123.530,0.000,0.000,0.000,20.000,121.540,153.400,1.570,-0.081,1,1,1
106007,0.000,0.000,0.000,0.000,88.350,121.580,123.530,0.000,0.000,0.000,20.000,121.540,153.400,1.570,-0.116,1,1,1
106107,0.000,0.000,0.000,0.000,88.350,121.580,123.530,0.000,0.000,0.000,20.000,121.540,153.400,1.571,-0.028,1,1,1
106307,0.000,0.000,0.000,0.000,88.350,121.580,123.530,0.000,0.000,0.000,20.000,121.540,153.400,1.582,0.068,1,1,1
106407,0.000,0.000,0.000,0.000,88.350,121.580,123.530,0.000,0.000,0.000,20.000,121.540,153.400,1.584,0.069,1,1,1
106507,0.000,0.000,0.000,0.000,88.350,121.580,123.530,0.000,0.000,0.000,20.000,121.540,153.400,1.585,0.007,1,1,1
106607,0.000,0.000,0.000,0.000,88.350,121.580,123.530,0.000,0.000,0.000,20.000,121.540,153.400,1.587,0.042,1,1,1
106807,0.000,0.000,0.000,0.000,88.350,121.580,123.530,0.000,0.000,0.000,20.000,121.540,153.400,1.590,-0.002,1,1,1
106907,0.000,0.000,0.000,0.000,88.350,121.580,123.530,0.000,0.000,0.000,20.000,121.540,153.400,1.590,0.042,1,1,1
107007,0.000,0.000,0.000,0.000,88.350,121.580,123.530,0.000,0.000,0.000,20.000,121.540,153.400,1.591,-0.028,1,1,1
107107,0.000,0.000,0.000,0.000,88.350,121.580,123.530,0.000,0.000,0.000,20.000,121.540,153.400,1.591,-0.002,1,1,1
107307,0.000,0.000,0.000,0.000,88.350,121.580,123.530,0.000,0.000,0.000,20.000,121.540,153.400,1.587,-0.037,1,1,1
107407,0.000,0.000,0.000,0.000,88.350,121.580,123.530,0.000,0.000,0.000,20.000,121.540,153.400,1.588,-0.010,1,1,1
107507,0.000,0.000,0.000,0.000,88.350,121.580,123.530,0.000,0.000,0.000,20.000,121.540,153.400,1.588,0.025,1,1,1
107607,0.000,0.000,0.000,0.000,88.350,121.580,123.530,0.000,0.000,0.000,20.000,121.540,153.400,1.589,-0.089,1,1,1
107807,0.000,0.000,0.000,0.000,88.350,121.580,123.530,0.000,0.000,0.000,20.000,121.540,153.400,1.600,0.086,1,1,1
107907,0.000,0.000,0.000,0.000,88.350,121.580,123.530,0.000,0.000,0.000,20.000,121.540,153.400,1.603,-0.002,1,1,1
108007,0.000,0.000,0.000,0.000,88.350,121.580,123.530,0.000,0.000,0.000,20.000,121.540,153.400,1.606,0.121,1,1,1
108107,0.000,0.000,0.000,0.000,88.350,121.580,123.530,0.000,0.000,0.000,20.000,121.540,153.400,1.607,0.034,1,1,1
108307,0.000,0.000,0.000,0.000,88.350,121.580,123.530,0.000,0.000,0.000,20.000,121.540,153.400,1.606,-0.002,1,1,1
108407,0.000,0.000,0.000,0.000,88.350,121.580,123.530,0.000,0.000,0.000,20.000,121.540,153.400,1.607,0.112,1,1,1
108507,0.000,0.000,0.000,0.000,88.350,121.580,123.530,0.000,0.000,0.000,20.000,121.540,153.400,1.609,-0.098,1,1,1
108607,0.000,0.000,0.000,0.000,88.350,121.580,123.530,0.000,0.000,0.000,20.000,121.540,153.400,1.612,0.033,1,1,1
108807,0.000,0.000,0.000,0.000,88.350,121.580,123.530,0.000,0.000,0.000,20.000,121.540,153.400,1.610,-0.010,1,1,1
108907,0.000,0.000,0.000,0.000,88.350,121.580,123.530,0.000,0.000,0.000,20.000,121.540,153.400,1.611,0.025,1,1,1
109007,0.000,0.000,0.000,0.000,88.350,121.580,123.530,0.000,0.000,0.000,20.000,121.540,153.400,1.612,-0.002,1,1,1
109107,0.000,0.000,0.000,0.000,88.350,121.580,123.530,0.000,0.000,0.000,20.000,121.540,153.400,1.612,0.033,1,1,1
109307,0.000,0.000,0.000,0.000,88.350,121.580,123.530,0.000,0.000,0.000,20.000,121.540,153.400,1.613,-0.011,1,1,1
109407,0.000,0.000,0.000,0.000,88.350,121.580,123.530,0.000,0.000,0.000,20.000,121.540,153.400,1.617,-0.072,1,1,1
109507,0.000,0.000,0.000,0.000,88.350,121.580,123.530,0.000,0.000,0.000,20.000,121.540,153.400,1.621,0.086,1,1,1
109607,0.000,0.000,0.000,0.000,88.350,121.580,123.530,0.000,0.000,0.000,20.000,121.540,153.400,1.621,0.007,1,1,1
109807,0.000,0.000,0.000,0.000,88.350,121.580,123.530,0.000,0.000,0.000,20.000,121.540,153.400,1.631,0.077,1,1,1
109907,0.000,0.000,0.000,0.000,88.350,121.580,123.530,0.000,0.000,0.000,20.000,121.540,153.400,1.631,-0.081,1,1,1
110007,0.000,0.000,0.000,0.000,88.350,121.580,123.530,0.000,0.000,0.000,20.000,121.540,153.400,1.631,0.007,1,1,1
110107,0.000,0.000,0.000,0.000,88.350,121.580,123.530,0.000,0.000,0.000,20.000,121.540,153.400,1.631,0.007,1,1,1
110307,0.000,0.000,0.000,0.000,88.350,121.580,123.530,0.000,0.000,0.000,20.000,121.540,153.400,1.633,0.016,1,1,1
