t,x1,x2,y1,y2,s_boom,s_stick,s_bucket,v_boom,v_stick,v_bucket,a_boom,a_stick,a_bucket,yaw,yaw_rate,rs485_ok,adc_ok,imu_ok
288,0.000,0.000,0.000,0.000,0.000,0.000,0.000,0.000,0.000,0.000,0.000,0.000,0.000,0.000,0.000,0,0,0
388,0.000,0.000,0.000,0.000,0.000,0.000,0.000,0.000,0.000,0.000,44.800,0.000,99.300,0.000,0.000,0,1,0
491,0.000,0.000,0.000,0.000,137.750,125.530,170.200,0.000,0.000,0.000,44.800,119.590,99.200,0.000,0.000,1,1,0
591,0.000,0.000,0.000,0.000,137.750,125.530,170.200,0.000,0.000,0.000,44.800,119.590,99.200,0.000,0.000,1,1,0
804,0.000,0.000,0.000,0.000,137.750,125.530,170.200,0.000,0.000,0.000,44.800,119.590,99.300,0.000,0.000,1,1,0
904,0.000,0.000,0.000,0.000,137.750,125.530,170.200,0.000,0.000,0.000,44.800,119.590,99.200,0.000,0.000,1,1,0
1004,0.000,0.000,0.000,0.000,137.750,125.530,170.200,0.000,0.000,0.000,44.800,119.590,99.200,0.000,0.000,1,1,0
1104,0.000,0.000,0.000,0.000,137.750,125.530,170.200,0.000,0.000,0.000,44.800,119.590,99.200,0.000,0.000,1,1,0
1303,0.000,0.000,0.000,0.000,137.750,125.530,170.200,0.000,0.000,0.000,44.800,119.590,99.200,0.000,0.000,1,1,0
1403,0.000,0.000,0.000,0.000,137.750,125.530,170.200,0.000,0.000,0.000,44.800,119.590,99.200,0.000,0.000,1,1,0
1506,0.000,0.000,0.000,0.000,137.750,125.530,170.200,0.000,0.000,0.000,44.800,119.590,99.200,0.000,0.000,1,1,0
1606,0.000,0.000,0.000,0.000,137.750,125.530,170.200,0.000,0.000,0.000,44.800,119.590,99.200,0.000,0.000,1,1,0
1803,0.000,0.000,0.000,0.000,137.750,125.530,170.200,0.000,0.000,0.000,44.800,119.590,99.200,0.000,0.000,1,1,0
1903,0.000,0.000,0.000,0.000,137.750,125.530,170.200,0.000,0.000,0.000,44.800,119.590,99.200,0.000,0.000,1,1,0
2003,0.000,0.000,0.000,0.000,137.750,125.530,170.200,0.000,0.000,0.000,44.800,119.590,99.200,0.000,0.000,1,1,0
2103,0.000,0.000,0.000,0.000,137.750,125.530,170.200,0.000,0.000,0.000,44.800,119.590,99.200,0.000,0.000,1,1,0
2307,0.000,0.000,0.000,0.000,137.750,125.530,170.200,0.000,0.000,0.000,44.800,119.590,99.200,0.003,0.032,1,1,1
2407,0.000,0.800,-0.800,0.000,137.750,125.530,170.200,0.000,0.000,0.000,44.800,119.590,99.200,0.009,0.322,1,1,1
2507,0.000,0.800,-0.800,0.000,137.750,125.530,170.200,0.000,0.000,0.000,44.800,119.590,99.800,0.016,0.191,1,1,1
2607,0.000,0.800,0.000,0.000,137.750,124.050,167.050,0.000,-7.380,-15.750,44.800,120.320,105.400,0.015,0.067,1,1,1
2807,0.000,0.800,0.000,0.000,137.750,124.050,167.050,0.000,-7.380,-15.750,44.800,120.320,110.400,0.020,0.032,1,1,1
2907,0.000,0.800,0.000,0.000,137.750,122.580,155.800,0.000,-4.920,-37.500,44.800,121.050,120.500,0.022,0.067,1,1,1
3007,0.000,0.800,0.000,0.000,137.750,122.580,155.800,0.000,-4.920,-37.500,44.800,121.050,124.800,0.026,-0.030,1,1,1
3107,0.000,0.800,0.000,0.000,137.750,122.580,148.180,0.000,0.000,-38.130,44.800,121.050,128.900,0.026,0.006,1,1,1
3307,0.000,0.800,0.000,0.000,137.750,122.580,148.180,0.000,0.000,-38.130,44.800,121.050,132.800,0.033,0.050,1,1,1
3407,0.000,0.800,0.000,0.000,137.750,122.580,137.150,0.000,0.000,-36.750,44.800,121.050,140.500,0.031,-0.065,1,1,1
3507,0.000,0.800,0.000,0.000,137.750,122.580,137.150,0.000,0.000,-36.750,44.800,121.050,143.900,0.029,0.031,1,1,1
3607,0.000,0.800,0.000,0.000,137.780,122.580,129.650,0.130,0.000,-37.500,44.800,121.050,147.600,0.031,0.164,1,1,1
3807,0.000,0.800,0.000,0.000,137.780,122.580,129.650,0.130,0.000,-37.500,44.800,121.050,151.200,0.034,0.006,1,1,1
3907,0.000,0.000,0.000,0.000,137.780,122.580,118.200,0.000,0.000,-38.170,44.800,121.050,157.900,0.033,-0.030,1,1,1
4007,0.000,0.000,0.000,0.000,137.780,122.580,118.200,0.000,0.000,-38.170,44.800,121.050,160.400,0.031,0.085,1,1,1
4107,0.000,0.000,0.000,0.000,137.780,122.580,115.630,0.000,0.000,-12.880,44.800,121.050,160.400,0.037,-0.240,1,1,1
4307,0.000,0.000,0.000,0.000,137.780,122.580,115.630,0.000,0.000,-12.880,44.800,121.050,160.400,0.044,0.015,1,1,1
4407,0.000,0.000,0.000,0.000,137.780,122.580,115.630,0.000,0.000,0.000,44.800,121.050,160.400,0.045,0.023,1,1,1
4507,0.000,0.500,0.000,0.000,137.780,122.580,115.630,0.000,0.000,0.000,44.800,121.050,160.400,0.052,0.146,1,1,1
4607,0.000,0.500,0.000,0.000,137.780,122.580,115.350,0.000,0.000,-1.380,44.800,121.050,160.400,0.051,0.295,1,1,1
4807,0.000,0.500,0.000,0.000,137.780,122.580,115.350,0.000,0.000,-1.380,44.800,121.050,163.100,0.048,-0.039,1,1,1
4907,0.000,0.500,0.000,0.000,137.780,122.580,106.100,0.000,0.000,-30.830,44.800,121.050,168.500,0.047,-0.109,1,1,1
5007,0.000,0.500,0.000,0.000,137.780,122.580,106.100,0.000,0.000,-30.830,44.800,121.050,171.400,0.050,0.049,1,1,1
5107,0.000,-0.500,0.000,0.000,137.780,122.580,100.000,0.000,0.000,-30.500,44.800,121.050,174.100,0.051,-0.038,1,1,1
5307,0.000,-0.500,0.000,0.000,137.780,122.580,100.000,0.000,0.000,-30.500,44.800,121.050,176.900,0.006,-0.398,1,1,1
5407,0.000,-0.500,0.000,0.000,137.800,122.580,99.250,0.080,0.000,-2.500,44.800,121.050,175.600,0.009,-0.257,1,1,1
5507,0.000,-0.500,0.000,0.000,137.800,122.580,99.250,0.080,0.000,-2.500,44.800,121.050,174.000,0.006,0.014,1,1,1
5607,0.000,-0.500,0.000,0.000,137.800,122.580,102.730,0.000,0.000,17.380,44.800,121.050,172.500,0.009,-0.074,1,1,1
5807,0.000,-0.500,0.000,0.000,137.800,122.580,102.730,0.000,0.000,17.380,44.800,121.050,170.700,0.023,0.093,1,1,1
5907,0.000,-0.500,0.000,0.000,137.800,122.580,108.080,0.000,0.000,17.830,44.800,121.050,167.400,0.024,0.146,1,1,1
6007,0.000,-0.500,0.000,0.000,137.800,122.580,108.080,0.000,0.000,17.830,44.800,121.050,165.800,0.026,-0.012,1,1,1
6107,0.000,-0.500,0.000,0.000,137.800,122.580,111.680,0.000,0.000,18.000,44.800,121.050,164.100,0.030,0.014,1,1,1
6307,0.000,-0.500,0.000,0.000,137.800,122.580,111.680,0.000,0.000,18.000,44.800,121.050,162.600,0.036,0.049,1,1,1
6407,0.000,-0.500,0.000,0.000,137.830,122.580,116.830,0.080,0.000,17.220,44.800,121.050,159.500,0.038,0.084,1,1,1
6507,0.000,-0.500,0.000,0.000,137.830,122.580,116.830,0.080,0.000,17.220,44.800,121.050,157.900,0.039,0.014,1,1,1
6607,0.000,-0.500,0.000,0.000,137.830,122.580,120.350,0.000,0.000,17.540,44.800,121.050,156.300,0.041,-0.003,1,1,1
6807,0.000,-0.500,0.000,0.000,137.830,122.580,120.350,0.000,0.000,17.540,44.800,121.050,154.700,0.028,-0.117,1,1,1
6907,0.000,-0.500,0.000,0.000,137.830,122.580,125.600,0.000,0.000,17.560,44.800,121.050,151.400,0.028,0.137,1,1,1
7007,0.000,-0.500,0.000,0.000,137.830,122.580,125.600,0.000,0.000,17.560,44.800,121.050,149.800,0.029,-0.048,1,1,1
7107,0.000,-0.500,0.000,0.000,137.830,122.580,129.100,0.000,0.000,17.410,44.800,121.050,148.200,0.031,0.050,1,1,1
7307,0.000,-0.500,0.000,0.000,137.830,122.580,129.100,0.000,0.000,17.410,44.800,121.050,146.400,0.035,0.023,1,1,1
7407,0.000,-0.500,0.000,0.000,137.850,122.580,134.430,0.080,0.000,17.750,44.800,121.050,143.000,0.036,0.198,1,1,1
7507,0.000,-0.500,0.000,0.000,137.850,122.580,134.430,0.080,0.000,17.750,44.800,121.050,141.200,0.038,0.058,1,1,1
7607,0.000,-0.500,0.000,0.000,137.850,122.580,137.950,0.000,0.000,17.630,44.800,121.050,139.500,0.040,0.005,1,1,1
7807,0.000,-0.500,0.000,0.000,137.850,122.580,137.950,0.000,0.000,17.630,44.800,121.050,137.900,0.042,0.014,1,1,1
7907,0.000,-0.500,0.000,0.000,137.850,122.580,143.200,0.000,0.000,17.500,44.800,121.050,134.100,0.043,0.014,1,1,1
8007,0.000,-0.500,0.000,0.000,137.850,122.580,143.200,0.000,0.000,17.500,44.800,121.050,132.300,0.046,-0.021,1,1,1
8107,0.000,-0.500,0.000,0.000,137.850,122.580,146.650,0.000,0.000,17.250,44.800,121.050,130.500,0.047,0.005,1,1,1
8307,0.000,-0.500,0.000,0.000,137.850,122.580,146.650,0.000,0.000,17.250,44.800,121.050,128.500,0.054,0.049,1,1,1
8407,0.000,-0.500,0.000,0.000,137.880,122.580,151.880,0.080,0.000,17.420,44.800,121.050,124.700,0.055,0.023,1,1,1
8507,0.000,-0.500,0.000,0.000,137.880,122.580,151.880,0.080,0.000,17.420,44.800,121.050,122.800,0.055,0.040,1,1,1
8607,0.000,-0.500,0.000,0.000,137.880,122.600,155.380,0.000,0.130,17.500,44.800,121.040,120.800,0.056,-0.039,1,1,1
8807,0.000,-0.500,0.000,0.000,137.880,122.600,155.380,0.000,0.130,17.500,44.800,121.040,118.700,0.055,-0.012,1,1,1
8907,0.000,0.500,0.000,0.000,137.880,122.600,160.730,0.000,0.000,17.830,44.800,121.040,114.200,0.058,-0.056,1,1,1
9007,0.000,0.500,0.000,0.000,137.880,122.600,160.730,0.000,0.000,17.830,44.800,121.040,111.700,0.060,-0.055,1,1,1
9107,0.000,0.500,0.000,0.000,137.900,122.600,162.050,0.130,0.000,6.630,44.800,121.040,112.000,0.062,-0.249,1,1,1
9307,0.000,0.500,0.000,0.000,137.900,122.600,162.050,0.130,0.000,6.630,44.800,121.040,116.800,0.053,-0.065,1,1,1
9407,0.000,0.500,0.000,0.000,137.900,122.600,152.100,0.000,0.000,-33.170,44.800,121.040,124.600,0.053,-0.038,1,1,1
9507,0.000,0.500,0.000,0.000,137.900,122.600,152.100,0.000,0.000,-33.170,44.800,121.040,128.000,0.052,0.005,1,1,1
9607,0.000,0.500,0.000,0.000,137.900,122.600,145.700,0.000,0.000,-32.000,44.800,121.040,131.300,0.053,0.031,1,1,1
9807,0.000,0.500,0.000,0.000,137.900,122.600,145.700,0.000,0.000,-32.000,44.800,121.040,134.600,0.064,0.057,1,1,1
9907,0.000,0.500,0.000,0.000,137.900,122.600,136.430,0.000,0.000,-30.920,44.800,121.040,140.600,0.065,-0.100,1,1,1
10007,0.000,0.500,0.000,0.000,137.900,122.600,136.430,0.000,0.000,-30.920,44.800,121.040,143.700,0.067,-0.030,1,1,1
10107,0.000,0.500,0.000,0.000,137.900,122.600,130.280,0.000,0.000,-30.750,44.800,121.040,146.700,0.068,-0.083,1,1,1
10307,0.000,0.500,0.000,0.000,137.900,122.600,130.280,0.000,0.000,-30.750,44.800,121.040,149.600,0.081,0.110,1,1,1
10407,0.000,0.500,0.000,0.000,137.930,122.600,121.030,0.080,0.000,-30.830,44.800,121.040,155.200,0.080,0.136,1,1,1
10507,0.000,0.500,0.000,0.000,137.930,122.600,121.030,0.080,0.000,-30.830,44.800,121.040,157.900,0.079,0.101,1,1,1
10607,0.000,0.500,0.000,0.000,137.930,122.600,115.000,0.000,0.000,-30.130,44.800,121.040,160.500,0.081,-0.066,1,1,1
10807,0.000,0.500,0.000,0.000,137.930,122.600,115.000,0.000,0.000,-30.130,44.800,121.040,163.500,0.072,-0.101,1,1,1
10907,0.000,0.500,0.000,0.000,137.930,122.600,105.880,0.000,0.000,-30.420,44.800,121.040,169.000,0.074,0.005,1,1,1
11007,0.000,0.500,0.000,0.000,137.930,122.600,105.880,0.000,0.000,-30.420,44.800,121.040,171.800,0.077,0.084,1,1,1
11107,0.000,-0.500,0.000,0.000,137.930,122.600,99.830,0.000,0.000,-30.250,44.800,121.040,174.600,0.080,-0.083,1,1,1
11307,0.000,-0.500,0.000,0.000,137.930,122.600,99.830,0.000,0.000,-30.250,44.800,121.040,177.000,0.073,-0.048,1,1,1
11407,0.000,-0.500,0.000,0.000,137.950,122.600,99.880,0.080,0.000,0.170,44.800,121.040,175.600,0.078,-0.039,1,1,1
11507,0.000,-0.500,0.000,0.000,137.950,122.600,99.880,0.080,0.000,0.170,44.800,121.040,174.000,0.079,-0.056,1,1,1
11607,0.000,-0.500,0.000,0.000,137.950,122.600,103.350,0.000,0.000,17.380,44.800,121.040,172.000,0.083,0.075,1,1,1
11807,0.000,-0.500,0.000,0.000,137.950,122.600,103.350,0.000,0.000,17.380,44.800,121.040,170.600,0.086,-0.004,1,1,1
11907,0.000,-0.500,0.000,0.000,137.950,122.600,108.830,0.000,0.000,18.250,44.800,121.040,167.000,0.088,0.092,1,1,1
12007,0.000,-0.500,0.000,0.000,137.950,122.600,108.830,0.000,0.000,18.250,44.800,121.040,165.300,0.090,-0.030,1,1,1
12107,0.000,-0.500,0.000,0.000,137.950,122.600,112.400,0.000,0.000,17.880,44.800,121.040,163.800,0.090,0.049,1,1,1
12307,0.000,-0.500,0.000,0.000,137.950,122.600,112.400,0.000,0.000,17.880,44.800,121.040,162.300,0.091,0.014,1,1,1
12407,0.000,-0.500,0.000,0.000,137.980,122.600,117.680,0.080,0.000,17.580,44.800,121.040,159.100,0.093,-0.013,1,1,1
12507,0.000,-0.500,0.000,0.000,137.980,122.600,117.680,0.080,0.000,17.580,44.800,121.040,157.600,0.094,-0.039,1,1,1
12607,0.000,-0.500,0.000,0.000,137.980,122.600,121.230,0.000,0.000,17.750,44.800,121.040,155.700,0.096,0.040,1,1,1
12807,0.000,-0.500,0.000,0.000,137.980,122.600,121.230,0.000,0.000,17.750,44.800,121.040,154.100,0.098,0.004,1,1,1
12907,0.000,-0.500,0.000,0.000,137.980,122.630,126.550,0.000,0.080,17.750,44.800,121.020,151.000,0.099,0.092,1,1,1
13007,0.000,-0.500,0.000,0.000,137.980,122.630,126.550,0.000,0.080,17.750,44.800,121.020,149.500,0.101,-0.066,1,1,1
13107,0.000,-0.500,0.000,0.000,137.980,122.630,130.150,0.000,0.000,18.000,44.800,121.020,147.900,0.101,-0.074,1,1,1
13307,0.000,-0.500,0.000,0.000,137.980,122.630,130.150,0.000,0.000,18.000,44.800,121.020,146.000,0.102,-0.013,1,1,1
13407,0.000,-0.500,0.000,0.000,138.000,122.630,135.580,0.080,0.000,18.080,44.800,121.020,142.100,0.107,0.118,1,1,1
13507,0.000,-0.500,0.000,0.000,138.000,122.630,135.580,0.080,0.000,18.080,44.800,121.020,140.500,0.110,0.048,1,1,1
13607,0.000,-0.500,0.000,0.000,138.000,122.630,139.180,0.000,0.000,18.000,44.800,121.020,138.500,0.109,0.092,1,1,1
13807,0.000,-0.500,0.000,0.000,138.000,122.630,139.180,0.000,0.000,18.000,44.800,121.020,136.500,0.100,-0.075,1,1,1
13907,0.000,-0.500,0.000,0.000,138.000,122.630,144.530,0.000,0.000,17.830,44.800,121.020,132.700,0.102,-0.092,1,1,1
14007,0.000,-0.500,0.000,0.000,138.000,122.630,144.530,0.000,0.000,17.830,44.800,121.020,131.000,0.102,-0.013,1,1,1
14107,0.000,-0.500,0.000,0.000,138.000,122.630,148.030,0.000,0.000,17.500,44.800,121.020,129.100,0.104,-0.145,1,1,1
14307,0.000,-0.500,0.000,0.000,138.000,122.630,148.030,0.000,0.000,17.500,44.800,121.020,127.100,0.121,0.144,1,1,1
14407,0.000,-0.500,0.000,0.000,138.000,122.630,153.350,0.000,0.000,17.750,44.800,121.020,122.900,0.123,-0.004,1,1,1
14507,0.000,-0.500,0.000,0.000,138.000,122.630,153.350,0.000,0.000,17.750,44.800,121.020,121.200,0.122,-0.040,1,1,1
14607,0.000,-0.500,0.000,0.000,138.030,122.630,156.900,0.130,0.000,17.750,44.800,121.020,118.900,0.124,0.057,1,1,1
14807,0.000,-0.500,0.000,0.000,138.030,122.630,156.900,0.130,0.000,17.750,44.800,121.020,116.800,0.132,0.075,1,1,1
14907,0.000,0.500,0.000,0.000,138.030,122.630,162.280,0.000,0.000,17.980,44.800,121.020,111.900,0.134,0.013,1,1,1
15007,0.000,0.500,0.000,0.000,138.030,122.630,162.280,0.000,0.000,17.980,44.800,121.020,109.700,0.137,0.074,1,1,1
15107,0.000,0.500,0.000,0.000,138.030,122.630,163.630,0.000,0.000,6.720,44.800,121.020,110.000,0.140,0.145,1,1,1
15307,0.000,0.500,0.000,0.000,138.030,122.630,163.630,0.000,0.000,6.720,44.800,121.020,114.800,0.111,-0.241,1,1,1
15407,0.000,0.500,0.000,0.000,138.030,122.630,153.650,0.000,0.000,-33.360,44.800,121.020,123.000,0.112,-0.004,1,1,1
15507,0.000,0.500,0.000,0.000,138.030,122.630,153.650,0.000,0.000,-33.360,44.800,121.020,126.400,0.114,0.040,1,1,1
15607,0.000,0.500,0.000,0.000,138.030,122.630,147.180,0.000,0.000,-32.380,44.800,121.020,130.000,0.116,0.039,1,1,1
15807,0.000,0.500,0.000,0.000,138.030,122.630,147.180,0.000,0.000,-32.380,44.800,121.020,133.100,0.122,0.031,1,1,1
15907,0.000,0.500,0.000,0.000,138.050,122.630,137.930,0.080,0.000,-30.730,44.800,121.020,139.300,0.121,0.030,1,1,1
16007,0.000,0.500,0.000,0.000,138.050,122.630,137.930,0.080,0.000,-30.730,44.800,121.020,142.400,0.122,0.039,1,1,1
16107,0.000,0.500,0.000,0.000,138.050,122.630,131.780,0.000,0.000,-30.750,44.800,121.020,145.400,0.122,-0.005,1,1,1
16307,0.000,0.500,0.000,0.000,138.050,122.630,131.780,0.000,0.000,-30.750,44.800,121.020,148.400,0.124,0.013,1,1,1
16407,0.000,0.500,0.000,0.000,138.050,122.650,122.500,0.000,0.080,-30.920,44.800,121.010,154.100,0.123,0.100,1,1,1
16507,0.000,0.500,0.000,0.000,138.050,122.650,122.500,0.000,0.080,-30.920,44.800,121.010,156.800,0.122,-0.013,1,1,1
16607,0.000,0.500,0.000,0.000,138.050,122.650,116.450,0.000,0.000,-30.250,44.800,121.010,159.600,0.123,-0.057,1,1,1
16807,0.000,0.500,0.000,0.000,138.050,122.650,116.450,0.000,0.000,-30.250,44.800,121.010,163.000,0.126,0.013,1,1,1
16907,0.000,0.500,0.000,0.000,138.050,122.650,107.250,0.000,0.000,-30.670,44.800,121.010,168.300,0.128,0.021,1,1,1
17007,0.000,0.500,0.000,0.000,138.050,122.650,107.250,0.000,0.000,-30.670,44.800,121.010,170.900,0.130,-0.023,1,1,1
17107,0.000,0.500,0.000,0.000,138.080,122.650,101.180,0.130,0.000,-30.380,44.800,121.010,173.600,0.130,0.022,1,1,1
17307,0.000,0.500,0.000,0.000,138.080,122.650,101.180,0.130,0.000,-30.380,44.800,121.010,176.100,0.131,0.004,1,1,1
17407,0.000,-0.500,0.000,0.000,138.080,122.650,92.130,0.000,0.000,-30.170,44.800,121.010,181.800,0.135,0.109,1,1,1
17507,0.000,-0.500,0.000,0.000,138.080,122.650,92.130,0.000,0.000,-30.170,44.800,121.010,184.100,0.134,-0.005,1,1,1
17607,0.000,-0.500,0.000,0.000,138.080,122.650,89.300,0.000,0.000,-14.130,44.800,121.010,184.100,0.139,0.056,1,1,1
17807,0.000,-0.500,0.000,0.000,138.080,122.650,89.300,0.000,0.000,-14.130,44.800,121.010,183.200,0.154,0.153,1,1,1
17907,0.000,-0.500,0.000,0.000,138.080,122.650,94.700,0.000,0.000,18.000,44.800,121.010,180.200,0.154,-0.040,1,1,1
18007,0.000,-0.500,0.000,0.000,138.080,122.650,94.700,0.000,0.000,18.000,44.800,121.010,178.300,0.157,0.039,1,1,1
18107,0.000,-0.500,0.000,0.000,138.080,122.650,98.080,0.000,0.000,16.880,44.800,121.010,177.000,0.156,-0.022,1,1,1
18307,0.000,-0.500,0.000,0.000,138.080,122.650,98.080,0.000,0.000,16.880,44.800,121.010,175.400,0.160,0.057,1,1,1
18407,0.000,-0.500,0.000,0.000,138.080,122.650,103.380,0.000,0.000,17.670,44.800,121.010,171.800,0.160,0.056,1,1,1
18507,0.000,-0.500,0.000,0.000,138.080,122.650,103.380,0.000,0.000,17.670,44.800,121.010,170.800,0.156,0.030,1,1,1
18607,0.000,-0.500,0.000,0.000,138.080,122.650,106.980,0.000,0.000,18.000,44.800,121.010,169.100,0.158,0.013,1,1,1
18807,0.000,-0.500,0.000,0.000,138.080,122.650,106.980,0.000,0.000,18.000,44.800,121.010,167.300,0.149,-0.031,1,1,1
18907,0.000,-0.500,0.000,0.000,138.100,122.650,112.380,0.080,0.000,18.000,44.800,121.010,164.100,0.148,-0.066,1,1,1
19007,0.000,-0.500,0.000,0.000,138.100,122.650,112.380,0.080,0.000,18.000,44.800,121.010,162.700,0.151,0.056,1,1,1
19107,0.000,-0.500,0.000,0.000,138.100,122.650,115.850,0.000,0.000,17.380,44.800,121.010,161.000,0.155,0.118,1,1,1
19307,0.000,-0.500,0.000,0.000,138.100,122.650,115.850,0.000,0.000,17.380,44.800,121.010,159.400,0.165,0.030,1,1,1
19407,0.000,-0.500,0.000,0.000,138.100,122.680,121.080,0.000,0.080,17.420,44.800,121.000,156.300,0.168,-0.014,1,1,1
19507,0.000,-0.500,0.000,0.000,138.100,122.680,121.080,0.000,0.080,17.420,44.800,121.000,154.700,0.168,0.030,1,1,1
19607,0.000,-0.500,0.000,0.000,138.100,122.680,124.630,0.000,0.000,17.750,44.800,121.000,153.400,0.169,0.021,1,1,1
19807,0.000,-0.500,0.000,0.000,138.100,122.680,124.630,0.000,0.000,17.750,44.800,121.000,151.600,0.170,-0.119,1,1,1
19907,0.000,-0.500,0.000,0.000,138.100,122.680,130.000,0.000,0.000,17.920,44.800,121.000,147.900,0.172,-0.172,1,1,1
20007,0.000,-0.500,0.000,0.000,138.100,122.680,130.000,0.000,0.000,17.920,44.800,121.000,146.000,0.173,0.030,1,1,1
20107,0.000,-0.500,0.000,0.000,138.100,122.680,133.600,0.000,0.000,18.000,44.800,121.000,144.200,0.174,-0.136,1,1,1
20307,0.000,-0.500,0.000,0.000,138.100,122.680,133.600,0.000,0.000,18.000,44.800,121.000,142.300,0.175,0.100,1,1,1
20407,0.000,-0.500,0.000,0.000,138.100,122.680,138.950,0.000,0.000,17.830,44.800,121.000,138.600,0.177,0.117,1,1,1
20507,0.000,-0.500,0.000,0.000,138.100,122.680,138.950,0.000,0.000,17.830,44.800,121.000,136.900,0.177,0.074,1,1,1
20607,0.000,-0.500,0.000,0.000,138.100,122.680,142.430,0.000,0.000,17.380,44.800,121.000,135.100,0.179,-0.067,1,1,1
20807,0.000,-0.500,0.000,0.000,138.100,122.680,142.430,0.000,0.000,17.380,44.800,121.000,133.000,0.175,0.004,1,1,1
20907,0.000,-0.500,0.000,0.000,138.100,122.680,147.730,0.000,0.000,17.670,44.800,121.000,129.300,0.178,0.021,1,1,1
21007,0.000,-0.500,0.000,0.000,138.100,122.680,147.730,0.000,0.000,17.670,44.800,121.000,127.400,0.178,0.038,1,1,1
21107,0.000,-0.500,0.000,0.000,138.100,122.680,151.250,0.000,0.000,17.630,44.800,121.000,125.400,0.181,0.012,1,1,1
21307,0.000,-0.500,0.000,0.000,138.100,122.680,151.250,0.000,0.000,17.630,44.800,121.000,123.600,0.191,0.004,1,1,1
21407,0.000,-0.500,0.000,0.000,138.130,122.680,156.500,0.080,0.000,17.500,44.800,121.000,119.500,0.192,0.039,1,1,1
21507,0.000,-0.500,0.000,0.000,138.130,122.680,156.500,0.080,0.000,17.500,44.800,121.000,117.100,0.192,0.118,1,1,1
21607,0.000,0.500,0.000,0.000,138.130,122.680,160.080,0.000,0.000,17.880,44.800,121.000,115.100,0.195,0.021,1,1,1
21807,0.000,0.500,0.000,0.000,138.130,122.680,160.080,0.000,0.000,17.880,44.800,121.000,112.900,0.184,-0.233,1,1,1
21907,0.000,0.500,0.000,0.000,138.130,122.680,158.130,0.000,0.000,-6.500,44.800,121.000,117.900,0.181,-0.049,1,1,1
22007,0.000,0.500,0.000,0.000,138.130,122.680,158.130,0.000,0.000,-6.500,44.800,121.000,121.700,0.182,0.039,1,1,1
22107,0.000,0.500,0.000,0.000,138.130,122.680,151.380,0.000,0.000,-33.750,44.800,121.000,125.300,0.184,-0.049,1,1,1
22307,0.000,0.500,0.000,0.000,138.130,122.680,151.380,0.000,0.000,-33.750,44.800,121.000,128.700,0.192,0.065,1,1,1
22407,0.000,0.500,0.000,0.000,138.130,122.700,141.850,0.000,0.080,-31.750,44.800,120.990,135.300,0.195,0.117,1,1,1
22507,0.000,0.500,0.000,0.000,138.130,122.700,141.850,0.000,0.080,-31.750,44.800,120.990,138.500,0.197,-0.006,1,1,1
22607,0.000,0.500,0.000,0.000,138.130,122.700,135.680,0.000,0.000,-30.880,44.800,120.990,141.500,0.198,0.012,1,1,1
22807,0.000,0.500,0.000,0.000,138.130,122.700,135.680,0.000,0.000,-30.880,44.800,120.990,144.500,0.200,-0.032,1,1,1
22907,0.000,0.500,0.000,0.000,138.130,122.700,126.380,0.000,0.000,-31.000,44.800,120.990,150.900,0.202,0.082,1,1,1
23007,0.000,0.500,0.000,0.000,138.130,122.700,126.380,0.000,0.000,-31.000,44.800,120.990,153.700,0.205,0.099,1,1,1
23107,0.000,0.500,0.000,0.000,138.130,122.700,120.250,0.000,0.000,-30.630,44.800,120.990,156.000,0.206,-0.040,1,1,1
23307,0.000,0.500,0.000,0.000,138.130,122.700,120.250,0.000,0.000,-30.630,44.800,120.990,158.600,0.200,-0.006,1,1,1
23407,0.000,0.500,0.000,0.000,138.130,122.700,111.200,0.000,0.000,-30.270,44.800,120.990,164.300,0.199,-0.067,1,1,1
23507,0.000,0.500,0.000,0.000,138.130,122.700,111.200,0.000,0.000,-30.270,44.800,120.990,167.000,0.199,0.099,1,1,1
23607,0.000,0.500,0.000,0.000,138.130,122.700,105.080,0.000,0.000,-30.470,44.800,120.990,169.800,0.203,0.021,1,1,1
23807,0.000,0.500,0.000,0.000,138.130,122.700,105.080,0.000,0.000,-30.470,44.800,120.990,172.600,0.198,0.020,1,1,1
23907,0.000,-0.500,0.000,0.000,138.130,122.700,95.980,0.000,0.000,-30.330,44.800,120.990,178.100,0.200,0.099,1,1,1
24007,0.000,-0.500,0.000,0.000,138.130,122.700,95.980,0.000,0.000,-30.330,44.800,120.990,180.700,0.199,-0.085,1,1,1
24107,0.000,-0.500,0.000,0.000,138.130,122.700,93.750,0.000,0.000,-11.130,44.800,120.990,180.700,0.202,-0.094,1,1,1
24307,0.000,-0.500,0.000,0.000,138.130,122.700,93.750,0.000,0.000,-11.130,44.800,120.990,179.500,0.211,0.135,1,1,1
24407,0.000,-0.500,0.000,0.000,138.130,122.700,98.830,0.000,0.000,16.920,44.800,120.990,176.400,0.211,0.082,1,1,1
24507,0.000,-0.500,0.000,0.000,138.130,122.700,98.830,0.000,0.000,16.920,44.800,120.990,174.900,0.214,-0.120,1,1,1
24607,0.000,-0.500,0.000,0.000,138.130,122.700,102.300,0.000,0.000,17.380,44.800,120.990,172.900,0.217,0.029,1,1,1
24807,0.000,-0.500,0.000,0.000,138.130,122.700,102.300,0.000,0.000,17.380,44.800,120.990,171.500,0.214,-0.041,1,1,1
24907,0.000,-0.500,0.000,0.000,138.130,122.700,107.750,0.000,0.000,18.170,44.800,120.990,168.100,0.217,0.108,1,1,1
25007,0.000,-0.500,0.000,0.000,138.130,122.700,107.750,0.000,0.000,18.170,44.800,120.990,166.500,0.219,-0.014,1,1,1
25107,0.000,-0.500,0.000,0.000,138.130,122.700,111.400,0.000,0.000,18.250,44.800,120.990,164.600,0.218,0.012,1,1,1
25307,0.000,-0.500,0.000,0.000,138.130,122.700,111.400,0.000,0.000,18.250,44.800,120.990,163.000,0.217,-0.041,1,1,1
25407,0.000,-0.500,0.000,0.000,138.130,122.700,116.680,0.000,0.000,17.580,44.800,120.990,160.100,0.219,0.012,1,1,1
25507,0.000,-0.500,0.000,0.000,138.130,122.700,116.680,0.000,0.000,17.580,44.800,120.990,159.000,0.221,0.055,1,1,1
25607,0.000,-0.500,0.000,0.000,138.130,122.730,120.180,0.000,0.130,17.500,44.800,120.970,157.400,0.223,-0.015,1,1,1
25807,0.000,-0.500,0.000,0.000,138.130,122.730,120.180,0.000,0.130,17.500,44.800,120.970,155.800,0.224,0.020,1,1,1
25907,0.000,-0.500,0.000,0.000,138.130,122.730,125.530,0.000,0.000,17.830,44.800,120.970,152.300,0.225,0.012,1,1,1
26007,0.000,-0.500,0.000,0.000,138.130,122.730,125.530,0.000,0.000,17.830,44.800,120.970,150.900,0.228,0.029,1,1,1
26107,0.000,-0.500,0.000,0.000,138.130,122.730,129.150,0.000,0.000,18.130,44.800,120.970,153.500,0.227,0.056,1,1,1
26307,0.000,-0.500,0.000,0.000,138.130,122.730,129.150,0.000,0.000,18.130,44.800,120.970,149.200,0.225,0.012,1,1,1
26407,0.000,-0.500,0.000,0.000,138.130,122.730,134.550,0.000,0.000,18.000,44.800,120.970,144.300,0.226,0.029,1,1,1
26507,0.000,-0.500,0.000,0.000,138.130,122.730,134.550,0.000,0.000,18.000,44.800,120.970,142.100,0.230,-0.023,1,1,1
26607,0.000,-0.500,0.000,0.000,138.130,122.730,138.180,0.000,0.000,18.130,44.800,120.970,140.300,0.231,-0.102,1,1,1
26807,0.000,-0.500,0.000,0.000,138.130,122.730,138.180,0.000,0.000,18.130,44.800,120.970,137.900,0.236,0.108,1,1,1
26907,0.000,-0.500,0.000,0.000,138.130,122.730,143.450,0.000,0.000,17.580,44.800,120.970,134.100,0.239,0.047,1,1,1
27007,0.000,-0.500,0.000,0.000,138.130,122.730,143.450,0.000,0.000,17.580,44.800,120.970,132.100,0.242,0.099,1,1,1
27107,0.000,-0.500,0.000,0.000,138.130,122.730,147.000,0.000,0.000,17.750,44.800,120.970,130.100,0.243,0.082,1,1,1
27307,0.000,-0.500,0.000,0.000,138.130,122.730,147.000,0.000,0.000,17.750,44.800,120.970,128.000,0.252,0.029,1,1,1
27407,0.000,-0.500,0.000,0.000,138.130,122.730,152.330,0.000,0.000,17.750,44.800,120.970,124.100,0.252,0.003,1,1,1
27507,0.000,-0.500,0.000,0.000,138.130,122.730,152.330,0.000,0.000,17.750,44.800,120.970,122.300,0.254,-0.102,1,1,1
27607,0.000,-0.500,0.000,0.000,138.130,122.730,155.830,0.000,0.000,17.500,44.800,120.970,120.200,0.255,-0.041,1,1,1
27807,0.000,-0.500,0.000,0.000,138.130,122.730,155.830,0.000,0.000,17.500,44.800,120.970,118.100,0.263,0.125,1,1,1
27907,0.000,0.500,0.000,0.000,138.130,122.730,161.230,0.000,0.000,18.000,44.800,120.970,113.500,0.264,-0.023,1,1,1
28007,0.000,0.500,0.000,0.000,138.130,122.730,161.230,0.000,0.000,18.000,44.800,120.970,111.400,0.264,-0.041,1,1,1
28107,0.000,0.500,0.000,0.000,138.130,122.730,162.280,0.000,0.000,5.250,44.800,120.970,111.800,0.268,-0.410,1,1,1
28307,0.000,0.500,0.000,0.000,138.130,122.730,162.280,0.000,0.000,5.250,44.800,120.970,116.700,0.259,0.020,1,1,1
28407,0.000,0.500,0.000,0.000,138.130,122.730,152.180,0.000,0.000,-33.670,44.800,120.970,124.600,0.259,-0.234,1,1,1
28507,0.000,0.500,0.000,0.000,138.130,122.730,152.180,0.000,0.000,-33.670,44.800,120.970,128.000,0.262,0.056,1,1,1
28607,0.000,0.500,0.000,0.000,138.130,122.730,145.680,0.000,0.000,-32.500,44.800,120.970,131.400,0.263,0.046,1,1,1
28807,0.000,0.500,0.000,0.000,138.130,122.730,145.680,0.000,0.000,-32.500,44.800,120.970,134.800,0.267,0.029,1,1,1
28907,0.000,0.500,0.000,0.000,138.130,122.750,136.330,0.000,0.080,-31.170,44.800,120.960,140.900,0.270,0.038,1,1,1
29007,0.000,0.500,0.000,0.000,138.130,122.750,136.330,0.000,0.080,-31.170,44.800,120.960,144.100,0.273,0.047,1,1,1
29107,0.000,0.500,0.000,0.000,138.130,122.750,130.100,0.000,0.000,-31.130,44.800,120.960,147.300,0.274,0.020,1,1,1
29307,0.000,0.500,0.000,0.000,138.130,122.750,130.100,0.000,0.000,-31.130,44.800,120.960,152.500,0.271,0.003,1,1,1
29407,0.000,0.500,0.000,0.000,138.130,122.750,120.750,0.000,0.000,-31.170,44.800,120.960,155.800,0.272,-0.050,1,1,1
29507,0.000,0.500,0.000,0.000,138.130,122.750,120.750,0.000,0.000,-31.170,44.800,120.960,158.300,0.274,0.090,1,1,1
29607,0.000,0.500,0.000,0.000,138.130,122.750,114.700,0.000,0.000,-30.250,44.800,120.960,161.300,0.278,-0.137,1,1,1
29807,0.000,0.500,0.000,0.000,138.130,122.750,114.700,0.000,0.000,-30.250,44.800,120.960,163.900,0.281,0.055,1,1,1
29907,0.000,0.500,0.000,0.000,138.130,122.750,105.430,0.000,0.000,-30.920,44.800,120.960,169.300,0.283,0.081,1,1,1
30007,0.000,0.500,0.000,0.000,138.130,122.750,105.430,0.000,0.000,-30.920,44.800,120.960,172.100,0.286,-0.059,1,1,1
30107,0.000,-0.500,0.000,0.000,138.130,122.750,99.280,0.000,0.000,-30.750,44.800,120.960,175.000,0.288,-0.216,1,1,1
30307,0.000,-0.500,0.000,0.000,138.130,122.750,99.280,0.000,0.000,-30.750,44.800,120.960,177.800,0.248,-0.481,1,1,1
30407,0.000,-0.500,0.000,0.000,138.130,122.750,98.950,0.000,0.000,-1.080,44.800,120.960,176.100,0.251,0.030,1,1,1
30507,0.000,-0.500,0.000,0.000,138.130,122.750,98.950,0.000,0.000,-1.080,44.800,120.960,174.800,0.250,0.056,1,1,1
30607,0.000,-0.500,0.000,0.000,138.130,122.750,102.330,0.000,0.000,16.880,44.800,120.960,172.900,0.253,-0.024,1,1,1
30807,0.000,-0.500,0.000,0.000,138.130,122.750,102.330,0.000,0.000,16.880,44.800,120.960,171.300,0.257,-0.006,1,1,1
30907,0.000,-0.500,0.000,0.000,138.130,122.750,107.730,0.000,0.000,18.000,44.800,120.960,167.900,0.257,-0.068,1,1,1
31007,0.000,-0.500,0.000,0.000,138.130,122.750,107.730,0.000,0.000,18.000,44.800,120.960,166.300,0.261,0.029,1,1,1
31107,0.000,-0.500,0.000,0.000,138.130,122.750,111.400,0.000,0.000,18.380,44.800,120.960,164.500,0.264,0.020,1,1,1
31307,0.000,-0.500,0.000,0.000,138.130,122.750,111.400,0.000,0.000,18.380,44.800,120.960,162.900,0.274,0.081,1,1,1
31407,0.000,-0.500,0.000,0.000,138.130,122.750,116.650,0.000,0.000,17.560,44.800,120.960,159.700,0.277,0.090,1,1,1
31507,0.000,-0.500,0.000,0.000,138.130,122.750,116.650,0.000,0.000,17.560,44.800,120.960,158.100,0.277,0.046,1,1,1
31607,0.000,-0.500,0.000,0.000,138.130,122.750,120.180,0.000,0.000,17.540,44.800,120.960,156.500,0.279,0.038,1,1,1
31807,0.000,-0.500,0.000,0.000,138.130,122.750,120.180,0.000,0.000,17.540,44.800,120.960,154.900,0.281,0.029,1,1,1
31907,0.000,-0.500,0.000,0.000,138.130,122.780,125.530,0.000,0.080,17.890,44.800,120.950,151.500,0.283,0.126,1,1,1
32007,0.000,-0.500,0.000,0.000,138.130,122.780,125.530,0.000,0.080,17.890,44.800,120.950,150.000,0.284,0.038,1,1,1
32107,0.000,-0.500,0.000,0.000,138.130,122.780,129.180,0.000,0.000,18.160,44.800,120.950,148.300,0.285,0.029,1,1,1
32307,0.000,-0.500,0.000,0.000,138.130,122.780,129.180,0.000,0.000,18.160,44.800,120.950,146.700,0.291,0.038,1,1,1
32407,0.000,-0.500,0.000,0.000,138.130,122.780,134.580,0.000,0.000,18.060,44.800,120.950,143.800,0.292,-0.050,1,1,1
32507,0.000,-0.500,0.000,0.000,138.130,122.780,134.580,0.000,0.000,18.060,44.800,120.950,141.800,0.294,-0.067,1,1,1
32607,0.000,-0.500,0.000,0.000,138.130,122.780,138.180,0.000,0.000,17.910,44.800,120.950,139.800,0.297,0.012,1,1,1
32807,0.000,-0.500,0.000,0.000,138.130,122.780,138.180,0.000,0.000,17.910,44.800,120.950,138.000,0.306,0.063,1,1,1
32907,0.000,-0.500,0.000,0.000,138.130,122.780,143.480,0.000,0.000,17.670,44.800,120.950,134.200,0.309,0.099,1,1,1
33007,0.000,-0.500,0.000,0.000,138.130,122.780,143.480,0.000,0.000,17.670,44.800,120.950,132.100,0.311,0.117,1,1,1
33107,0.000,-0.500,0.000,0.000,138.130,122.780,147.030,0.000,0.000,17.750,44.800,120.950,130.100,0.312,-0.068,1,1,1
33307,0.000,-0.500,0.000,0.000,138.130,122.780,147.030,0.000,0.000,17.750,44.800,120.950,128.000,0.320,0.073,1,1,1
33407,0.000,-0.500,0.000,0.000,138.130,122.780,152.380,0.000,0.000,17.830,44.800,120.950,124.100,0.322,0.125,1,1,1
33507,0.000,-0.500,0.000,0.000,138.130,122.780,152.380,0.000,0.000,17.830,44.800,120.950,122.300,0.323,0.011,1,1,1
33607,0.000,-0.500,0.000,0.000,138.130,122.780,155.880,0.000,0.000,17.500,44.800,120.950,120.100,0.324,-0.041,1,1,1
33807,0.000,-0.500,0.000,0.000,138.130,122.780,155.880,0.000,0.000,17.500,44.800,120.950,118.000,0.325,0.011,1,1,1
33907,0.000,0.700,0.000,0.000,138.130,122.780,161.280,0.000,0.000,18.000,44.800,120.950,113.400,0.328,0.011,1,1,1
34007,0.000,0.700,0.000,0.000,138.130,122.780,161.280,0.000,0.000,18.000,44.800,120.950,111.300,0.328,0.310,1,1,1
34107,0.000,0.700,0.000,0.000,138.130,122.780,161.580,0.000,0.000,1.500,44.800,120.950,113.100,0.333,0.292,1,1,1
34307,0.000,0.700,0.000,0.000,138.130,122.780,161.580,0.000,0.000,1.500,44.800,120.950,118.300,0.333,-0.041,1,1,1
34407,0.000,0.700,0.000,0.000,138.130,122.800,149.530,0.000,0.080,-40.170,44.800,120.940,127.100,0.335,0.090,1,1,1
34507,0.000,0.700,0.000,0.000,138.130,122.800,149.530,0.000,0.080,-40.170,44.800,120.940,131.300,0.337,-0.033,1,1,1
34607,0.000,0.700,0.000,0.000,138.130,122.800,142.000,0.000,0.000,-37.630,44.800,120.940,135.200,0.339,0.046,1,1,1
34807,0.000,0.700,0.000,0.000,138.130,122.800,142.000,0.000,0.000,-37.630,44.800,120.940,139.100,0.350,0.090,1,1,1
34907,0.000,0.700,0.000,0.000,138.130,122.800,130.700,0.000,0.000,-37.670,44.800,120.940,146.400,0.352,0.002,1,1,1
35007,0.000,0.700,0.000,0.000,138.130,122.800,130.700,0.000,0.000,-37.670,44.800,120.940,150.000,0.353,0.002,1,1,1
35107,0.000,0.700,0.000,0.000,138.130,122.800,123.230,0.000,0.000,-37.380,44.800,120.940,153.400,0.358,0.037,1,1,1
35307,0.000,0.700,0.000,0.000,138.130,122.800,123.230,0.000,0.000,-37.380,44.800,120.940,156.500,0.358,-0.006,1,1,1
35407,0.000,0.700,0.000,0.000,138.130,122.800,112.250,0.000,0.000,-36.580,44.800,120.940,163.100,0.359,0.134,1,1,1
35507,0.000,0.700,0.000,0.000,138.130,122.800,112.250,0.000,0.000,-36.580,44.800,120.940,166.300,0.361,0.134,1,1,1
35607,0.000,0.700,0.000,0.000,138.130,122.800,104.900,0.000,0.000,-36.750,44.800,120.940,169.600,0.363,-0.059,1,1,1
35807,0.000,0.700,0.000,0.000,138.130,122.800,104.900,0.000,0.000,-36.750,44.800,120.940,173.000,0.367,0.029,1,1,1
35907,0.000,-0.700,0.000,0.000,138.130,122.800,93.980,0.000,0.000,-36.420,44.800,120.940,179.600,0.368,-0.156,1,1,1
36007,0.000,-0.700,0.000,0.000,138.130,122.800,93.980,0.000,0.000,-36.420,44.800,120.940,182.700,0.371,0.239,1,1,1
36107,0.000,-0.700,0.000,0.000,138.130,122.800,91.630,0.000,0.000,-11.750,44.800,120.940,182.700,0.374,0.072,1,1,1
36307,0.000,-0.700,0.000,0.000,138.130,122.800,91.630,0.000,0.000,-11.750,44.800,120.940,180.800,0.374,0.002,1,1,1
36407,0.000,-0.700,0.000,0.000,138.130,122.800,97.800,0.000,0.000,20.580,44.800,120.940,177.000,0.375,-0.059,1,1,1
36507,0.000,-0.700,0.000,0.000,138.130,122.800,97.800,0.000,0.000,20.580,44.800,120.940,175.100,0.381,0.090,1,1,1
36607,0.000,-0.700,0.000,0.000,138.130,122.800,102.050,0.000,0.000,21.250,44.800,120.940,172.700,0.382,0.011,1,1,1
36807,0.000,-0.700,0.000,0.000,138.130,122.800,102.050,0.000,0.000,21.250,44.800,120.940,170.800,0.372,-0.095,1,1,1
36907,0.000,-0.700,0.000,0.000,138.130,122.800,108.750,0.000,0.000,22.330,44.800,120.940,166.500,0.377,-0.103,1,1,1
37007,0.000,-0.700,0.000,0.000,138.130,122.800,108.750,0.000,0.000,22.330,44.800,120.940,164.600,0.377,0.011,1,1,1
37107,0.000,-0.700,0.000,0.000,138.130,122.800,113.150,0.000,0.000,22.000,44.800,120.940,162.700,0.379,0.046,1,1,1
37307,0.000,-0.700,0.000,0.000,138.130,122.800,113.150,0.000,0.000,22.000,44.800,120.940,160.600,0.391,0.090,1,1,1
37407,0.000,-0.700,0.000,0.000,138.130,122.800,119.680,0.000,0.000,21.750,44.800,120.940,156.900,0.393,0.107,1,1,1
37507,0.000,-0.700,0.000,0.000,138.130,122.800,119.680,0.000,0.000,21.750,44.800,120.940,155.100,0.395,0.002,1,1,1
37607,0.000,-0.700,0.000,0.000,138.130,122.800,124.130,0.000,0.000,22.250,44.800,120.940,153.500,0.397,-0.042,1,1,1
37807,0.000,-0.700,0.000,0.000,138.130,122.800,124.130,0.000,0.000,22.250,44.800,120.940,154.300,0.405,0.054,1,1,1
37907,0.000,-0.700,0.000,0.000,138.130,122.800,130.800,0.000,0.000,22.250,44.800,120.940,153.600,0.405,-0.024,1,1,1
38007,0.000,-0.700,0.000,0.000,138.130,122.800,130.800,0.000,0.000,22.250,44.800,120.940,150.500,0.408,0.186,1,1,1
38107,0.000,-0.700,0.000,0.000,138.130,122.800,135.250,0.000,0.000,22.250,44.800,120.940,147.200,0.409,0.054,1,1,1
38307,0.000,-0.700,0.000,0.000,138.130,122.800,135.250,0.000,0.000,22.250,44.800,120.940,143.000,0.412,0.028,1,1,1
38407,0.000,-0.700,0.000,0.000,138.130,122.830,141.850,0.000,0.080,22.000,44.800,120.920,136.200,0.417,-0.051,1,1,1
38507,0.000,-0.700,0.000,0.000,138.130,122.830,141.850,0.000,0.080,22.000,44.800,120.920,133.700,0.419,0.134,1,1,1
38607,0.000,-0.700,0.000,0.000,138.130,122.830,146.230,0.000,0.000,21.880,44.800,120.920,131.200,0.418,-0.060,1,1,1
38807,0.000,-0.700,0.000,0.000,138.130,122.830,146.230,0.000,0.000,21.880,44.800,120.920,128.600,0.414,-0.068,1,1,1
38907,0.000,-0.700,0.000,0.000,138.130,122.830,152.800,0.000,0.000,21.920,44.800,120.920,123.800,0.415,0.020,1,1,1
39007,0.000,-0.700,0.000,0.000,138.130,122.830,152.800,0.000,0.000,21.920,44.800,120.920,121.300,0.417,0.011,1,1,1
39107,0.000,-0.700,0.000,0.000,138.130,122.830,157.130,0.000,0.000,21.630,44.800,120.920,118.700,0.419,0.177,1,1,1
39307,0.000,-0.700,0.000,0.000,138.130,122.830,157.130,0.000,0.000,21.630,44.800,120.920,115.800,0.428,0.063,1,1,1
39407,0.000,0.700,0.000,0.000,138.130,122.830,163.730,0.000,0.000,22.000,44.800,120.920,110.100,0.431,0.020,1,1,1
39507,0.000,0.700,0.000,0.000,138.130,122.830,163.730,0.000,0.000,22.000,44.800,120.920,107.100,0.432,0.311,1,1,1
39607,0.000,0.700,0.000,0.000,138.130,122.830,165.500,0.000,0.000,8.880,44.800,120.920,107.300,0.437,-0.550,1,1,1
39807,0.000,0.700,0.000,0.000,138.130,122.830,165.500,0.000,0.000,8.880,44.800,120.920,113.100,0.415,-0.165,1,1,1
39907,0.000,0.700,0.000,0.000,138.130,122.830,153.630,0.000,0.000,-39.720,44.800,120.920,124.200,0.419,-0.191,1,1,1
40007,0.000,0.700,0.000,0.000,138.130,122.830,153.630,0.000,0.000,-39.720,44.800,120.920,129.100,0.420,0.161,1,1,1
40107,0.000,0.700,0.000,0.000,138.130,122.830,145.880,0.000,0.000,-38.560,44.800,120.920,133.800,0.420,0.072,1,1,1
40307,0.000,0.700,0.000,0.000,138.130,122.830,145.880,0.000,0.000,-38.560,44.800,120.920,138.300,0.418,-0.042,1,1,1
40407,0.000,0.700,0.000,0.000,138.130,122.830,134.730,0.000,0.000,-37.170,44.800,120.920,142.400,0.421,0.011,1,1,1
40507,0.000,0.700,0.000,0.000,138.130,122.830,134.730,0.000,0.000,-37.170,44.800,120.920,146.000,0.423,0.081,1,1,1
40607,0.000,0.700,0.000,0.000,138.130,122.830,127.230,0.000,0.000,-37.500,44.800,120.920,149.700,0.423,0.037,1,1,1
40807,0.000,0.700,0.000,0.000,138.130,122.830,127.230,0.000,0.000,-37.500,44.800,120.920,153.000,0.416,-0.104,1,1,1
40907,0.000,0.700,0.000,0.000,138.130,122.830,116.300,0.000,0.000,-36.420,44.800,120.920,159.600,0.419,0.072,1,1,1
41007,0.000,0.700,0.000,0.000,138.130,122.830,116.300,0.000,0.000,-36.420,44.800,120.920,162.800,0.421,0.002,1,1,1
41107,0.000,0.700,0.000,0.000,138.130,122.830,108.930,0.000,0.000,-36.880,44.800,120.920,166.100,0.423,0.072,1,1,1
41307,0.000,0.700,0.000,0.000,138.130,122.830,108.930,0.000,0.000,-36.880,44.800,120.920,169.300,0.437,0.107,1,1,1
41407,0.000,-0.700,0.000,0.000,138.100,122.850,97.930,-0.080,0.080,-36.670,44.800,120.910,176.000,0.438,-0.016,1,1,1
41507,0.000,-0.700,0.000,0.000,138.100,122.850,97.930,-0.080,0.080,-36.670,44.800,120.910,179.000,0.436,0.116,1,1,1
41607,0.000,-0.700,0.000,0.000,138.130,122.850,95.880,0.130,0.000,-10.250,44.800,120.910,178.400,0.439,-0.165,1,1,1
41807,0.000,-0.700,0.000,0.000,138.130,122.850,95.880,0.130,0.000,-10.250,44.800,120.910,176.800,0.436,-0.033,1,1,1
41907,0.000,-0.700,0.000,0.000,138.100,122.850,102.230,-0.080,0.000,21.170,44.800,120.910,172.700,0.440,0.125,1,1,1
42007,0.000,-0.700,0.000,0.000,138.100,122.850,102.230,-0.080,0.000,21.170,44.800,120.910,170.800,0.442,-0.016,1,1,1
42107,0.000,-0.700,0.000,0.000,138.100,122.850,106.530,0.000,0.000,21.500,44.800,120.910,168.700,0.441,0.055,1,1,1
42307,0.000,-0.700,0.000,0.000,138.100,122.850,106.530,0.000,0.000,21.500,44.800,120.910,166.700,0.461,0.168,1,1,1
42407,0.000,-0.700,0.000,0.000,138.100,122.850,113.130,0.000,0.000,22.000,44.800,120.910,162.700,0.464,-0.025,1,1,1
42507,0.000,-0.700,0.000,0.000,138.100,122.850,113.130,0.000,0.000,22.000,44.800,120.910,160.800,0.465,0.036,1,1,1
42607,0.000,-0.700,0.000,0.000,138.100,122.850,117.400,0.000,0.000,21.380,44.800,120.910,159.200,0.467,-0.103,1,1,1
42807,0.000,-0.700,0.000,0.000,138.100,122.850,117.400,0.000,0.000,21.380,44.800,120.910,159.200,0.467,-0.025,1,1,1
42907,0.000,-0.700,0.000,0.000,138.100,122.850,123.950,0.000,0.000,21.830,44.800,120.910,154.900,0.467,0.071,1,1,1
43007,0.000,-0.700,0.000,0.000,138.100,122.850,123.950,0.000,0.000,21.830,44.800,120.910,153.000,0.468,0.037,1,1,1
43107,0.000,-0.700,0.000,0.000,138.100,122.850,128.350,0.000,0.000,22.000,44.800,120.910,151.400,0.471,0.133,1,1,1
43307,0.000,-0.700,0.000,0.000,138.100,122.850,128.350,0.000,0.000,22.000,44.800,120.910,149.700,0.473,0.010,1,1,1
43407,0.000,-0.700,0.000,0.000,138.100,122.850,134.930,0.000,0.000,21.920,44.800,120.910,143.000,0.476,0.028,1,1,1
43507,0.000,-0.700,0.000,0.000,138.100,122.850,134.930,0.000,0.000,21.920,44.800,120.910,140.900,0.477,-0.086,1,1,1
43607,0.000,-0.700,0.000,0.000,138.100,122.850,139.280,0.000,0.000,21.750,44.800,120.910,138.600,0.479,0.010,1,1,1
43807,0.000,-0.700,0.000,0.000,138.100,122.850,139.280,0.000,0.000,21.750,44.800,120.910,136.200,0.477,-0.042,1,1,1
43907,0.000,-0.700,0.000,0.000,138.100,122.850,145.750,0.000,0.000,21.580,44.800,120.910,131.600,0.479,-0.051,1,1,1
44007,0.000,-0.700,0.000,0.000,138.100,122.850,145.750,0.000,0.000,21.580,44.800,120.910,129.200,0.481,0.151,1,1,1
44107,0.000,-0.700,0.000,0.000,138.100,122.850,150.100,0.000,0.000,21.750,44.800,120.910,126.700,0.481,-0.165,1,1,1
44307,0.000,-0.700,0.000,0.000,138.100,122.850,150.100,0.000,0.000,21.750,44.800,120.910,124.300,0.491,0.063,1,1,1
44407,0.000,-0.700,0.000,0.000,138.100,122.850,156.550,0.000,0.000,21.500,44.800,120.910,119.300,0.492,0.124,1,1,1
44507,0.000,-0.700,0.000,0.000,138.100,122.850,156.550,0.000,0.000,21.500,44.800,120.910,116.800,0.493,0.106,1,1,1
44607,0.000,0.700,0.000,0.000,138.100,122.850,160.900,0.000,0.000,21.750,44.800,120.910,114.000,0.493,-0.043,1,1,1
44807,0.000,0.700,0.000,0.000,138.100,122.850,160.900,0.000,0.000,21.750,44.800,120.910,111.200,0.408,-0.789,1,1,1
44907,0.000,0.700,0.000,0.000,138.100,122.880,158.380,0.000,0.080,-8.420,44.800,120.900,117.600,0.410,-0.147,1,1,1
45007,0.000,0.700,0.000,0.000,138.100,122.880,158.380,0.000,0.080,-8.420,44.800,120.900,122.400,0.408,0.142,1,1,1
45107,0.000,0.700,0.000,0.000,138.100,122.880,150.180,0.000,0.000,-41.000,44.800,120.900,126.500,0.411,-0.042,1,1,1
45307,0.000,0.700,0.000,0.000,138.100,122.880,150.180,0.000,0.000,-41.000,44.800,120.900,130.700,0.424,0.106,1,1,1
45407,0.000,0.700,0.000,0.000,138.100,122.880,138.730,0.000,0.000,-38.170,44.800,120.900,138.900,0.424,-0.139,1,1,1
45507,0.000,0.700,0.000,0.000,138.100,122.880,138.730,0.000,0.000,-38.170,44.800,120.900,142.300,0.425,-0.025,1,1,1
45607,0.000,0.700,0.000,0.000,138.100,122.880,131.180,0.000,0.000,-37.750,44.800,120.900,145.900,0.426,0.107,1,1,1
45807,0.000,0.700,0.000,0.000,138.100,122.880,131.180,0.000,0.000,-37.750,44.800,120.900,149.600,0.428,0.019,1,1,1
45907,0.000,0.700,0.000,0.000,138.100,122.880,119.930,0.000,0.000,-37.500,44.800,120.900,157.000,0.428,-0.043,1,1,1
46007,0.000,0.700,0.000,0.000,138.100,122.880,119.930,0.000,0.000,-37.500,44.800,120.900,160.200,0.427,-0.086,1,1,1
46107,0.000,0.700,0.000,0.000,138.100,122.880,112.600,0.000,0.000,-36.630,44.800,120.900,162.900,0.432,-0.069,1,1,1
46307,0.000,0.700,0.000,0.000,138.100,122.880,112.600,0.000,0.000,-36.630,44.800,120.900,166.300,0.444,0.089,1,1,1
46407,0.000,0.700,0.000,0.000,138.100,122.880,101.530,0.000,0.000,-36.920,44.800,120.900,172.600,0.446,0.089,1,1,1
46507,0.000,0.700,0.000,0.000,138.100,122.880,101.530,0.000,0.000,-36.920,44.800,120.900,176.000,0.447,-0.156,1,1,1
46607,0.000,-0.700,0.000,0.000,138.100,122.880,94.250,0.000,0.000,-36.380,44.800,120.900,179.300,0.447,-0.086,1,1,1
46807,0.000,-0.700,0.000,0.000,138.100,122.880,94.250,0.000,0.000,-36.380,44.800,120.900,182.700,0.476,0.238,1,1,1
46907,0.000,-0.700,0.000,0.000,138.100,122.880,93.580,0.000,0.000,-2.250,44.800,120.900,180.700,0.477,0.212,1,1,1
47007,0.000,-0.700,0.000,0.000,138.100,122.880,93.580,0.000,0.000,-2.250,44.800,120.900,179.100,0.478,-0.078,1,1,1
47107,0.000,-0.700,0.000,0.000,138.100,122.880,97.930,0.000,0.000,21.750,44.800,120.900,176.900,0.479,0.001,1,1,1
47307,0.000,-0.700,0.000,0.000,138.100,122.880,97.930,0.000,0.000,21.750,44.800,120.900,174.800,0.484,0.028,1,1,1
47407,0.000,-0.700,0.000,0.000,138.100,122.880,104.500,0.000,0.000,21.920,44.800,120.900,170.600,0.483,-0.016,1,1,1
47507,0.000,-0.700,0.000,0.000,138.100,122.880,104.500,0.000,0.000,21.920,44.800,120.900,168.500,0.482,-0.007,1,1,1
47607,0.000,-0.700,0.000,0.000,138.100,122.880,109.050,0.000,0.000,22.750,44.800,120.900,166.300,0.484,-0.078,1,1,1
47807,0.000,-0.700,0.000,0.000,138.100,122.880,109.050,0.000,0.000,22.750,44.800,120.900,164.200,0.483,-0.034,1,1,1
47907,0.000,-0.700,0.000,0.000,138.100,122.900,115.730,0.000,0.080,22.250,44.800,120.890,160.400,0.483,-0.016,1,1,1
48007,0.000,-0.700,0.000,0.000,138.100,122.900,115.730,0.000,0.080,22.250,44.800,120.890,158.300,0.486,0.037,1,1,1
48107,0.000,-0.700,0.000,0.000,138.100,122.900,120.180,0.000,0.000,22.250,44.800,120.890,156.500,0.487,-0.007,1,1,1
48307,0.000,-0.700,0.000,0.000,138.100,122.900,120.180,0.000,0.000,22.250,44.800,120.890,154.600,0.493,0.045,1,1,1
48407,0.000,-0.700,0.000,0.000,138.100,122.900,126.950,0.000,0.000,22.660,44.800,120.890,153.800,0.496,0.071,1,1,1
48507,0.000,-0.700,0.000,0.000,138.100,122.900,126.950,0.000,0.000,22.660,44.800,120.890,148.100,0.497,0.045,1,1,1
48607,0.000,-0.700,0.000,0.000,138.100,122.900,131.500,0.000,0.000,22.640,44.800,120.890,145.700,0.499,0.028,1,1,1
48807,0.000,-0.700,0.000,0.000,138.100,122.900,131.500,0.000,0.000,22.640,44.800,120.890,143.600,0.527,0.220,1,1,1
48907,0.000,-0.700,0.000,0.000,138.100,122.900,138.180,0.000,0.000,22.320,44.800,120.890,139.400,0.528,0.063,1,1,1
49007,0.000,-0.700,0.000,0.000,138.100,122.900,138.180,0.000,0.000,22.320,44.800,120.890,137.500,0.529,0.133,1,1,1
49107,0.000,-0.700,0.000,0.000,138.100,122.900,142.680,0.000,0.000,22.500,44.800,120.890,135.200,0.534,0.071,1,1,1
49307,0.000,-0.700,0.000,0.000,138.100,122.900,142.680,0.000,0.000,22.500,44.800,120.890,132.800,0.550,0.116,1,1,1
49407,0.000,-0.700,0.000,0.000,138.100,122.900,149.350,0.000,0.000,22.180,44.800,120.890,127.800,0.550,-0.060,1,1,1
49507,0.000,-0.700,0.000,0.000,138.100,122.900,149.350,0.000,0.000,22.180,44.800,120.890,125.100,0.551,-0.086,1,1,1
49607,0.000,-0.700,0.000,0.000,138.100,122.900,153.800,0.000,0.000,22.250,44.800,120.890,122.700,0.552,-0.051,1,1,1
49807,0.000,-0.700,0.000,0.000,138.100,122.900,153.800,0.000,0.000,22.250,44.800,120.890,120.000,0.549,-0.025,1,1,1
49907,0.000,0.700,0.000,0.000,138.100,122.900,160.450,0.000,0.000,22.170,44.800,120.890,114.500,0.551,-0.069,1,1,1
50007,0.000,0.700,0.000,0.000,138.100,122.900,160.450,0.000,0.000,22.170,44.800,120.890,111.800,0.552,-0.068,1,1,1
50107,0.000,0.700,0.000,0.000,138.100,122.900,161.230,0.000,0.000,3.880,44.800,120.890,113.700,0.554,0.194,1,1,1
50307,0.000,0.700,0.000,0.000,138.100,122.900,161.230,0.000,0.000,3.880,44.800,120.890,118.900,0.575,0.132,1,1,1
50407,0.000,0.700,0.000,0.000,138.100,122.930,149.380,0.000,0.080,-39.500,44.800,120.870,127.400,0.575,0.150,1,1,1
50507,0.000,0.700,0.000,0.000,138.100,122.930,149.380,0.000,0.080,-39.500,44.800,120.870,131.400,0.581,-0.122,1,1,1
50607,0.000,0.700,0.000,0.000,138.100,122.930,142.000,0.000,0.000,-36.880,44.800,120.870,135.200,0.583,0.124,1,1,1
50807,0.000,0.700,0.000,0.000,138.100,122.930,142.000,0.000,0.000,-36.880,44.800,120.870,139.100,0.599,0.159,1,1,1
50907,0.000,0.700,0.000,0.000,138.100,122.930,130.950,0.000,0.000,-36.830,44.800,120.870,146.100,0.605,-0.016,1,1,1
51007,0.000,0.700,0.000,0.000,138.100,122.930,130.950,0.000,0.000,-36.830,44.800,120.870,149.600,0.605,0.238,1,1,1
51107,0.000,0.700,0.000,0.000,138.100,122.930,123.600,0.000,0.000,-36.750,44.800,120.870,152.900,0.609,-0.165,1,1,1
51307,0.000,0.700,0.000,0.000,138.100,122.930,123.600,0.000,0.000,-36.750,44.800,120.870,156.300,0.612,0.018,1,1,1
51407,0.000,0.700,0.000,0.000,138.100,122.930,112.850,0.000,0.000,-35.830,44.800,120.870,162.800,0.616,0.071,1,1,1
51507,0.000,0.700,0.000,0.000,138.100,122.930,112.850,0.000,0.000,-35.830,44.800,120.870,166.100,0.616,-0.034,1,1,1
51607,0.000,0.700,0.000,0.000,138.100,122.930,105.630,0.000,0.000,-36.130,44.800,120.870,169.200,0.616,-0.157,1,1,1
51807,0.000,0.700,0.000,0.000,138.100,122.930,105.630,0.000,0.000,-36.130,44.800,120.870,172.700,0.621,0.045,1,1,1
51907,0.000,-0.700,0.000,0.000,138.100,122.930,94.980,0.000,0.000,-35.500,44.800,120.870,179.100,0.620,0.036,1,1,1
52007,0.000,-0.700,0.000,0.000,138.100,122.930,94.980,0.000,0.000,-35.500,44.800,120.870,182.100,0.623,0.246,1,1,1
52107,0.000,-0.700,0.000,0.000,138.100,122.930,92.700,0.000,0.000,-11.380,44.800,120.870,182.400,0.626,0.045,1,1,1
52307,0.000,-0.700,0.000,0.000,138.100,122.930,92.700,0.000,0.000,-11.380,44.800,120.870,180.600,0.625,-0.016,1,1,1
52407,0.000,-0.700,0.000,0.000,138.100,122.930,98.850,0.000,0.000,20.500,44.800,120.870,176.500,0.627,0.028,1,1,1
52507,0.000,-0.700,0.000,0.000,138.100,122.930,98.850,0.000,0.000,20.500,44.800,120.870,174.300,0.635,0.027,1,1,1
52607,0.000,-0.700,0.000,0.000,138.100,122.930,103.150,0.000,0.000,21.500,44.800,120.870,172.500,0.634,0.089,1,1,1
52807,0.000,-0.700,0.000,0.000,138.100,122.930,103.150,0.000,0.000,21.500,44.800,120.870,170.600,0.642,0.071,1,1,1
52907,0.000,-0.700,0.000,0.000,138.100,122.930,109.880,0.000,0.000,22.420,44.800,120.870,167.200,0.646,0.062,1,1,1
53007,0.000,-0.700,0.000,0.000,138.100,122.930,109.880,0.000,0.000,22.420,44.800,120.870,165.000,0.648,0.027,1,1,1
53107,0.000,-0.700,0.000,0.000,138.080,122.930,114.280,-0.130,0.000,22.000,44.800,120.870,162.800,0.649,0.071,1,1,1
53307,0.000,-0.700,0.000,0.000,138.080,122.930,114.280,-0.130,0.000,22.000,44.800,120.870,160.600,0.655,0.028,1,1,1
53407,0.000,-0.700,0.000,0.000,138.080,122.930,120.880,0.000,0.000,22.000,44.800,120.870,156.100,0.658,0.001,1,1,1
53507,0.000,-0.700,0.000,0.000,138.080,122.930,120.880,0.000,0.000,22.000,44.800,120.870,154.100,0.659,0.071,1,1,1
53607,0.000,-0.700,0.000,0.000,138.080,122.930,125.350,0.000,0.000,22.380,44.800,120.870,152.000,0.662,0.080,1,1,1
53807,0.000,-0.700,0.000,0.000,138.080,122.930,125.350,0.000,0.000,22.380,44.800,120.870,149.800,0.673,0.071,1,1,1
53907,0.000,-0.700,0.000,0.000,138.080,122.930,132.080,0.000,0.000,22.420,44.800,120.870,145.400,0.674,-0.017,1,1,1
54007,0.000,-0.700,0.000,0.000,138.080,122.930,132.080,0.000,0.000,22.420,44.800,120.870,143.400,0.676,0.027,1,1,1
54107,0.000,-0.700,0.000,0.000,138.080,122.930,136.480,0.000,0.000,22.000,44.800,120.870,140.800,0.678,0.010,1,1,1
54307,0.000,-0.700,0.000,0.000,138.080,122.930,136.480,0.000,0.000,22.000,44.800,120.870,138.700,0.687,-0.078,1,1,1
54407,0.000,-0.700,0.000,0.000,138.080,122.950,143.150,0.000,0.080,22.250,44.800,120.860,134.200,0.690,-0.016,1,1,1
54507,0.000,-0.700,0.000,0.000,138.080,122.950,143.150,0.000,0.080,22.250,44.800,120.860,132.000,0.690,0.028,1,1,1
54607,0.000,-0.700,0.000,0.000,138.080,122.950,147.580,0.000,0.000,22.130,44.800,120.860,129.600,0.689,0.027,1,1,1
54807,0.000,-0.700,0.000,0.000,138.080,122.950,147.580,0.000,0.000,22.130,44.800,120.860,127.200,0.701,-0.017,1,1,1
54907,0.000,-0.700,0.000,0.000,138.080,122.950,154.180,0.000,0.000,22.000,44.800,120.860,122.300,0.702,0.009,1,1,1
55007,0.000,-0.700,0.000,0.000,138.080,122.950,154.180,0.000,0.000,22.000,44.800,120.860,119.600,0.703,0.036,1,1,1
55107,0.000,-0.700,0.000,0.000,138.080,122.950,158.530,0.000,0.000,21.750,44.800,120.860,117.000,0.706,-0.034,1,1,1
55307,0.000,-0.700,0.000,0.000,138.080,122.950,158.530,0.000,0.000,21.750,44.800,120.860,114.200,0.708,-0.016,1,1,1
55407,0.000,0.700,0.000,0.000,138.080,122.950,165.180,0.000,0.000,22.170,44.800,120.860,107.900,0.709,-0.060,1,1,1
55507,0.000,0.700,0.000,0.000,138.080,122.950,165.180,0.000,0.000,22.170,44.800,120.860,104.900,0.711,0.126,1,1,1
55607,0.000,0.700,0.000,0.000,138.080,122.950,167.000,0.000,0.000,9.130,44.800,120.860,105.000,0.717,0.098,1,1,1
55807,0.000,0.700,0.000,0.000,138.080,122.950,167.000,0.000,0.000,9.130,44.800,120.860,111.200,0.690,-0.130,1,1,1
55907,0.000,0.700,0.000,0.000,138.080,122.950,155.030,0.000,0.000,-39.920,44.800,120.860,122.800,0.693,-0.069,1,1,1
56007,0.000,0.700,0.000,0.000,138.080,122.950,155.030,0.000,0.000,-39.920,44.800,120.860,127.100,0.693,0.080,1,1,1
56107,0.000,0.700,0.000,0.000,138.080,122.950,147.250,0.000,0.000,-38.880,44.800,120.860,131.300,0.694,0.080,1,1,1
56307,0.000,0.700,0.000,0.000,138.080,122.950,147.250,0.000,0.000,-38.880,44.800,120.860,134.700,0.711,-0.043,1,1,1
56407,0.000,0.700,0.000,0.000,138.080,122.950,136.000,0.000,0.000,-37.500,44.800,120.860,141.400,0.712,-0.043,1,1,1
56507,0.000,0.700,0.000,0.000,138.080,122.950,136.000,0.000,0.000,-37.500,44.800,120.860,144.800,0.714,0.080,1,1,1
56607,0.000,0.700,0.000,0.000,138.080,122.950,128.580,0.000,0.000,-37.130,44.800,120.860,148.500,0.716,-0.008,1,1,1
56807,0.000,0.700,0.000,0.000,138.080,122.950,128.580,0.000,0.000,-37.130,44.800,120.860,151.900,0.713,-0.035,1,1,1
56907,0.000,0.700,0.000,0.000,138.080,122.950,117.550,0.000,0.000,-36.870,44.800,120.860,158.500,0.713,-0.016,1,1,1
57007,0.000,0.700,0.000,0.000,138.080,122.950,117.550,0.000,0.000,-36.870,44.800,120.860,161.900,0.717,0.018,1,1,1
57107,0.000,0.700,0.000,0.000,138.080,122.950,110.130,0.000,0.000,-36.940,44.800,120.860,165.300,0.718,0.001,1,1,1
57307,0.000,0.700,0.000,0.000,138.080,122.950,110.130,0.000,0.000,-36.940,44.800,120.860,168.400,0.720,0.089,1,1,1
57407,0.000,-0.700,0.000,0.000,138.080,122.950,99.130,0.000,0.000,-36.790,44.800,120.860,175.400,0.722,0.132,1,1,1
57507,0.000,-0.700,0.000,0.000,138.080,122.950,99.130,0.000,0.000,-36.790,44.800,120.860,178.100,0.720,0.018,1,1,1
57607,0.000,-0.700,0.000,0.000,138.080,122.980,96.930,0.000,0.130,-11.000,44.800,120.850,178.000,0.721,0.036,1,1,1
57807,0.000,-0.700,0.000,0.000,138.080,122.980,96.930,0.000,0.130,-11.000,44.800,120.850,175.900,0.723,-0.043,1,1,1
57907,0.000,-0.700,0.000,0.000,138.080,122.980,103.530,0.000,0.000,22.000,44.800,120.850,171.700,0.724,0.080,1,1,1
58007,0.000,-0.700,0.000,0.000,138.080,122.980,103.530,0.000,0.000,22.000,44.800,120.850,169.600,0.725,0.062,1,1,1
58107,0.000,-0.700,0.000,0.000,138.080,122.980,107.980,0.000,0.000,22.140,44.800,120.850,167.500,0.726,0.080,1,1,1
58307,0.000,-0.700,0.000,0.000,138.080,122.980,107.980,0.000,0.000,22.140,44.800,120.850,165.400,0.726,-0.096,1,1,1
58407,0.000,-0.700,0.000,0.000,138.080,122.980,114.700,0.000,0.000,22.420,44.800,120.850,161.700,0.728,-0.025,1,1,1
58507,0.000,-0.700,0.000,0.000,138.080,122.980,114.700,0.000,0.000,22.420,44.800,120.850,159.800,0.729,-0.043,1,1,1
58607,0.000,-0.700,0.000,0.000,138.080,122.980,119.130,0.000,0.000,22.130,44.800,120.850,158.900,0.734,0.036,1,1,1
58807,0.000,-0.700,0.000,0.000,138.080,122.980,119.130,0.000,0.000,22.130,44.800,120.850,158.500,0.726,-0.052,1,1,1
58907,0.000,-0.700,0.000,0.000,138.080,122.980,125.900,0.000,0.000,22.580,44.800,120.850,158.400,0.730,0.124,1,1,1
59007,0.000,-0.700,0.000,0.000,138.080,122.980,125.900,0.000,0.000,22.580,44.800,120.850,154.900,0.733,-0.087,1,1,1
59107,0.000,-0.700,0.000,0.000,138.080,122.980,130.430,0.000,0.000,22.630,44.800,120.850,149.800,0.734,0.159,1,1,1
59307,0.000,-0.700,0.000,0.000,138.080,122.980,130.430,0.000,0.000,22.630,44.800,120.850,146.500,0.742,0.018,1,1,1
59407,0.000,-0.700,0.000,0.000,138.080,122.980,137.100,0.000,0.000,22.250,44.800,120.850,141.500,0.743,0.106,1,1,1
59507,0.000,-0.700,0.000,0.000,138.080,122.980,137.100,0.000,0.000,22.250,44.800,120.850,139.000,0.743,0.018,1,1,1
59607,0.000,-0.700,0.000,0.000,138.080,122.980,141.630,0.000,0.000,22.630,44.800,120.850,136.300,0.745,-0.052,1,1,1
59807,0.000,-0.700,0.000,0.000,138.080,122.980,141.630,0.000,0.000,22.630,44.800,120.850,133.800,0.735,-0.114,1,1,1
59907,0.000,-0.700,0.000,0.000,138.080,122.980,148.330,0.000,0.000,22.330,44.800,120.850,129.000,0.737,-0.026,1,1,1
60007,0.000,-0.700,0.000,0.000,138.080,122.980,148.330,0.000,0.000,22.330,44.800,120.850,126.200,0.738,0.098,1,1,1
60107,0.000,-0.700,0.000,0.000,138.080,122.980,152.780,0.000,0.000,22.250,44.800,120.850,123.900,0.740,-0.078,1,1,1
60307,0.000,-0.700,0.000,0.000,138.080,122.980,152.780,0.000,0.000,22.250,44.800,120.850,121.300,0.755,0.088,1,1,1
60407,0.000,-0.700,0.000,0.000,138.080,122.980,159.430,0.000,0.000,22.170,44.800,120.850,115.800,0.754,0.097,1,1,1
60507,0.000,-0.700,0.000,0.000,138.080,122.980,159.430,0.000,0.000,22.170,44.800,120.850,113.000,0.758,-0.008,1,1,1
60607,0.000,0.900,0.000,0.000,138.080,122.980,163.880,0.000,0.000,22.250,44.800,120.850,109.800,0.760,-0.008,1,1,1
60807,0.000,0.900,0.000,0.000,138.080,122.980,163.880,0.000,0.000,22.250,44.800,120.850,106.800,0.773,-0.579,1,1,1
60907,0.000,0.900,0.000,0.000,138.080,123.000,160.750,0.000,0.080,-10.420,44.800,120.840,114.600,0.779,-0.035,1,1,1
61007,0.000,0.900,0.000,0.000,138.080,123.000,160.750,0.000,0.080,-10.420,44.800,120.840,120.000,0.777,0.115,1,1,1
61107,0.000,0.900,0.000,0.000,138.080,123.000,151.730,0.000,0.000,-45.130,44.800,120.840,125.200,0.781,-0.192,1,1,1
61307,0.000,0.900,0.000,0.000,138.080,123.000,151.730,0.000,0.000,-45.130,44.800,120.840,129.800,0.786,0.000,1,1,1
61407,0.000,0.900,0.000,0.000,138.080,123.000,139.100,0.000,0.000,-42.080,44.800,120.840,138.100,0.785,-0.079,1,1,1
61507,0.000,0.900,0.000,0.000,138.080,123.000,139.100,0.000,0.000,-42.080,44.800,120.840,142.100,0.790,0.053,1,1,1
61607,0.000,0.900,0.000,0.000,138.080,123.000,130.780,0.000,0.000,-41.630,44.800,120.840,146.200,0.790,-0.052,1,1,1
61807,0.000,0.900,0.000,0.000,138.080,123.000,130.780,0.000,0.000,-41.630,44.800,120.840,150.300,0.802,0.000,1,1,1
61907,0.000,0.900,0.000,0.000,138.080,123.000,118.430,0.000,0.000,-41.170,44.800,120.840,157.800,0.804,-0.052,1,1,1
62007,0.000,0.900,0.000,0.000,138.080,123.000,118.430,0.000,0.000,-41.170,44.800,120.840,161.400,0.808,0.027,1,1,1
62107,0.000,0.900,0.000,0.000,138.080,123.000,110.150,0.000,0.000,-41.380,44.800,120.840,165.300,0.808,-0.052,1,1,1
62307,0.000,0.900,0.000,0.000,138.080,123.000,110.150,0.000,0.000,-41.380,44.800,120.840,168.700,0.816,0.132,1,1,1
62407,0.000,-0.900,0.000,0.000,138.080,123.000,97.950,0.000,0.000,-40.670,44.800,120.840,176.200,0.819,0.053,1,1,1
62507,0.000,-0.900,0.000,0.000,138.080,123.000,97.950,0.000,0.000,-40.670,44.800,120.840,179.800,0.814,-0.123,1,1,1
62607,0.000,-0.900,0.000,0.000,138.080,123.000,95.080,0.000,0.000,-14.380,44.800,120.840,179.600,0.817,-0.236,1,1,1
62807,0.000,-0.900,0.000,0.000,138.080,123.000,95.080,0.000,0.000,-14.380,44.800,120.840,176.800,0.820,0.009,1,1,1
62907,0.000,-0.900,0.000,0.000,138.080,123.000,104.730,0.000,0.000,32.170,44.800,120.840,170.400,0.818,-0.061,1,1,1
63007,0.000,-0.900,0.000,0.000,138.080,123.000,104.730,0.000,0.000,32.170,44.800,120.840,167.000,0.817,-0.070,1,1,1
63107,0.000,-0.900,0.000,0.000,138.080,123.000,111.780,0.000,0.000,35.250,44.800,120.840,163.900,0.819,0.062,1,1,1
63307,0.000,-0.900,0.000,0.000,138.080,123.000,111.780,0.000,0.000,35.250,44.800,120.840,160.700,0.820,-0.026,1,1,1
63407,0.000,-0.900,0.000,0.000,138.080,123.000,122.330,0.000,0.000,35.170,44.800,120.840,154.500,0.820,-0.105,1,1,1
63507,0.000,-0.900,0.000,0.000,138.080,123.000,122.330,0.000,0.000,35.170,44.800,120.840,151.300,0.824,0.071,1,1,1
63607,0.000,-0.900,0.000,0.000,138.080,123.000,129.430,0.000,0.000,35.500,44.800,120.840,148.000,0.825,-0.008,1,1,1
63807,0.000,-0.900,0.000,0.000,138.080,123.000,129.430,0.000,0.000,35.500,44.800,120.840,144.600,0.828,0.036,1,1,1
63907,0.000,-0.900,0.000,0.000,138.080,123.000,139.950,0.000,0.000,35.080,44.800,120.840,137.800,0.830,0.018,1,1,1
64007,0.000,-0.900,0.000,0.000,138.080,123.000,139.950,0.000,0.000,35.080,44.800,120.840,134.100,0.832,0.009,1,1,1
64107,0.000,-0.900,0.000,0.000,138.050,123.000,146.950,-0.130,0.000,35.000,44.800,120.840,130.200,0.834,-0.236,1,1,1
64307,0.000,-0.900,0.000,0.000,138.050,123.000,146.950,-0.130,0.000,35.000,44.800,120.840,126.400,0.836,0.018,1,1,1
64407,0.000,-0.900,0.000,0.000,138.050,123.030,157.380,0.000,0.080,34.750,44.800,120.830,118.200,0.837,0.044,1,1,1
64507,0.000,-0.900,0.000,0.000,138.050,123.030,157.380,0.000,0.080,34.750,44.800,120.830,114.000,0.838,0.132,1,1,1
64607,0.000,0.900,0.000,0.000,138.050,123.030,164.400,0.000,0.000,35.130,44.800,120.830,109.000,0.838,0.123,1,1,1
64807,0.000,0.900,0.000,0.000,138.050,123.030,164.400,0.000,0.000,35.130,44.800,120.830,104.000,0.843,-0.165,1,1,1
64907,0.000,0.900,0.000,0.000,138.050,123.050,162.830,0.000,0.080,-5.250,44.800,120.820,111.300,0.844,0.386,1,1,1
65007,0.000,0.900,0.000,0.000,138.050,123.050,162.830,0.000,0.080,-5.250,44.800,120.820,117.200,0.836,-0.211,1,1,1
65107,0.000,0.900,0.000,0.000,138.050,123.050,153.780,0.000,0.000,-45.250,44.800,120.820,122.700,0.838,-0.087,1,1,1
65307,0.000,0.900,0.000,0.000,138.050,123.050,153.780,0.000,0.000,-45.250,44.800,120.820,127.400,0.832,-0.149,1,1,1
65407,0.000,0.900,0.000,0.000,138.050,123.050,140.930,0.000,0.000,-42.980,44.800,120.820,136.100,0.830,0.018,1,1,1
65507,0.000,0.900,0.000,0.000,138.050,123.050,140.930,0.000,0.000,-42.980,44.800,120.820,140.400,0.832,0.035,1,1,1
65607,0.000,0.900,0.000,0.000,138.050,123.050,132.380,0.000,0.000,-42.540,44.800,120.820,144.600,0.835,0.193,1,1,1
65807,0.000,0.900,0.000,0.000,138.050,123.050,132.380,0.000,0.000,-42.540,44.800,120.820,148.600,0.840,0.097,1,1,1
65907,0.000,0.900,0.000,0.000,138.050,123.050,119.780,0.000,0.000,-42.000,44.800,120.820,156.300,0.841,0.027,1,1,1
66007,0.000,0.900,0.000,0.000,138.050,123.050,119.780,0.000,0.000,-42.000,44.800,120.820,160.200,0.843,-0.114,1,1,1
66107,0.000,0.900,0.000,0.000,138.050,123.050,111.530,0.000,0.000,-41.250,44.800,120.820,230.000,0.843,0.088,1,1,1
66307,0.000,0.900,0.000,0.000,138.050,123.050,111.530,0.000,0.000,-41.250,44.800,120.820,230.000,0.838,-0.079,1,1,1
66407,0.000,-0.900,0.000,0.000,138.050,123.050,99.100,0.000,0.000,-41.420,44.800,120.820,175.100,0.841,0.036,1,1,1
66507,0.000,-0.900,0.000,0.000,138.050,123.050,99.100,0.000,0.000,-41.420,44.800,120.820,182.500,0.840,0.079,1,1,1
66607,0.000,-0.900,0.000,0.000,138.050,123.050,96.580,0.000,0.000,-12.630,44.800,120.820,178.000,0.843,-0.087,1,1,1
66807,0.000,-0.900,0.000,0.000,138.050,123.050,96.580,0.000,0.000,-12.630,44.800,120.820,174.900,0.851,0.035,1,1,1
66907,0.000,-0.900,0.000,0.000,138.050,123.050,106.650,0.000,0.000,33.580,44.800,120.820,168.400,0.847,-0.035,1,1,1
67007,0.000,-0.900,0.000,0.000,138.050,123.050,106.650,0.000,0.000,33.580,44.800,120.820,165.100,0.847,0.070,1,1,1
67107,0.000,-0.900,0.000,0.000,138.050,123.050,113.580,0.000,0.000,34.630,44.800,120.820,162.100,0.852,0.123,1,1,1
67307,0.000,-0.900,0.000,0.000,138.050,123.050,113.580,0.000,0.000,34.630,44.800,120.820,159.200,0.855,-0.017,1,1,1
67407,0.000,-0.900,0.000,0.000,138.050,123.050,123.980,0.000,0.000,34.670,44.800,120.820,152.900,0.856,0.000,1,1,1
67507,0.000,-0.900,0.000,0.000,138.050,123.050,123.980,0.000,0.000,34.670,44.800,120.820,149.600,0.860,0.044,1,1,1
67607,0.000,-0.900,0.000,0.000,138.050,123.050,130.950,0.000,0.000,34.880,44.800,120.820,146.200,0.860,-0.017,1,1,1
67807,0.000,-0.900,0.000,0.000,138.050,123.050,130.950,0.000,0.000,34.880,44.800,120.820,143.000,0.869,0.088,1,1,1
67907,0.000,-0.900,0.000,0.000,138.050,123.050,141.330,0.000,0.000,34.580,44.800,120.820,136.200,0.866,0.044,1,1,1
68007,0.000,-0.900,0.000,0.000,138.050,123.050,141.330,0.000,0.000,34.580,44.800,120.820,132.600,0.869,0.079,1,1,1
68107,0.000,-0.900,0.000,0.000,138.050,123.050,148.180,0.000,0.000,34.250,44.800,120.820,129.000,0.872,0.079,1,1,1
68307,0.000,-0.900,0.000,0.000,138.050,123.050,148.180,0.000,0.000,34.250,44.800,120.820,125.000,0.860,-0.114,1,1,1
68407,0.000,-0.900,0.000,0.000,138.050,123.050,158.430,0.000,0.000,34.170,44.800,120.820,117.000,0.862,0.044,1,1,1
68507,0.000,-0.900,0.000,0.000,138.050,123.050,158.430,0.000,0.000,34.170,44.800,120.820,112.500,0.864,-0.079,1,1,1
68607,0.000,0.900,0.000,0.000,138.050,123.050,165.350,0.000,0.000,34.630,44.800,120.820,107.500,0.864,0.000,1,1,1
68807,0.000,0.900,0.000,0.000,138.050,123.050,165.350,0.000,0.000,34.630,44.800,120.820,102.900,0.814,-0.466,1,1,1
68907,0.000,0.900,0.000,0.000,138.050,123.080,163.230,0.000,0.080,-7.080,44.800,120.800,111.000,0.824,0.264,1,1,1
69007,0.000,0.900,0.000,0.000,138.050,123.080,163.230,0.000,0.080,-7.080,44.800,120.800,116.900,0.811,-0.288,1,1,1
69107,0.000,0.900,0.000,0.000,138.050,123.080,154.130,0.000,0.000,-45.500,44.800,120.800,122.400,0.815,-0.551,1,1,1
69307,0.000,0.900,0.000,0.000,138.050,123.080,154.130,0.000,0.000,-45.500,44.800,120.800,127.000,0.805,-0.132,1,1,1
69407,0.000,0.900,0.000,0.000,138.050,123.080,141.180,0.000,0.000,-43.170,44.800,120.800,135.900,0.805,-0.009,1,1,1
69507,0.000,0.900,0.000,0.000,138.050,123.080,141.180,0.000,0.000,-43.170,44.800,120.800,140.400,0.805,0.062,1,1,1
69607,0.000,0.900,0.000,0.000,138.050,123.080,132.630,0.000,0.000,-42.750,44.800,120.800,144.300,0.811,0.123,1,1,1
69807,0.000,0.900,0.000,0.000,138.050,123.080,132.630,0.000,0.000,-42.750,44.800,120.800,148.400,0.812,-0.009,1,1,1
69907,0.000,0.900,0.000,0.000,138.050,123.080,119.900,0.000,0.000,-42.420,44.800,120.800,156.200,0.811,0.079,1,1,1
70007,0.000,0.900,0.000,0.000,138.050,123.080,119.900,0.000,0.000,-42.420,44.800,120.800,160.100,0.814,0.097,1,1,1
70107,0.000,0.900,0.000,0.000,138.050,123.080,111.650,0.000,0.000,-41.250,44.800,120.800,163.700,0.816,0.044,1,1,1
70307,0.000,0.900,0.000,0.000,138.050,123.080,111.650,0.000,0.000,-41.250,44.800,120.800,167.800,0.820,0.035,1,1,1
70407,0.000,-0.900,0.000,0.000,138.050,123.080,99.180,0.000,0.000,-41.580,44.800,120.800,175.400,0.821,-0.096,1,1,1
70507,0.000,-0.900,0.000,0.000,138.050,123.080,99.180,0.000,0.000,-41.580,44.800,120.800,230.000,0.819,-0.140,1,1,1
70607,0.000,-0.900,0.000,0.000,138.050,123.080,96.330,0.000,0.000,-14.250,44.800,120.800,230.000,0.823,-0.088,1,1,1
70807,0.000,-0.900,0.000,0.000,138.050,123.080,96.330,0.000,0.000,-14.250,44.800,120.800,175.700,0.829,0.044,1,1,1
70907,0.000,-0.900,0.000,0.000,138.050,123.080,105.700,0.000,0.000,31.250,44.800,120.800,169.400,0.828,-0.026,1,1,1
71007,0.000,-0.900,0.000,0.000,138.050,123.080,105.700,0.000,0.000,31.250,44.800,120.800,166.200,0.829,-0.088,1,1,1
71107,0.000,-0.900,0.000,0.000,138.050,123.080,112.600,0.000,0.000,34.500,44.800,120.800,163.000,0.831,0.079,1,1,1
71307,0.000,-0.900,0.000,0.000,138.050,123.080,112.600,0.000,0.000,34.500,44.800,120.800,160.100,0.833,-0.018,1,1,1
71407,0.000,-0.900,0.000,0.000,138.050,123.080,122.950,0.000,0.000,34.500,44.800,120.800,153.700,0.834,0.061,1,1,1
71507,0.000,-0.900,0.000,0.000,138.050,123.080,122.950,0.000,0.000,34.500,44.800,120.800,150.600,0.836,-0.061,1,1,1
71607,0.000,-0.900,0.000,0.000,138.050,123.080,129.880,0.000,0.000,34.630,44.800,120.800,147.300,0.837,-0.123,1,1,1
71807,0.000,-0.900,0.000,0.000,138.050,123.080,129.880,0.000,0.000,34.630,44.800,120.800,143.800,0.837,0.018,1,1,1
71907,0.000,-0.900,0.000,0.000,138.050,123.080,140.180,0.000,0.000,34.330,44.800,120.800,137.200,0.840,0.035,1,1,1
72007,0.000,-0.900,0.000,0.000,138.050,123.080,140.180,0.000,0.000,34.330,44.800,120.800,133.800,0.837,0.061,1,1,1
72107,0.000,-0.900,0.000,0.000,138.050,123.080,147.050,0.000,0.000,34.380,44.800,120.800,130.000,0.839,0.000,1,1,1
72307,0.000,-0.900,0.000,0.000,138.050,123.080,147.050,0.000,0.000,34.380,44.800,120.800,126.300,0.840,-0.026,1,1,1
72407,0.000,-0.900,0.000,0.000,138.050,123.080,157.280,0.000,0.000,34.080,44.800,120.800,118.400,0.840,0.044,1,1,1
72507,0.000,-0.900,0.000,0.000,138.050,123.080,157.280,0.000,0.000,34.080,44.800,120.800,114.200,0.843,0.105,1,1,1
72607,0.000,0.900,0.000,0.000,138.050,123.080,164.130,0.000,0.000,34.250,44.800,120.800,109.400,0.846,0.044,1,1,1
72807,0.000,0.900,0.000,0.000,138.050,123.080,164.130,0.000,0.000,34.250,44.800,120.800,104.600,0.877,0.228,1,1,1
72907,0.000,0.900,0.000,0.000,138.050,123.100,162.550,0.000,0.080,-5.250,44.800,120.790,111.900,0.879,0.508,1,1,1
73007,0.000,0.900,0.000,0.000,138.050,123.100,162.550,0.000,0.080,-5.250,44.800,120.790,117.900,0.872,-0.114,1,1,1
73107,0.000,0.900,0.000,0.000,138.050,123.100,153.500,0.000,0.000,-45.250,44.800,120.790,123.000,0.875,-0.140,1,1,1
73307,0.000,0.900,0.000,0.000,138.050,123.100,153.500,0.000,0.000,-45.250,44.800,120.790,127.800,0.870,-0.070,1,1,1
73407,0.000,0.900,0.000,0.000,138.050,123.100,140.600,0.000,0.000,-43.000,44.800,120.790,136.700,0.870,-0.088,1,1,1
73507,0.000,0.900,0.000,0.000,138.050,123.100,140.600,0.000,0.000,-43.000,44.800,120.790,140.600,0.871,0.009,1,1,1
73607,0.000,0.900,0.000,0.000,138.050,123.100,132.130,0.000,0.000,-42.380,44.800,120.790,144.900,0.877,0.176,1,1,1
73807,0.000,0.900,0.000,0.000,138.050,123.100,132.130,0.000,0.000,-42.380,44.800,120.790,149.000,0.874,-0.026,1,1,1
73907,0.000,0.900,0.000,0.000,138.050,123.100,119.500,0.000,0.000,-42.220,44.800,120.790,156.500,0.876,0.053,1,1,1
74007,0.000,0.900,0.000,0.000,138.050,123.100,119.500,0.000,0.000,-42.220,44.800,120.790,160.300,0.876,0.123,1,1,1
74107,0.000,0.900,0.000,0.000,138.050,123.100,111.230,0.000,0.000,-41.170,44.800,120.790,164.000,0.878,0.114,1,1,1
74307,0.000,0.900,0.000,0.000,138.050,123.100,111.230,0.000,0.000,-41.170,44.800,120.790,167.900,0.891,0.105,1,1,1
74407,0.000,-0.900,0.000,0.000,138.050,123.100,98.850,0.000,0.000,-41.390,44.800,120.790,175.300,0.894,-0.167,1,1,1
74507,0.000,-0.900,0.000,0.000,138.050,123.100,98.850,0.000,0.000,-41.390,44.800,120.790,178.900,0.892,0.140,1,1,1
74607,0.000,-0.900,0.000,0.000,138.050,123.130,96.350,0.000,0.120,-12.440,44.800,120.780,178.200,0.897,0.149,1,1,1
74807,0.000,-0.900,0.000,0.000,138.050,123.130,96.350,0.000,0.120,-12.440,44.800,120.780,175.200,0.878,-0.202,1,1,1
74907,0.000,-0.900,0.000,0.000,138.030,123.130,106.650,-0.080,0.000,34.330,44.800,120.780,168.700,0.875,0.027,1,1,1
75007,0.000,-0.900,0.000,0.000,138.030,123.130,106.650,-0.080,0.000,34.330,44.800,120.780,165.400,0.873,-0.193,1,1,1
75107,0.000,-0.900,0.000,0.000,138.030,123.130,113.730,0.000,0.000,35.380,44.800,120.780,162.400,0.877,0.158,1,1,1
75307,0.000,-0.900,0.000,0.000,138.030,123.130,113.730,0.000,0.000,35.380,44.800,120.780,159.200,0.884,0.026,1,1,1
75407,0.000,-0.900,0.000,0.000,138.030,123.130,124.330,0.000,0.000,35.330,44.800,120.780,152.700,0.887,0.070,1,1,1
75507,0.000,-0.900,0.000,0.000,138.030,123.130,124.330,0.000,0.000,35.330,44.800,120.780,149.400,0.890,0.035,1,1,1
75607,0.000,-0.900,0.000,0.000,138.030,123.130,131.450,0.000,0.000,35.630,44.800,120.780,145.800,0.891,0.026,1,1,1
75807,0.000,-0.900,0.000,0.000,138.030,123.130,131.450,0.000,0.000,35.630,44.800,120.780,142.500,0.901,0.097,1,1,1
75907,0.000,-0.900,0.000,0.000,138.030,123.130,142.050,0.000,0.000,35.330,44.800,120.780,135.400,0.900,0.017,1,1,1
76007,0.000,-0.900,0.000,0.000,138.030,123.130,142.050,0.000,0.000,35.330,44.800,120.780,131.700,0.902,-0.017,1,1,1
76107,0.000,-0.900,0.000,0.000,138.030,123.130,149.080,0.000,0.000,35.130,44.800,120.780,128.000,0.904,-0.053,1,1,1
76307,0.000,-0.900,0.000,0.000,138.030,123.130,149.080,0.000,0.000,35.130,44.800,120.780,124.000,0.913,0.061,1,1,1
76407,0.000,-0.900,0.000,0.000,138.030,123.130,159.550,0.000,0.000,34.920,44.800,120.780,115.600,0.916,0.184,1,1,1
76507,0.000,-0.900,0.000,0.000,138.030,123.130,159.550,0.000,0.000,34.920,44.800,120.780,111.000,0.916,0.035,1,1,1
76607,0.000,0.900,0.000,0.000,138.030,123.130,166.580,0.000,0.000,35.130,44.800,120.780,105.800,0.917,0.044,1,1,1
76807,0.000,0.900,0.000,0.000,138.030,123.130,166.580,0.000,0.000,35.130,44.800,120.780,100.700,0.882,-0.405,1,1,1
76907,0.000,0.900,0.000,0.000,138.030,123.150,164.550,0.000,0.080,-6.750,44.800,120.770,109.000,0.893,0.324,1,1,1
77007,0.000,0.900,0.000,0.000,138.030,123.150,164.550,0.000,0.080,-6.750,44.800,120.770,115.200,0.882,-0.245,1,1,1
77107,0.000,0.900,0.000,0.000,138.030,123.130,155.600,0.000,-0.130,-44.750,44.800,120.780,120.700,0.886,-0.175,1,1,1
77307,0.000,0.900,0.000,0.000,138.030,123.130,155.600,0.000,-0.130,-44.750,44.800,120.780,125.600,0.870,-0.158,1,1,1
77407,0.000,0.900,0.000,0.000,138.030,123.150,142.730,0.000,0.080,-42.920,44.800,120.770,134.500,0.870,-0.035,1,1,1
77507,0.000,0.900,0.000,0.000,138.030,123.150,142.730,0.000,0.080,-42.920,44.800,120.770,138.700,0.870,0.158,1,1,1
77607,0.000,0.900,0.000,0.000,138.030,123.150,134.330,0.000,0.000,-42.000,44.800,120.770,142.800,0.875,0.043,1,1,1
77807,0.000,0.900,0.000,0.000,138.030,123.150,134.330,0.000,0.000,-42.000,44.800,120.770,147.000,0.883,0.053,1,1,1
77907,0.000,0.900,0.000,0.000,138.030,123.150,121.730,0.000,0.000,-42.000,44.800,120.770,154.600,0.883,-0.167,1,1,1
78007,0.000,0.900,0.000,0.000,138.030,123.150,121.730,0.000,0.000,-42.000,44.800,120.770,158.300,0.885,0.053,1,1,1
78107,0.000,0.900,0.000,0.000,138.030,123.150,113.550,0.000,0.000,-40.880,44.800,120.770,162.300,0.886,-0.079,1,1,1
78307,0.000,0.900,0.000,0.000,138.030,123.150,113.550,0.000,0.000,-40.880,44.800,120.770,166.000,0.878,-0.088,1,1,1
78407,0.000,0.900,0.000,0.000,138.030,123.150,101.150,0.000,0.000,-41.330,44.800,120.770,173.400,0.880,0.009,1,1,1
78507,0.000,0.900,0.000,0.000,138.030,123.150,101.150,0.000,0.000,-41.330,44.800,120.770,176.900,0.882,0.123,1,1,1
78607,0.000,-0.900,0.000,0.000,138.030,123.150,93.150,0.000,0.000,-40.000,44.800,120.770,180.500,0.882,-0.132,1,1,1
78807,0.000,-0.900,0.000,0.000,138.030,123.150,93.150,0.000,0.000,-40.000,44.800,120.770,184.100,0.903,0.158,1,1,1
78907,0.000,-0.900,0.000,0.000,138.030,123.150,93.250,0.000,0.000,0.330,44.800,120.770,181.600,0.903,0.070,1,1,1
79007,0.000,-0.900,0.000,0.000,138.030,123.150,93.250,0.000,0.000,0.330,44.800,120.770,178.500,0.907,0.000,1,1,1
79107,0.000,-0.900,0.000,0.000,138.030,123.150,100.150,0.000,0.000,34.500,44.800,120.770,175.300,0.910,-0.035,1,1,1
79307,0.000,-0.900,0.000,0.000,138.030,123.150,100.150,0.000,0.000,34.500,44.800,120.770,172.400,0.901,-0.097,1,1,1
79407,0.000,-0.900,0.000,0.000,138.030,123.150,110.850,0.000,0.000,35.670,44.800,120.770,165.100,0.906,0.035,1,1,1
79507,0.000,-0.900,0.000,0.000,138.030,123.150,110.850,0.000,0.000,35.670,44.800,120.770,161.900,0.908,0.061,1,1,1
79607,0.000,-0.900,0.000,0.000,138.030,123.150,117.930,0.000,0.000,35.380,44.800,120.770,158.500,0.910,0.201,1,1,1
79807,0.000,-0.900,0.000,0.000,138.030,123.150,117.930,0.000,0.000,35.380,44.800,120.770,155.200,0.910,-0.009,1,1,1
79907,0.000,-0.900,0.000,0.000,138.030,123.150,128.650,0.000,0.000,35.750,44.800,120.770,148.500,0.912,0.070,1,1,1
80007,0.000,-0.900,0.000,0.000,138.030,123.150,128.650,0.000,0.000,35.750,44.800,120.770,145.100,0.912,-0.044,1,1,1
80107,0.000,-0.900,0.000,0.000,138.030,123.150,135.700,0.000,0.000,35.250,44.800,120.770,141.600,0.914,-0.061,1,1,1
80307,0.000,-0.900,0.000,0.000,138.030,123.150,135.700,0.000,0.000,35.250,44.800,120.770,138.200,0.908,-0.061,1,1,1
80407,0.000,-0.900,0.000,0.000,138.030,123.150,146.350,0.000,0.000,35.500,44.800,120.770,130.800,0.909,0.158,1,1,1
80507,0.000,-0.900,0.000,0.000,138.030,123.150,146.350,0.000,0.000,35.500,44.800,120.770,127.000,0.912,0.149,1,1,1
80607,0.000,-0.900,0.000,0.000,138.030,123.150,153.430,0.000,0.000,35.380,44.800,120.770,122.900,0.913,0.123,1,1,1
80807,0.000,-0.900,0.000,0.000,138.030,123.150,153.430,0.000,0.000,35.380,44.800,120.770,118.900,0.916,0.026,1,1,1
80907,0.000,1.000,0.000,0.000,138.030,123.150,164.000,0.000,0.000,35.250,44.800,120.770,109.500,0.915,0.053,1,1,1
81007,0.000,1.000,0.000,0.000,138.030,123.150,164.000,0.000,0.000,35.250,44.800,120.770,104.500,0.930,0.166,1,1,1
81107,0.000,1.000,0.000,0.000,138.030,123.180,166.700,0.000,0.130,13.500,44.800,120.750,104.800,0.925,0.270,1,1,1
81307,0.000,1.000,0.000,0.000,138.030,123.180,166.700,0.000,0.130,13.500,44.800,120.750,112.600,0.895,-0.211,1,1,1
81407,0.000,1.000,0.000,0.000,138.030,123.180,152.300,0.000,0.000,-48.000,44.800,120.750,124.300,0.899,0.070,1,1,1
81507,0.000,1.000,0.000,0.000,138.030,123.180,152.300,0.000,0.000,-48.000,44.800,120.750,129.200,0.901,0.000,1,1,1
81607,0.000,1.000,0.000,0.000,138.030,123.180,143.080,0.000,0.000,-46.130,44.800,120.750,134.000,0.901,-0.141,1,1,1
81807,0.000,1.000,0.000,0.000,138.030,123.180,143.080,0.000,0.000,-46.130,44.800,120.750,138.900,0.898,-0.027,1,1,1
81907,0.000,1.000,0.000,0.000,138.030,123.200,129.130,0.000,0.080,-46.660,44.800,120.740,147.900,0.902,0.070,1,1,1
82007,0.000,1.000,0.000,0.000,138.030,123.200,129.130,0.000,0.080,-46.660,44.800,120.740,152.100,0.905,0.044,1,1,1
82107,0.000,1.000,0.000,0.000,138.030,123.200,119.780,0.000,0.000,-46.520,44.800,120.740,156.200,0.906,0.070,1,1,1
82307,0.000,1.000,0.000,0.000,138.030,123.200,119.780,0.000,0.000,-46.520,44.800,120.740,160.300,0.915,0.088,1,1,1
82407,0.000,1.000,0.000,0.000,138.030,123.200,106.080,0.000,0.000,-45.820,44.800,120.740,168.900,0.920,0.026,1,1,1
82507,0.000,1.000,0.000,0.000,138.030,123.200,106.080,0.000,0.000,-45.820,44.800,120.740,173.000,0.920,0.043,1,1,1
82607,0.000,-1.000,0.000,0.000,138.030,123.200,96.950,0.000,0.000,-45.400,44.800,120.740,177.000,0.919,-0.088,1,1,1
82807,0.000,-1.000,0.000,0.000,138.030,123.200,96.950,0.000,0.000,-45.400,44.800,120.740,180.600,0.929,0.070,1,1,1
82907,0.000,-1.000,0.000,0.000,138.030,123.200,97.830,0.000,0.000,2.920,44.800,120.740,176.500,0.933,0.062,1,1,1
83007,0.000,-1.000,0.000,0.000,138.030,123.200,97.830,0.000,0.000,2.920,44.800,120.740,173.200,0.933,-0.158,1,1,1
83107,0.000,-1.000,0.000,0.000,138.030,123.200,105.330,0.000,0.000,37.500,44.800,120.740,169.700,0.932,0.132,1,1,1
83307,0.000,-1.000,0.000,0.000,138.030,123.200,105.330,0.000,0.000,37.500,44.800,120.740,166.300,0.954,0.175,1,1,1
83407,0.000,-1.000,0.000,0.000,138.030,123.200,116.630,0.000,0.000,37.670,44.800,120.740,159.500,0.957,0.061,1,1,1
83507,0.000,-1.000,0.000,0.000,138.030,123.200,116.630,0.000,0.000,37.670,44.800,120.740,156.200,0.957,0.035,1,1,1
83607,0.000,-1.000,0.000,0.000,138.030,123.200,124.180,0.000,0.000,37.750,44.800,120.740,152.600,0.957,0.280,1,1,1
83807,0.000,-1.000,0.000,0.000,138.030,123.200,124.180,0.000,0.000,37.750,44.800,120.740,149.200,0.950,-0.097,1,1,1
83907,0.000,-1.000,0.000,0.000,138.030,123.200,135.530,0.000,0.000,37.830,44.800,120.740,141.800,0.951,0.009,1,1,1
84007,0.000,-1.000,0.000,0.000,138.030,123.200,135.530,0.000,0.000,37.830,44.800,120.740,138.200,0.953,-0.035,1,1,1
84107,0.000,-1.000,0.000,0.000,138.030,123.200,143.050,0.000,0.000,37.630,44.800,120.740,134.100,0.954,0.070,1,1,1
84307,0.000,-1.000,0.000,0.000,138.030,123.200,143.050,0.000,0.000,37.630,44.800,120.740,130.100,0.948,-0.062,1,1,1
84407,0.000,-1.000,0.000,0.000,138.030,123.200,154.280,0.000,0.000,37.420,44.800,120.740,121.900,0.949,-0.158,1,1,1
84507,0.000,-1.000,0.000,0.000,138.030,123.200,154.280,0.000,0.000,37.420,44.800,120.740,117.500,0.950,0.070,1,1,1
84607,0.000,1.000,0.000,0.000,138.030,123.200,161.780,0.000,0.000,37.500,44.800,120.740,112.700,0.953,0.000,1,1,1
84807,0.000,1.000,0.000,0.000,138.030,123.200,161.780,0.000,0.000,37.500,44.800,120.740,107.600,0.904,-0.545,1,1,1
84907,0.000,1.000,0.000,0.000,138.030,123.200,159.480,0.000,0.000,-7.670,44.800,120.740,116.100,0.909,0.026,1,1,1
85007,0.000,1.000,0.000,0.000,138.030,123.200,159.480,0.000,0.000,-7.670,44.800,120.740,122.600,0.896,-0.070,1,1,1
85107,0.000,1.000,0.000,0.000,138.000,123.200,149.700,-0.130,0.000,-48.880,44.800,120.740,127.200,0.900,-0.254,1,1,1
85307,0.000,1.000,0.000,0.000,138.000,123.200,149.700,-0.130,0.000,-48.880,44.800,120.740,131.900,0.887,-0.184,1,1,1
85407,0.000,1.000,0.000,0.000,138.000,123.200,135.900,0.000,0.000,-46.000,44.800,120.740,141.300,0.884,-0.079,1,1,1
85507,0.000,1.000,0.000,0.000,138.000,123.200,135.900,0.000,0.000,-46.000,44.800,120.740,145.700,0.888,0.158,1,1,1
85607,0.000,1.000,0.000,0.000,138.000,123.200,126.480,0.000,0.000,-47.130,44.800,120.740,150.200,0.892,0.000,1,1,1
85807,0.000,1.000,0.000,0.000,138.000,123.200,126.480,0.000,0.000,-47.130,44.800,120.740,154.500,0.889,-0.044,1,1,1
85907,0.000,1.000,0.000,0.000,138.000,123.200,112.700,0.000,0.000,-45.920,44.700,120.740,163.200,0.890,0.000,1,1,1
86007,0.000,1.000,0.000,0.000,138.000,123.200,112.700,0.000,0.000,-45.920,44.800,120.740,167.500,0.897,-0.097,1,1,1
86107,0.000,1.000,0.000,0.000,138.000,123.200,103.500,0.000,0.000,-46.000,44.800,120.740,171.900,0.896,0.061,1,1,1
86307,0.000,1.000,0.000,0.000,138.000,123.200,103.500,0.000,0.000,-46.000,44.800,120.740,176.200,0.891,-0.027,1,1,1
86407,0.000,-1.000,0.000,0.000,138.000,123.200,90.050,0.000,0.000,-44.830,44.800,120.740,185.600,0.896,0.026,1,1,1
86507,0.000,-1.000,0.000,0.000,138.000,123.200,90.050,0.000,0.000,-44.830,44.800,120.740,187.800,0.895,0.113,1,1,1
86607,0.000,-1.000,0.000,0.000,138.000,123.200,86.530,0.000,0.000,-17.630,44.800,120.740,187.500,0.897,0.008,1,1,1
86807,0.000,-1.000,0.000,0.000,138.000,123.200,86.530,0.000,0.000,-17.630,44.800,120.740,185.400,0.894,-0.018,1,1,1
86907,0.000,-1.000,0.000,0.000,138.000,123.200,97.130,0.000,0.000,35.330,44.800,120.740,178.600,0.894,-0.071,1,1,1
87007,0.000,-1.000,0.000,0.000,138.000,123.200,97.130,0.000,0.000,35.330,44.800,120.740,175.300,0.897,-0.123,1,1,1
87107,0.000,-1.000,0.000,0.000,138.000,123.200,104.680,0.000,0.000,37.750,44.800,120.740,173.500,0.891,0.149,1,1,1
87307,0.000,-1.000,0.000,0.000,138.000,123.200,104.680,0.000,0.000,37.750,44.800,120.740,166.700,0.896,0.000,1,1,1
87407,0.000,-1.000,0.000,0.000,138.000,123.200,115.950,0.000,0.000,37.580,44.800,120.740,160.200,0.898,0.061,1,1,1
87507,0.000,-1.000,0.000,0.000,138.000,123.200,115.950,0.000,0.000,37.580,44.800,120.740,156.500,0.898,-0.079,1,1,1
87607,0.000,-1.000,0.000,0.000,138.000,123.200,123.500,0.000,0.000,37.750,44.800,120.740,153.100,0.903,0.052,1,1,1
87807,0.000,-1.000,0.000,0.000,138.000,123.200,123.500,0.000,0.000,37.750,44.800,120.740,149.700,0.911,0.043,1,1,1
87907,0.000,-1.000,0.000,0.000,138.000,123.200,134.850,0.000,0.000,37.830,44.800,120.740,142.400,0.912,0.044,1,1,1
88007,0.000,-1.000,0.000,0.000,138.000,123.200,134.850,0.000,0.000,37.830,44.800,120.740,138.600,0.915,0.000,1,1,1
88107,0.000,-1.000,0.000,0.000,138.000,123.200,142.380,0.000,0.000,37.630,44.800,120.740,135.000,0.914,0.079,1,1,1
88307,0.000,-1.000,0.000,0.000,138.000,123.200,142.380,0.000,0.000,37.630,44.800,120.740,130.900,0.920,0.052,1,1,1
88407,0.000,-1.000,0.000,0.000,138.000,123.200,153.580,0.000,0.000,37.330,44.800,120.740,122.800,0.921,0.140,1,1,1
88507,0.000,-1.000,0.000,0.000,138.000,123.200,153.580,0.000,0.000,37.330,44.800,120.740,118.300,0.920,0.070,1,1,1
88607,0.000,1.000,0.000,0.000,138.000,123.200,161.050,0.000,0.000,37.380,44.800,120.740,113.700,0.924,0.087,1,1,1
88807,0.000,1.000,0.000,0.000,138.000,123.200,161.050,0.000,0.000,37.380,44.800,120.740,108.500,0.975,0.393,1,1,1
88907,0.000,1.000,0.000,0.000,138.000,123.230,159.330,0.000,0.080,-5.750,44.800,120.730,116.200,0.974,0.105,1,1,1
89007,0.000,1.000,0.000,0.000,138.000,123.230,159.330,0.000,0.080,-5.750,44.800,120.730,122.100,0.965,-0.088,1,1,1
89107,0.000,1.000,0.000,0.000,138.000,123.230,149.530,0.000,0.000,-49.000,44.800,120.730,127.200,0.971,-0.149,1,1,1
89307,0.000,1.000,0.000,0.000,138.000,123.230,149.530,0.000,0.000,-49.000,44.800,120.730,132.000,0.957,-0.158,1,1,1
89407,0.000,1.000,0.000,0.000,138.000,123.230,135.730,0.000,0.000,-46.000,44.800,120.730,141.400,0.956,0.034,1,1,1
89507,0.000,1.000,0.000,0.000,138.000,123.230,135.730,0.000,0.000,-46.000,44.800,120.730,145.900,0.958,0.035,1,1,1
89607,0.000,1.000,0.000,0.000,138.000,123.230,126.300,0.000,0.000,-47.130,44.800,120.730,150.300,0.962,0.131,1,1,1
89807,0.000,1.000,0.000,0.000,138.000,123.230,126.300,0.000,0.000,-47.130,44.800,120.730,154.600,0.972,0.070,1,1,1
89907,0.000,1.000,0.000,0.000,138.000,123.230,112.500,0.000,0.000,-46.000,44.800,120.730,162.800,0.975,0.105,1,1,1
90007,0.000,1.000,0.000,0.000,138.000,123.230,112.500,0.000,0.000,-46.000,44.800,120.730,166.800,0.980,0.131,1,1,1
90107,0.000,1.000,0.000,0.000,138.000,123.230,103.330,0.000,0.000,-45.880,44.800,120.730,171.300,0.981,0.026,1,1,1
90307,0.000,1.000,0.000,0.000,138.000,123.230,103.330,0.000,0.000,-45.880,44.800,120.730,175.400,0.966,-0.150,1,1,1
90407,0.000,-1.000,0.000,0.000,138.000,123.230,89.900,0.000,0.000,-44.900,44.800,120.730,183.700,0.973,0.026,1,1,1
90507,0.000,-1.000,0.000,0.000,138.000,123.230,89.900,0.000,0.000,-44.900,44.800,120.730,188.500,0.974,0.175,1,1,1
90607,0.000,-1.000,0.000,0.000,138.000,123.230,87.150,0.000,0.000,-13.680,44.800,120.730,187.000,0.972,-0.053,1,1,1
90807,0.000,-1.000,0.000,0.000,138.000,123.230,87.150,0.000,0.000,-13.680,44.800,120.730,183.700,0.973,-0.079,1,1,1
90907,0.000,-1.000,0.000,0.000,138.000,123.230,98.030,0.000,0.000,36.370,44.800,120.730,176.800,0.975,0.053,1,1,1
91007,0.000,-1.000,0.000,0.000,138.000,123.230,98.030,0.000,0.000,36.370,44.800,120.730,173.400,0.972,-0.263,1,1,1
91107,0.000,-1.000,0.000,0.000,138.000,123.230,105.630,0.000,0.000,37.620,44.800,120.730,169.800,0.972,0.053,1,1,1
91307,0.000,-1.000,0.000,0.000,138.000,123.230,105.630,0.000,0.000,37.620,44.800,120.730,168.100,0.976,-0.079,1,1,1
91407,0.000,-1.000,0.000,0.000,138.000,123.230,116.880,0.000,0.000,37.630,44.800,120.730,161.500,0.975,-0.123,1,1,1
91507,0.000,-1.000,0.000,0.000,138.000,123.230,116.880,0.000,0.000,37.630,44.800,120.730,158.000,0.975,-0.009,1,1,1
91607,0.000,-1.000,0.000,0.000,138.000,123.230,124.400,0.000,0.000,37.630,44.800,120.730,157.300,0.980,-0.097,1,1,1
91807,0.000,-1.000,0.000,0.000,138.000,123.230,124.400,0.000,0.000,37.630,44.800,120.730,152.700,0.973,-0.088,1,1,1
91907,0.000,-1.000,0.000,0.000,138.000,123.230,135.730,0.000,0.000,37.750,44.800,120.730,141.800,0.976,0.026,1,1,1
92007,0.000,-1.000,0.000,0.000,138.000,123.230,135.730,0.000,0.000,37.750,44.800,120.730,138.100,0.979,0.044,1,1,1
92107,0.000,-1.000,0.000,0.000,138.000,123.230,143.280,0.000,0.000,37.750,44.800,120.730,134.100,0.978,-0.088,1,1,1
92307,0.000,-1.000,0.000,0.000,138.000,123.230,143.280,0.000,0.000,37.750,44.800,120.730,130.000,0.988,0.158,1,1,1
92407,0.000,-1.000,0.000,0.000,138.000,123.230,154.500,0.000,0.000,37.420,44.800,120.730,121.700,0.988,0.052,1,1,1
92507,0.000,-1.000,0.000,0.000,138.000,123.230,154.500,0.000,0.000,37.420,44.800,120.730,117.100,0.989,0.000,1,1,1
92607,0.000,1.000,0.000,0.000,138.000,123.250,162.000,0.000,0.130,37.500,44.800,120.720,112.400,0.991,0.035,1,1,1
92807,0.000,1.000,0.000,0.000,138.000,123.250,162.000,0.000,0.130,37.500,44.800,120.720,107.400,0.885,-0.650,1,1,1
92907,0.000,1.000,0.000,0.000,138.000,123.250,159.680,0.000,0.000,-7.750,44.800,120.720,115.800,0.889,0.017,1,1,1
93007,0.000,1.000,0.000,0.000,138.000,123.250,159.680,0.000,0.000,-7.750,44.800,120.720,121.700,0.879,-0.027,1,1,1
93107,0.000,1.000,0.000,0.000,138.000,123.250,149.830,0.000,0.000,-49.250,44.800,120.720,126.800,0.882,-0.237,1,1,1
93307,0.000,1.000,0.000,0.000,138.000,123.250,149.830,0.000,0.000,-49.250,44.800,120.720,131.800,0.875,-0.158,1,1,1
93407,0.000,1.000,0.000,0.000,138.000,123.250,136.000,0.000,0.000,-46.080,44.800,120.720,141.200,0.874,-0.080,1,1,1
93507,0.000,1.000,0.000,0.000,138.000,123.250,136.000,0.000,0.000,-46.080,44.800,120.720,145.600,0.875,0.210,1,1,1
93607,0.000,1.000,0.000,0.000,138.000,123.250,126.530,0.000,0.000,-47.380,44.800,120.720,150.200,0.880,0.052,1,1,1
93807,0.000,1.000,0.000,0.000,138.000,123.250,126.530,0.000,0.000,-47.380,44.800,120.720,154.500,0.884,0.034,1,1,1
93907,0.000,1.000,0.000,0.000,138.000,123.250,112.730,0.000,0.000,-46.000,44.800,120.720,162.800,0.888,0.157,1,1,1
94007,0.000,1.000,0.000,0.000,138.000,123.250,112.730,0.000,0.000,-46.000,44.800,120.720,167.100,0.892,0.008,1,1,1
94107,0.000,1.000,0.000,0.000,138.000,123.250,103.500,0.000,0.000,-46.130,44.800,120.720,171.400,0.892,0.044,1,1,1
94307,0.000,1.000,0.000,0.000,138.000,123.250,103.500,0.000,0.000,-46.130,44.800,120.720,175.600,0.886,-0.097,1,1,1
94407,0.000,-1.000,0.000,0.000,138.000,123.250,89.950,0.000,0.000,-45.170,44.800,120.720,183.700,0.890,-0.071,1,1,1
94507,0.000,-1.000,0.000,0.000,138.000,123.250,89.950,0.000,0.000,-45.170,44.800,120.720,188.300,0.893,-0.141,1,1,1
94607,0.000,-1.000,0.000,0.000,138.000,123.250,86.430,0.000,0.000,-17.630,44.800,120.720,188.200,0.895,-0.167,1,1,1
94807,0.000,-1.000,0.000,0.000,138.000,123.250,86.430,0.000,0.000,-17.630,44.800,120.720,184.600,0.925,0.061,1,1,1
94907,0.000,-1.000,0.000,0.000,138.000,123.250,97.030,0.000,0.000,35.330,44.800,120.720,177.600,0.926,0.184,1,1,1
95007,0.000,-1.000,0.000,0.000,138.000,123.250,97.030,0.000,0.000,35.330,44.800,120.720,174.100,0.928,-0.053,1,1,1
95107,0.000,-1.000,0.000,0.000,137.980,123.250,104.550,-0.130,0.000,37.630,44.800,120.720,170.900,0.923,0.079,1,1,1
95307,0.000,-1.000,0.000,0.000,137.980,123.250,104.550,-0.130,0.000,37.630,44.800,120.720,167.400,0.929,-0.132,1,1,1
95407,0.000,-1.000,0.000,0.000,137.980,123.250,115.830,0.000,0.000,37.580,44.800,120.720,162.400,0.930,0.026,1,1,1
95507,0.000,-1.000,0.000,0.000,137.980,123.250,115.830,0.000,0.000,37.580,44.800,120.720,158.300,0.929,0.078,1,1,1
95607,0.000,-1.000,0.000,0.000,137.980,123.250,123.350,0.000,0.000,37.630,44.800,120.720,154.500,0.933,0.052,1,1,1
95807,0.000,-1.000,0.000,0.000,137.980,123.250,123.350,0.000,0.000,37.630,44.800,120.720,150.900,0.933,0.061,1,1,1
95907,0.000,-1.000,0.000,0.000,137.980,123.250,134.650,0.000,0.000,37.670,44.800,120.720,143.500,0.935,-0.071,1,1,1
96007,0.000,-1.000,0.000,0.000,137.980,123.250,134.650,0.000,0.000,37.670,44.800,120.720,139.500,0.941,0.043,1,1,1
96107,0.000,-1.000,0.000,0.000,137.980,123.250,142.250,0.000,0.000,38.000,44.800,120.720,135.700,0.941,-0.044,1,1,1
96307,0.000,-1.000,0.000,0.000,137.980,123.250,142.250,0.000,0.000,38.000,44.800,120.720,131.500,0.940,-0.009,1,1,1
96407,0.000,-1.000,0.000,0.000,137.980,123.280,153.430,0.000,0.080,37.250,44.800,120.700,123.000,0.943,-0.027,1,1,1
96507,0.000,-1.000,0.000,0.000,137.980,123.280,153.430,0.000,0.080,37.250,44.800,120.700,118.600,0.942,0.000,1,1,1
96607,0.000,1.000,0.000,0.000,137.980,123.280,160.900,0.000,0.000,37.380,44.800,120.700,113.900,0.944,-0.035,1,1,1
96807,0.000,1.000,0.000,0.000,137.980,123.280,160.900,0.000,0.000,37.380,44.800,120.700,108.700,0.931,0.455,1,1,1
96907,0.000,1.000,0.000,0.000,137.980,123.280,159.300,0.000,0.000,-5.330,44.800,120.700,116.500,0.931,0.061,1,1,1
97007,0.000,1.000,0.000,0.000,137.980,123.280,159.300,0.000,0.000,-5.330,44.800,120.700,122.400,0.922,-0.254,1,1,1
97107,0.000,1.000,0.000,0.000,137.980,123.280,149.430,0.000,0.000,-49.380,44.800,120.700,127.400,0.931,-0.141,1,1,1
97307,0.000,1.000,0.000,0.000,137.980,123.280,149.430,0.000,0.000,-49.380,44.800,120.700,132.300,0.925,-0.211,1,1,1
97407,0.000,1.000,0.000,0.000,137.980,123.280,135.530,0.000,0.000,-46.330,44.800,120.700,141.600,0.923,0.043,1,1,1
97507,0.000,1.000,0.000,0.000,137.980,123.280,135.530,0.000,0.000,-46.330,44.800,120.700,146.100,0.928,0.210,1,1,1
97607,0.000,1.000,0.000,0.000,137.980,123.280,126.080,0.000,0.000,-47.250,44.800,120.700,150.600,0.933,-0.088,1,1,1
97807,0.000,1.000,0.000,0.000,137.980,123.280,126.080,0.000,0.000,-47.250,44.800,120.700,154.800,0.932,-0.018,1,1,1
97907,0.000,1.000,0.000,0.000,137.980,123.280,112.230,0.000,0.000,-46.170,44.800,120.700,163.200,0.934,0.087,1,1,1
98007,0.000,1.000,0.000,0.000,137.980,123.280,112.230,0.000,0.000,-46.170,44.800,120.700,167.300,0.938,0.105,1,1,1
98107,0.000,1.000,0.000,0.000,137.980,123.280,102.980,0.000,0.000,-46.250,44.800,120.700,171.700,0.940,0.017,1,1,1
98307,0.000,1.000,0.000,0.000,137.980,123.280,102.980,0.000,0.000,-46.250,44.800,120.700,175.700,0.946,-0.018,1,1,1
98407,0.000,-1.000,0.000,0.000,137.980,123.280,89.380,0.000,0.000,-45.330,44.800,120.700,184.200,0.952,-0.079,1,1,1
98507,0.000,-1.000,0.000,0.000,137.980,123.280,89.380,0.000,0.000,-45.330,44.800,120.700,190.500,0.953,0.044,1,1,1
98607,0.000,-1.000,0.000,0.000,137.980,123.280,86.680,0.000,0.000,-13.500,44.800,120.700,194.300,0.953,-0.062,1,1,1
98807,0.000,-1.000,0.000,0.000,137.980,123.280,86.680,0.000,0.000,-13.500,44.800,120.700,191.700,0.956,0.026,1,1,1
98907,0.000,-1.000,0.000,0.000,137.980,123.280,97.550,0.000,0.000,36.370,44.800,120.700,185.100,0.956,0.061,1,1,1
99007,0.000,-1.000,0.000,0.000,137.980,123.280,97.550,0.000,0.000,36.370,44.800,120.700,181.600,0.953,-0.290,1,1,1
99107,0.000,-1.000,0.000,0.000,137.980,123.280,105.130,0.000,0.000,37.690,44.800,120.700,176.300,0.953,0.123,1,1,1
99307,0.000,-1.000,0.000,0.000,137.980,123.280,105.130,0.000,0.000,37.690,44.800,120.700,167.900,0.965,0.044,1,1,1
99407,0.000,-1.000,0.000,0.000,137.980,123.280,116.350,0.000,0.000,37.540,44.800,120.700,160.600,0.966,-0.018,1,1,1
99507,0.000,-1.000,0.000,0.000,137.980,123.280,116.350,0.000,0.000,37.540,44.800,120.700,157.300,0.967,0.061,1,1,1
99607,0.000,-1.000,0.000,0.000,137.980,123.280,123.880,0.000,0.000,37.630,44.800,120.700,154.000,0.971,0.096,1,1,1
99807,0.000,-1.000,0.000,0.000,137.980,123.280,123.880,0.000,0.000,37.630,44.800,120.700,150.500,0.972,-0.001,1,1,1
99907,0.000,-1.000,0.000,0.000,137.980,123.300,135.180,0.000,0.080,37.670,44.800,120.690,143.500,0.971,0.026,1,1,1
100007,0.000,-1.000,0.000,0.000,137.980,123.300,135.180,0.000,0.080,37.670,44.800,120.690,138.700,0.978,0.114,1,1,1
100107,0.000,-1.000,0.000,0.000,137.980,123.300,142.750,0.000,0.000,37.690,44.800,120.690,134.800,0.977,0.026,1,1,1
100307,0.000,-1.000,0.000,0.000,137.980,123.300,142.750,0.000,0.000,37.690,44.800,120.690,130.700,0.974,-0.053,1,1,1
100407,0.000,-1.000,0.000,0.000,137.980,123.300,153.950,0.000,0.000,37.330,44.800,120.690,122.600,0.977,0.078,1,1,1
100507,0.000,-1.000,0.000,0.000,137.980,123.300,153.950,0.000,0.000,37.330,44.800,120.690,118.000,0.977,0.052,1,1,1
100607,0.000,0.000,0.000,0.000,137.980,123.300,161.400,0.000,0.000,37.250,44.800,120.690,113.200,0.976,0.016,1,1,1
100807,0.000,0.000,0.000,0.000,137.980,123.300,161.400,0.000,0.000,37.250,44.800,120.690,109.200,0.971,-0.325,1,1,1
100907,0.000,0.000,0.000,0.000,137.980,123.300,163.880,0.000,0.000,8.250,44.800,120.690,109.200,0.960,0.070,1,1,1
101007,0.000,0.000,0.000,0.000,137.980,123.300,163.880,0.000,0.000,8.250,44.800,120.690,109.200,0.960,-0.114,1,1,1
101107,0.000,0.000,0.000,0.000,137.980,123.300,163.880,0.000,0.000,0.000,44.800,120.690,109.200,0.965,0.105,1,1,1
101307,0.000,0.000,0.000,0.000,137.980,123.300,163.880,0.000,0.000,0.000,44.800,120.690,109.200,0.967,-0.053,1,1,1
101407,0.000,0.000,0.000,0.000,137.980,123.300,163.880,0.000,0.000,0.000,44.800,120.690,109.200,0.970,0.087,1,1,1
101507,0.000,0.000,0.000,0.000,137.980,123.300,163.880,0.000,0.000,0.000,44.800,120.690,109.200,0.973,0.035,1,1,1
101607,0.000,0.000,0.000,0.000,137.980,123.300,163.880,0.000,0.000,0.000,44.800,120.690,109.200,0.974,-0.071,1,1,1
101807,0.000,0.000,0.000,0.000,137.980,123.300,163.880,0.000,0.000,0.000,44.800,120.690,109.200,0.981,0.070,1,1,1
101907,0.000,0.000,0.000,0.000,137.980,123.300,163.880,0.000,0.000,0.000,44.800,120.690,109.200,0.985,-0.053,1,1,1
102007,0.000,0.000,0.000,0.000,137.980,123.300,163.880,0.000,0.000,0.000,44.800,120.690,109.200,0.986,0.069,1,1,1
102107,0.000,0.000,0.000,0.000,137.980,123.300,163.880,0.000,0.000,0.000,44.800,120.690,109.200,0.988,0.087,1,1,1
102307,0.000,0.000,0.000,0.000,137.980,123.300,163.880,0.000,0.000,0.000,44.800,120.690,109.200,0.992,0.035,1,1,1
102407,0.000,0.000,0.000,0.000,137.980,123.300,163.880,0.000,0.000,0.000,44.800,120.690,109.200,0.991,0.000,1,1,1
102507,0.000,0.000,0.000,0.000,137.980,123.300,163.880,0.000,0.000,0.000,44.800,120.690,109.200,0.993,0.114,1,1,1
102607,0.000,0.000,0.000,0.000,137.980,123.300,163.880,0.000,0.000,0.000,44.800,120.690,109.200,0.995,0.008,1,1,1
102807,0.000,0.000,0.000,0.000,137.980,123.300,163.880,0.000,0.000,0.000,44.800,120.690,109.200,1.006,0.096,1,1,1
102907,0.000,0.000,0.000,0.000,137.980,123.300,163.880,0.000,0.000,0.000,44.800,120.690,109.200,1.008,-0.044,1,1,1
103007,0.000,0.000,0.000,0.000,137.980,123.300,163.880,0.000,0.000,0.000,44.800,120.690,109.200,1.009,0.122,1,1,1
103107,0.000,0.000,0.000,0.000,137.980,123.300,163.850,0.000,0.000,-0.130,44.800,120.690,109.200,1.012,-0.045,1,1,1
103307,0.000,0.000,0.000,0.000,137.980,123.300,163.850,0.000,0.000,-0.130,44.800,120.690,109.200,1.016,-0.009,1,1,1
103407,0.000,0.000,0.000,0.000,137.950,123.300,163.850,-0.080,0.000,0.000,44.800,120.690,109.200,1.019,0.149,1,1,1
103507,0.000,0.000,0.000,0.000,137.950,123.300,163.850,-0.080,0.000,0.000,44.800,120.690,109.200,1.020,-0.053,1,1,1
103607,0.000,0.000,0.000,0.000,137.950,123.300,163.850,0.000,0.000,0.000,44.800,120.690,109.200,1.023,0.096,1,1,1
103807,0.000,0.000,0.000,0.000,137.950,123.300,163.850,0.000,0.000,0.000,44.800,120.690,109.200,1.028,0.008,1,1,1
103907,0.000,0.000,0.000,0.000,137.950,123.300,163.850,0.000,0.000,0.000,44.800,120.690,109.200,1.029,0.061,1,1,1
104007,0.000,0.000,0.000,0.000,137.950,123.300,163.850,0.000,0.000,0.000,44.800,120.690,109.200,1.030,0.070,1,1,1
104107,0.000,0.000,0.000,0.000,137.950,123.300,163.850,0.000,0.000,0.000,44.800,120.690,109.200,1.031,-0.071,1,1,1
104307,0.000,0.000,0.000,0.000,137.950,123.300,163.850,0.000,0.000,0.000,44.800,120.690,109.200,1.028,-0.027,1,1,1
104407,0.000,0.000,0.000,0.000,137.950,123.300,163.850,0.000,0.000,0.000,44.800,120.690,109.200,1.031,-0.018,1,1,1
104507,0.000,0.000,0.000,0.000,137.950,123.300,163.850,0.000,0.000,0.000,44.800,120.690,109.200,1.030,-0.062,1,1,1
104607,0.000,0.000,0.000,0.000,137.950,123.300,163.850,0.000,0.000,0.000,44.800,120.690,109.200,1.032,0.061,1,1,1
104807,0.000,0.000,0.000,0.000,137.950,123.300,163.850,0.000,0.000,0.000,44.800,120.690,109.200,1.039,0.052,1,1,1
104907,0.000,0.000,0.000,0.000,137.950,123.300,163.850,0.000,0.000,0.000,44.800,120.690,109.200,1.039,0.026,1,1,1
105007,0.000,0.000,0.000,0.000,137.950,123.300,163.850,0.000,0.000,0.000,44.800,120.690,109.200,1.041,-0.001,1,1,1
105107,0.000,0.000,0.000,0.000,137.950,123.300,163.850,0.000,0.000,0.000,44.800,120.690,109.200,1.043,0.000,1,1,1
105307,0.000,0.000,0.000,0.000,137.950,123.300,163.850,0.000,0.000,0.000,44.800,120.690,109.200,1.049,0.043,1,1,1
105407,0.000,0.000,0.000,0.000,137.950,123.300,163.850,0.000,0.000,0.000,44.800,120.690,109.200,1.050,0.000,1,1,1
105507,0.000,0.000,0.000,0.000,137.950,123.300,163.850,0.000,0.000,0.000,44.800,120.690,109.200,1.051,-0.001,1,1,1
105607,0.000,0.000,0.000,0.000,137.950,123.300,163.850,0.000,0.000,0.000,44.800,120.690,109.200,1.054,-0.027,1,1,1
105807,0.000,0.000,0.000,0.000,137.950,123.300,163.850,0.000,0.000,0.000,44.800,120.690,109.200,1.052,-0.018,1,1,1
105907,0.000,0.000,0.000,0.000,137.950,123.300,163.850,0.000,0.000,0.000,44.800,120.690,109.200,1.055,-0.010,1,1,1
106007,0.000,0.000,0.000,0.000,137.950,123.300,163.850,0.000,0.000,0.000,44.800,120.690,109.200,1.055,-0.124,1,1,1
106107,0.000,0.000,0.000,0.000,137.950,123.300,163.850,0.000,0.000,0.000,44.800,120.690,109.200,1.055,0.061,1,1,1
106307,0.000,0.000,0.000,0.000,137.950,123.300,163.850,0.000,0.000,0.000,44.800,120.690,109.200,1.049,-0.053,1,1,1
106407,0.000,0.000,0.000,0.000,137.950,123.300,163.850,0.000,0.000,0.000,44.800,120.690,109.200,1.050,0.070,1,1,1
106507,0.000,0.000,0.000,0.000,137.950,123.300,163.850,0.000,0.000,0.000,44.800,120.690,109.200,1.052,-0.001,1,1,1
106607,0.000,0.000,0.000,0.000,137.950,123.300,163.850,0.000,0.000,0.000,44.800,120.690,109.200,1.054,0.131,1,1,1
106807,0.000,0.000,0.000,0.000,137.950,123.300,163.850,0.000,0.000,0.000,44.800,120.690,109.200,1.064,0.069,1,1,1
106907,0.000,0.000,0.000,0.000,137.950,123.300,163.850,0.000,0.000,0.000,44.800,120.690,109.200,1.066,-0.018,1,1,1
107007,0.000,0.000,0.000,0.000,137.950,123.300,163.850,0.000,0.000,0.000,44.800,120.690,109.200,1.066,-0.054,1,1,1
107107,0.000,0.000,0.000,0.000,137.950,123.300,163.850,0.000,0.000,0.000,44.800,120.690,109.200,1.067,-0.053,1,1,1
107307,0.000,0.000,0.000,0.000,137.950,123.300,163.850,0.000,0.000,0.000,44.800,120.690,109.200,1.076,0.061,1,1,1
107407,0.000,0.000,0.000,0.000,137.950,123.300,163.850,0.000,0.000,0.000,44.800,120.690,109.200,1.077,-0.044,1,1,1
107507,0.000,0.000,0.000,0.000,137.950,123.300,163.850,0.000,0.000,0.000,44.800,120.690,109.200,1.079,-0.053,1,1,1
107607,0.000,0.000,0.000,0.000,137.950,123.300,163.850,0.000,0.000,0.000,44.800,120.690,109.200,1.079,0.017,1,1,1
107807,0.000,0.000,0.000,0.000,137.950,123.300,163.850,0.000,0.000,0.000,44.800,120.690,109.200,1.076,-0.027,1,1,1
107907,0.000,0.000,0.000,0.000,137.950,123.300,163.850,0.000,0.000,0.000,44.800,120.690,109.200,1.077,-0.027,1,1,1
108007,0.000,0.000,0.000,0.000,137.950,123.300,163.850,0.000,0.000,0.000,44.800,120.690,109.200,1.079,0.078,1,1,1
108107,0.000,0.000,0.000,0.000,137.930,123.300,163.850,-0.130,0.000,0.000,44.800,120.690,109.200,1.081,0.017,1,1,1
108307,0.000,0.000,0.000,0.000,137.930,123.300,163.850,-0.130,0.000,0.000,44.700,120.690,109.200,1.074,-0.053,1,1,1
108407,0.000,0.000,0.000,0.000,137.930,123.300,163.850,0.000,0.000,0.000,44.800,120.690,109.200,1.077,0.096,1,1,1
108507,0.000,0.000,0.000,0.000,137.930,123.300,163.850,0.000,0.000,0.000,44.800,120.690,109.200,1.081,0.096,1,1,1
108607,0.000,0.000,0.000,0.000,137.930,123.300,163.850,0.000,0.000,0.000,44.800,120.690,109.200,1.083,0.052,1,1,1
108807,0.000,0.000,0.000,0.000,137.930,123.300,163.850,0.000,0.000,0.000,44.800,120.690,109.200,1.078,-0.062,1,1,1
108907,0.000,0.000,0.000,0.000,137.930,123.300,163.850,0.000,0.000,0.000,44.800,120.690,109.200,1.081,-0.018,1,1,1
109007,0.000,0.000,0.000,0.000,137.930,123.300,163.850,0.000,0.000,0.000,44.800,120.690,109.200,1.085,-0.045,1,1,1
109107,0.000,0.000,0.000,0.000,137.930,123.300,163.850,0.000,0.000,0.000,44.800,120.690,109.200,1.088,0.025,1,1,1
109307,0.000,0.000,0.000,0.000,137.930,123.300,163.850,0.000,0.000,0.000,44.800,120.690,109.200,1.076,-0.132,1,1,1
109407,0.000,0.000,0.000,0.000,137.930,123.300,163.850,0.000,0.000,0.000,44.800,120.690,109.200,1.077,0.035,1,1,1
109507,0.000,0.000,0.000,0.000,137.930,123.300,163.850,0.000,0.000,0.000,44.800,120.690,109.200,1.079,0.034,1,1,1
109607,0.000,0.000,0.000,0.000,137.930,123.300,163.850,0.000,0.000,0.000,44.800,120.690,109.200,1.078,-0.001,1,1,1
109807,0.000,0.000,0.000,0.000,137.930,123.300,163.850,0.000,0.000,0.000,44.800,120.690,109.200,1.076,-0.027,1,1,1
109907,0.000,0.000,0.000,0.000,137.930,123.300,163.850,0.000,0.000,0.000,44.800,120.690,109.200,1.075,0.017,1,1,1
110007,0.000,0.000,0.000,0.000,137.930,123.300,163.850,0.000,0.000,0.000,44.800,120.690,109.200,1.075,-0.027,1,1,1
110107,0.000,0.000,0.000,0.000,137.930,123.300,163.850,0.000,0.000,0.000,44.800,120.690,109.200,1.079,0.008,1,1,1
110307,0.000,0.000,0.000,0.000,137.930,123.300,163.850,0.000,0.000,0.000,44.800,120.690,109.200,1.097,0.131,1,1,1
110407,0.000,0.000,0.000,0.000,137.930,123.300,163.850,0.000,0.000,0.000,44.800,120.690,109.200,1.098,-0.097,1,1,1
110507,0.000,0.000,0.000,0.000,137.930,123.300,163.850,0.000,0.000,0.000,44.800,120.690,109.200,1.099,-0.071,1,1,1
110607,0.000,0.000,0.000,0.000,137.930,123.300,163.850,0.000,0.000,0.000,44.800,120.690,109.200,1.099,-0.018,1,1,1
110807,0.000,0.000,0.000,0.000,137.930,123.300,163.850,0.000,0.000,0.000,44.800,120.690,109.200,1.102,0.008,1,1,1
110907,0.000,0.000,0.000,0.000,137.930,123.300,163.850,0.000,0.000,0.000,44.800,120.690,109.200,1.104,-0.027,1,1,1
111007,0.000,0.000,0.000,0.000,137.930,123.300,163.850,0.000,0.000,0.000,44.800,120.690,109.200,1.105,0.131,1,1,1
111107,0.000,0.000,0.000,0.000,137.930,123.300,163.850,0.000,0.000,0.000,44.800,120.690,109.200,1.107,0.008,1,1,1
111307,0.000,0.000,0.000,0.000,137.930,123.300,163.850,0.000,0.000,0.000,44.800,120.690,109.200,1.105,-0.045,1,1,1
111407,0.000,0.000,0.000,0.000,137.930,123.300,163.850,0.000,0.000,0.000,44.800,120.690,109.200,1.105,-0.010,1,1,1
111507,0.000,0.000,0.000,0.000,137.930,123.300,163.850,0.000,0.000,0.000,44.800,120.690,109.200,1.105,-0.045,1,1,1
111607,0.000,0.000,0.000,0.000,137.930,123.300,163.850,0.000,0.000,0.000,44.800,120.690,109.200,1.107,-0.053,1,1,1
111807,0.000,0.000,0.000,0.000,137.930,123.300,163.850,0.000,0.000,0.000,44.800,120.690,109.200,1.107,-0.001,1,1,1
111907,0.000,0.000,0.000,0.000,137.930,123.300,163.850,0.000,0.000,0.000,44.800,120.690,109.200,1.109,0.096,1,1,1
112007,0.000,0.000,0.000,0.000,137.930,123.300,163.850,0.000,0.000,0.000,44.800,120.690,109.200,1.112,0.096,1,1,1
112107,0.000,0.000,0.000,0.000,137.930,123.300,163.850,0.000,0.000,0.000,44.800,120.690,109.200,1.113,0.113,1,1,1
112307,0.000,0.000,0.000,0.000,137.930,123.300,163.850,0.000,0.000,0.000,44.800,120.690,109.200,1.113,0.008,1,1,1
112407,0.000,0.000,0.000,0.000,137.930,123.300,163.850,0.000,0.000,0.000,44.800,120.690,109.200,1.115,0.034,1,1,1
112507,0.000,0.000,0.000,0.000,137.930,123.300,163.850,0.000,0.000,0.000,44.800,120.690,109.200,1.118,0.008,1,1,1
112607,0.000,0.000,0.000,0.000,137.930,123.300,163.850,0.000,0.000,0.000,44.800,120.690,109.200,1.120,0.008,1,1,1
